state_id,queue_ns,queue_ew,density_ns_pct,density_ew_pct,max_wait_ns_sec,max_wait_ew_sec,emergency_direction
TRF-00001,40,7,80,14,12,140,none
TRF-00002,8,6,16,12,279,44,none
TRF-00003,2,1,4,2,47,111,none
TRF-00004,38,1,76,2,287,101,none
TRF-00005,34,26,68,52,112,229,none
TRF-00006,0,10,0,20,216,174,none
TRF-00007,13,21,26,42,52,47,none
TRF-00008,22,22,44,44,135,22,none
TRF-00009,34,7,68,14,193,40,none
TRF-00010,40,39,80,78,185,295,none
TRF-00011,4,2,8,4,116,148,EW
TRF-00012,14,6,28,12,194,142,none
TRF-00013,23,10,46,20,189,181,none
TRF-00014,17,4,34,8,87,273,none
TRF-00015,10,29,20,58,194,138,EW
TRF-00016,40,35,80,70,112,166,none
TRF-00017,3,14,6,28,16,161,none
TRF-00018,4,13,8,26,290,161,none
TRF-00019,31,25,62,50,234,73,none
TRF-00020,15,35,30,70,275,134,none
TRF-00021,27,37,54,74,204,185,none
TRF-00022,8,32,16,64,252,46,none
TRF-00023,7,9,14,18,81,216,none
TRF-00024,24,24,48,48,239,270,none
TRF-00025,35,0,70,0,58,274,none
TRF-00026,21,7,42,14,150,222,none
TRF-00027,0,16,0,32,256,91,none
TRF-00028,6,40,12,80,152,259,none
TRF-00029,9,23,18,46,82,276,EW
TRF-00030,33,0,66,0,165,250,none
TRF-00031,23,19,46,38,122,29,none
TRF-00032,36,5,72,10,43,248,none
TRF-00033,34,8,68,16,65,243,NS
TRF-00034,10,16,20,32,270,216,EW
TRF-00035,34,12,68,24,159,204,EW
TRF-00036,23,28,46,56,264,231,none
TRF-00037,14,4,28,8,173,10,none
TRF-00038,14,37,28,74,112,3,none
TRF-00039,40,3,80,6,117,34,NS
TRF-00040,21,4,42,8,263,121,none
TRF-00041,31,13,62,26,276,67,none
TRF-00042,36,36,72,72,242,124,none
TRF-00043,26,12,52,24,48,49,none
TRF-00044,22,27,44,54,210,239,none
TRF-00045,3,6,6,12,31,206,none
TRF-00046,6,15,12,30,98,97,none
TRF-00047,8,27,16,54,93,142,none
TRF-00048,4,28,8,56,281,50,none
TRF-00049,34,0,68,0,47,121,none
TRF-00050,31,30,62,60,109,205,NS
TRF-00051,10,24,20,48,1,199,none
TRF-00052,29,18,58,36,216,284,none
TRF-00053,31,9,62,18,97,151,none
TRF-00054,3,37,6,74,277,31,none
TRF-00055,3,3,6,6,299,244,none
TRF-00056,33,10,66,20,29,260,none
TRF-00057,11,4,22,8,34,120,none
TRF-00058,36,15,72,30,296,20,none
TRF-00059,26,37,52,74,289,267,none
TRF-00060,16,13,32,26,160,122,none
TRF-00061,8,19,16,38,234,161,NS
TRF-00062,4,0,8,0,234,288,EW
TRF-00063,4,34,8,68,109,259,none
TRF-00064,22,4,44,8,125,189,none
TRF-00065,28,34,56,68,154,270,none
TRF-00066,35,19,70,38,53,68,none
TRF-00067,6,35,12,70,79,139,none
TRF-00068,13,21,26,42,104,135,none
TRF-00069,16,3,32,6,47,216,none
TRF-00070,2,0,4,0,170,66,none
TRF-00071,16,10,32,20,226,282,none
TRF-00072,35,0,70,0,57,38,NS
TRF-00073,9,34,18,68,18,189,none
TRF-00074,9,27,18,54,65,21,none
TRF-00075,2,22,4,44,107,127,none
TRF-00076,22,35,44,70,208,79,NS
TRF-00077,15,10,30,20,90,211,none
TRF-00078,21,26,42,52,127,136,none
TRF-00079,6,24,12,48,19,240,none
TRF-00080,29,22,58,44,156,116,none
TRF-00081,12,25,24,50,168,142,none
TRF-00082,17,22,34,44,260,204,none
TRF-00083,34,21,68,42,14,59,none
TRF-00084,16,11,32,22,297,135,none
TRF-00085,38,27,76,54,176,160,none
TRF-00086,32,7,64,14,197,295,none
TRF-00087,2,27,4,54,0,266,NS
TRF-00088,34,12,68,24,186,220,none
TRF-00089,21,39,42,78,160,63,none
TRF-00090,19,32,38,64,158,209,none
TRF-00091,18,35,36,70,65,98,none
TRF-00092,24,11,48,22,291,154,none
TRF-00093,0,19,0,38,146,107,none
TRF-00094,37,38,74,76,164,238,none
TRF-00095,13,32,26,64,242,86,none
TRF-00096,18,32,36,64,171,47,none
TRF-00097,15,19,30,38,115,101,none
TRF-00098,2,15,4,30,243,37,none
TRF-00099,40,36,80,72,99,196,none
TRF-00100,15,9,30,18,2,54,none
TRF-00101,14,11,28,22,265,237,none
TRF-00102,15,7,30,14,233,68,none
TRF-00103,33,35,66,70,162,226,none
TRF-00104,32,27,64,54,280,228,none
TRF-00105,30,28,60,56,132,126,none
TRF-00106,17,33,34,66,248,122,none
TRF-00107,4,18,8,36,120,139,none
TRF-00108,34,5,68,10,70,77,none
TRF-00109,9,13,18,26,32,212,none
TRF-00110,34,29,68,58,212,31,none
TRF-00111,26,24,52,48,299,10,none
TRF-00112,36,24,72,48,244,3,NS
TRF-00113,19,24,38,48,214,275,none
TRF-00114,34,38,68,76,112,249,none
TRF-00115,27,31,54,62,14,199,none
TRF-00116,25,10,50,20,239,65,EW
TRF-00117,34,1,68,2,201,288,none
TRF-00118,5,27,10,54,69,236,none
TRF-00119,16,24,32,48,167,108,none
TRF-00120,21,24,42,48,142,215,none
TRF-00121,5,30,10,60,9,276,none
TRF-00122,22,14,44,28,35,20,none
TRF-00123,15,12,30,24,10,78,none
TRF-00124,30,7,60,14,288,111,none
TRF-00125,16,23,32,46,85,58,none
TRF-00126,10,19,20,38,55,296,none
TRF-00127,19,36,38,72,192,203,NS
TRF-00128,12,4,24,8,124,52,none
TRF-00129,19,38,38,76,61,289,none
TRF-00130,22,34,44,68,219,189,none
TRF-00131,21,0,42,0,215,250,none
TRF-00132,23,40,46,80,235,78,none
TRF-00133,33,17,66,34,275,247,none
TRF-00134,37,17,74,34,165,125,none
TRF-00135,5,17,10,34,230,124,none
TRF-00136,36,39,72,78,194,172,none
TRF-00137,20,11,40,22,249,108,none
TRF-00138,16,21,32,42,143,141,none
TRF-00139,33,12,66,24,43,123,none
TRF-00140,31,35,62,70,123,243,none
TRF-00141,31,28,62,56,8,47,none
TRF-00142,25,15,50,30,156,297,none
TRF-00143,35,33,70,66,176,217,EW
TRF-00144,35,21,70,42,180,232,none
TRF-00145,16,14,32,28,61,98,none
TRF-00146,34,11,68,22,98,110,none
TRF-00147,17,37,34,74,268,144,EW
TRF-00148,12,18,24,36,116,184,none
TRF-00149,0,34,0,68,64,140,none
TRF-00150,3,35,6,70,149,64,none
TRF-00151,31,6,62,12,6,293,none
TRF-00152,30,28,60,56,174,94,EW
TRF-00153,16,30,32,60,58,33,none
TRF-00154,4,36,8,72,27,77,none
TRF-00155,36,19,72,38,43,127,none
TRF-00156,26,38,52,76,115,267,none
TRF-00157,28,19,56,38,219,156,none
TRF-00158,3,39,6,78,50,106,none
TRF-00159,16,5,32,10,80,122,none
TRF-00160,4,10,8,20,1,209,none
TRF-00161,38,30,76,60,149,16,none
TRF-00162,18,29,36,58,36,119,NS
TRF-00163,40,37,80,74,101,217,none
TRF-00164,14,9,28,18,136,72,none
TRF-00165,10,19,20,38,291,147,none
TRF-00166,29,19,58,38,206,139,none
TRF-00167,31,28,62,56,41,20,none
TRF-00168,20,38,40,76,128,13,none
TRF-00169,36,37,72,74,10,137,none
TRF-00170,11,30,22,60,265,226,NS
TRF-00171,11,37,22,74,223,251,EW
TRF-00172,30,22,60,44,209,170,none
TRF-00173,6,10,12,20,168,210,none
TRF-00174,18,25,36,50,281,18,none
TRF-00175,20,16,40,32,165,59,EW
TRF-00176,25,32,50,64,0,277,none
TRF-00177,3,12,6,24,265,185,none
TRF-00178,31,40,62,80,226,26,none
TRF-00179,35,8,70,16,147,224,none
TRF-00180,31,7,62,14,14,122,none
TRF-00181,19,35,38,70,7,282,none
TRF-00182,14,7,28,14,236,60,none
TRF-00183,9,31,18,62,149,260,none
TRF-00184,26,30,52,60,241,124,none
TRF-00185,9,24,18,48,97,260,none
TRF-00186,8,4,16,8,141,212,none
TRF-00187,32,17,64,34,1,144,none
TRF-00188,37,37,74,74,250,76,none
TRF-00189,30,22,60,44,170,282,none
TRF-00190,24,29,48,58,164,96,EW
TRF-00191,15,36,30,72,196,119,none
TRF-00192,26,2,52,4,162,242,none
TRF-00193,24,24,48,48,77,253,EW
TRF-00194,8,32,16,64,169,51,none
TRF-00195,28,6,56,12,269,233,none
TRF-00196,9,26,18,52,79,38,none
TRF-00197,16,21,32,42,203,41,none
TRF-00198,34,24,68,48,162,249,none
TRF-00199,2,39,4,78,35,120,none
TRF-00200,18,14,36,28,46,222,EW
TRF-00201,40,6,80,12,227,85,none
TRF-00202,1,2,2,4,166,28,none
TRF-00203,23,27,46,54,74,125,none
TRF-00204,36,11,72,22,87,89,none
TRF-00205,24,39,48,78,123,254,NS
TRF-00206,9,14,18,28,236,130,none
TRF-00207,0,29,0,58,147,279,none
TRF-00208,28,22,56,44,300,153,none
TRF-00209,27,16,54,32,233,154,none
TRF-00210,24,30,48,60,54,121,none
TRF-00211,22,36,44,72,151,151,none
TRF-00212,25,17,50,34,4,289,none
TRF-00213,3,38,6,76,254,146,none
TRF-00214,14,38,28,76,180,112,none
TRF-00215,39,16,78,32,70,49,NS
TRF-00216,2,19,4,38,225,17,none
TRF-00217,8,5,16,10,151,167,none
TRF-00218,11,12,22,24,67,276,none
TRF-00219,23,33,46,66,256,139,none
TRF-00220,16,30,32,60,151,173,none
TRF-00221,29,4,58,8,72,115,none
TRF-00222,25,35,50,70,187,46,none
TRF-00223,0,16,0,32,274,63,none
TRF-00224,16,37,32,74,195,190,none
TRF-00225,14,30,28,60,12,287,none
TRF-00226,39,14,78,28,32,237,NS
TRF-00227,19,26,38,52,59,71,none
TRF-00228,2,19,4,38,252,59,none
TRF-00229,34,8,68,16,198,232,none
TRF-00230,34,26,68,52,300,79,none
TRF-00231,6,31,12,62,208,143,none
TRF-00232,23,13,46,26,227,227,EW
TRF-00233,23,6,46,12,188,278,NS
TRF-00234,22,3,44,6,203,141,none
TRF-00235,7,29,14,58,46,108,none
TRF-00236,38,1,76,2,25,170,none
TRF-00237,8,36,16,72,105,35,none
TRF-00238,35,13,70,26,300,110,none
TRF-00239,14,21,28,42,75,1,none
TRF-00240,9,8,18,16,276,128,none
TRF-00241,7,1,14,2,67,7,none
TRF-00242,15,37,30,74,165,8,none
TRF-00243,3,8,6,16,215,269,none
TRF-00244,4,30,8,60,229,185,none
TRF-00245,6,28,12,56,257,113,NS
TRF-00246,2,33,4,66,154,234,none
TRF-00247,1,3,2,6,245,205,none
TRF-00248,6,31,12,62,227,37,none
TRF-00249,20,38,40,76,75,33,none
TRF-00250,39,40,78,80,299,280,none
TRF-00251,24,38,48,76,271,150,none
TRF-00252,38,27,76,54,50,58,none
TRF-00253,35,13,70,26,220,231,none
TRF-00254,26,21,52,42,232,204,none
TRF-00255,6,20,12,40,218,160,none
TRF-00256,23,9,46,18,242,34,none
TRF-00257,5,5,10,10,221,49,none
TRF-00258,23,8,46,16,284,30,none
TRF-00259,35,35,70,70,168,62,none
TRF-00260,27,3,54,6,147,159,none
TRF-00261,36,32,72,64,108,79,none
TRF-00262,14,6,28,12,179,284,none
TRF-00263,17,36,34,72,115,219,none
TRF-00264,39,39,78,78,285,13,none
TRF-00265,17,1,34,2,92,139,none
TRF-00266,19,21,38,42,179,3,none
TRF-00267,9,36,18,72,205,35,none
TRF-00268,40,1,80,2,46,271,none
TRF-00269,26,29,52,58,174,80,none
TRF-00270,20,36,40,72,43,26,none
TRF-00271,39,3,78,6,41,139,none
TRF-00272,27,31,54,62,226,212,none
TRF-00273,32,7,64,14,176,220,none
TRF-00274,37,31,74,62,269,157,none
TRF-00275,25,38,50,76,28,3,none
TRF-00276,13,8,26,16,130,148,none
TRF-00277,0,31,0,62,220,89,none
TRF-00278,34,14,68,28,256,286,none
TRF-00279,22,4,44,8,203,21,none
TRF-00280,29,4,58,8,160,294,none
TRF-00281,25,40,50,80,213,148,none
TRF-00282,1,20,2,40,87,235,none
TRF-00283,23,5,46,10,223,54,none
TRF-00284,37,25,74,50,268,40,none
TRF-00285,19,21,38,42,113,170,none
TRF-00286,4,32,8,64,58,271,none
TRF-00287,22,22,44,44,75,120,none
TRF-00288,16,12,32,24,88,78,none
TRF-00289,4,11,8,22,252,237,none
TRF-00290,37,28,74,56,289,165,none
TRF-00291,40,20,80,40,77,225,none
TRF-00292,28,40,56,80,155,140,none
TRF-00293,22,32,44,64,37,158,none
TRF-00294,2,3,4,6,188,146,none
TRF-00295,5,39,10,78,259,196,none
TRF-00296,35,2,70,4,230,292,none
TRF-00297,20,38,40,76,243,256,none
TRF-00298,3,28,6,56,52,175,EW
TRF-00299,5,32,10,64,88,20,none
TRF-00300,28,28,56,56,268,267,none
TRF-00301,23,23,46,46,144,198,none
TRF-00302,21,38,42,76,26,171,none
TRF-00303,6,35,12,70,197,145,none
TRF-00304,38,9,76,18,170,41,none
TRF-00305,9,22,18,44,158,200,none
TRF-00306,5,19,10,38,286,192,none
TRF-00307,21,8,42,16,269,47,none
TRF-00308,27,32,54,64,185,9,none
TRF-00309,11,13,22,26,174,248,none
TRF-00310,8,9,16,18,39,151,none
TRF-00311,6,32,12,64,276,269,none
TRF-00312,21,39,42,78,67,192,none
TRF-00313,11,39,22,78,84,224,none
TRF-00314,23,15,46,30,227,145,none
TRF-00315,28,14,56,28,273,122,none
TRF-00316,30,12,60,24,188,292,EW
TRF-00317,29,18,58,36,195,257,none
TRF-00318,10,12,20,24,70,128,none
TRF-00319,30,23,60,46,283,52,none
TRF-00320,33,7,66,14,145,42,none
TRF-00321,17,28,34,56,262,75,none
TRF-00322,5,14,10,28,230,178,NS
TRF-00323,26,3,52,6,202,257,none
TRF-00324,24,5,48,10,191,114,none
TRF-00325,6,21,12,42,74,70,none
TRF-00326,30,8,60,16,240,229,none
TRF-00327,5,1,10,2,131,110,none
TRF-00328,35,38,70,76,270,216,none
TRF-00329,18,15,36,30,154,62,none
TRF-00330,26,40,52,80,234,32,none
TRF-00331,31,38,62,76,274,8,none
TRF-00332,36,15,72,30,73,149,none
TRF-00333,39,22,78,44,123,292,none
TRF-00334,5,33,10,66,184,34,EW
TRF-00335,34,32,68,64,259,283,none
TRF-00336,30,2,60,4,198,191,none
TRF-00337,1,22,2,44,34,176,none
TRF-00338,40,6,80,12,297,170,none
TRF-00339,22,34,44,68,173,89,none
TRF-00340,29,30,58,60,93,69,none
TRF-00341,29,2,58,4,150,103,none
TRF-00342,12,2,24,4,161,158,none
TRF-00343,34,30,68,60,129,18,none
TRF-00344,12,18,24,36,182,24,none
TRF-00345,21,17,42,34,63,188,none
TRF-00346,25,28,50,56,197,173,EW
TRF-00347,31,31,62,62,188,265,none
TRF-00348,5,27,10,54,40,220,none
TRF-00349,11,34,22,68,150,164,none
TRF-00350,20,18,40,36,156,228,none
TRF-00351,27,10,54,20,227,179,none
TRF-00352,22,39,44,78,222,140,none
TRF-00353,3,4,6,8,207,186,none
TRF-00354,10,1,20,2,73,224,none
TRF-00355,4,15,8,30,187,185,none
TRF-00356,36,2,72,4,78,230,NS
TRF-00357,23,28,46,56,39,293,none
TRF-00358,23,25,46,50,160,142,none
TRF-00359,7,1,14,2,95,255,none
TRF-00360,35,7,70,14,134,133,none
TRF-00361,13,39,26,78,146,251,none
TRF-00362,8,4,16,8,231,88,none
TRF-00363,28,5,56,10,163,177,none
TRF-00364,35,34,70,68,148,153,none
TRF-00365,40,11,80,22,185,260,none
TRF-00366,12,8,24,16,121,252,none
TRF-00367,35,36,70,72,188,239,none
TRF-00368,35,8,70,16,44,33,none
TRF-00369,30,33,60,66,210,209,none
TRF-00370,4,8,8,16,162,37,none
TRF-00371,33,22,66,44,65,282,none
TRF-00372,11,8,22,16,221,257,NS
TRF-00373,3,7,6,14,265,78,none
TRF-00374,10,20,20,40,115,177,NS
TRF-00375,33,18,66,36,40,128,none
TRF-00376,35,17,70,34,64,155,none
TRF-00377,5,32,10,64,86,297,none
TRF-00378,39,38,78,76,172,288,none
TRF-00379,1,5,2,10,23,295,none
TRF-00380,13,36,26,72,213,15,none
TRF-00381,40,34,80,68,148,154,none
TRF-00382,25,19,50,38,232,37,none
TRF-00383,10,28,20,56,212,247,none
TRF-00384,21,38,42,76,73,160,none
TRF-00385,20,22,40,44,204,66,none
TRF-00386,32,35,64,70,54,163,none
TRF-00387,7,17,14,34,230,126,none
TRF-00388,3,18,6,36,196,214,none
TRF-00389,10,20,20,40,295,160,none
TRF-00390,10,31,20,62,263,239,none
TRF-00391,19,31,38,62,11,46,NS
TRF-00392,32,29,64,58,123,110,none
TRF-00393,3,3,6,6,144,253,none
TRF-00394,30,18,60,36,274,4,none
TRF-00395,27,8,54,16,135,187,none
TRF-00396,23,2,46,4,205,26,none
TRF-00397,12,23,24,46,283,147,none
TRF-00398,32,28,64,56,281,143,none
TRF-00399,39,39,78,78,60,65,EW
TRF-00400,25,23,50,46,173,285,NS
TRF-00401,9,12,18,24,260,205,none
TRF-00402,2,2,4,4,70,170,none
TRF-00403,33,29,66,58,76,263,none
TRF-00404,39,20,78,40,83,201,EW
TRF-00405,19,37,38,74,172,259,none
TRF-00406,34,31,68,62,288,153,none
TRF-00407,1,23,2,46,169,56,EW
TRF-00408,37,19,74,38,13,242,none
TRF-00409,37,36,74,72,116,26,none
TRF-00410,10,33,20,66,194,75,none
TRF-00411,15,2,30,4,293,56,none
TRF-00412,28,20,56,40,214,77,none
TRF-00413,13,26,26,52,256,241,none
TRF-00414,3,8,6,16,265,106,none
TRF-00415,30,33,60,66,192,160,EW
TRF-00416,29,34,58,68,175,279,none
TRF-00417,16,39,32,78,247,98,EW
TRF-00418,17,35,34,70,152,115,NS
TRF-00419,19,18,38,36,106,250,none
TRF-00420,22,35,44,70,140,147,none
TRF-00421,34,24,68,48,202,176,EW
TRF-00422,9,18,18,36,21,147,EW
TRF-00423,5,22,10,44,226,131,none
TRF-00424,13,12,26,24,275,138,NS
TRF-00425,17,8,34,16,55,300,none
TRF-00426,3,33,6,66,115,119,none
TRF-00427,26,21,52,42,241,51,none
TRF-00428,8,0,16,0,281,80,none
TRF-00429,30,30,60,60,102,147,none
TRF-00430,3,5,6,10,293,118,none
TRF-00431,2,11,4,22,213,90,NS
TRF-00432,2,25,4,50,253,95,NS
TRF-00433,18,2,36,4,4,152,none
TRF-00434,6,21,12,42,145,232,EW
TRF-00435,34,33,68,66,252,68,none
TRF-00436,29,17,58,34,98,57,none
TRF-00437,29,16,58,32,95,7,none
TRF-00438,18,36,36,72,98,89,none
TRF-00439,40,25,80,50,218,263,none
TRF-00440,25,6,50,12,94,71,none
TRF-00441,15,0,30,0,133,196,none
TRF-00442,17,21,34,42,154,298,none
TRF-00443,0,16,0,32,184,120,none
TRF-00444,7,29,14,58,157,81,none
TRF-00445,32,19,64,38,60,151,none
TRF-00446,14,14,28,28,68,244,none
TRF-00447,38,23,76,46,212,281,NS
TRF-00448,34,13,68,26,126,41,none
TRF-00449,33,23,66,46,39,288,none
TRF-00450,35,32,70,64,103,293,none
TRF-00451,10,20,20,40,266,226,none
TRF-00452,13,37,26,74,250,46,none
TRF-00453,28,3,56,6,232,67,none
TRF-00454,29,36,58,72,29,286,none
TRF-00455,19,1,38,2,202,130,none
TRF-00456,13,37,26,74,37,23,none
TRF-00457,4,34,8,68,30,35,EW
TRF-00458,30,2,60,4,146,209,none
TRF-00459,8,26,16,52,191,195,none
TRF-00460,24,24,48,48,41,276,none
TRF-00461,22,7,44,14,91,275,none
TRF-00462,8,14,16,28,1,11,EW
TRF-00463,29,34,58,68,217,272,none
TRF-00464,14,15,28,30,235,177,none
TRF-00465,12,7,24,14,16,214,none
TRF-00466,1,15,2,30,105,34,none
TRF-00467,2,28,4,56,24,125,none
TRF-00468,25,28,50,56,119,276,none
TRF-00469,3,8,6,16,257,148,none
TRF-00470,36,20,72,40,295,164,none
TRF-00471,9,33,18,66,113,211,none
TRF-00472,3,35,6,70,89,218,none
TRF-00473,3,22,6,44,195,268,none
TRF-00474,26,26,52,52,76,153,none
TRF-00475,34,30,68,60,123,115,none
TRF-00476,9,29,18,58,29,287,none
TRF-00477,26,35,52,70,271,68,none
TRF-00478,16,13,32,26,169,40,NS
TRF-00479,23,5,46,10,274,97,none
TRF-00480,24,38,48,76,20,37,none
TRF-00481,37,35,74,70,111,245,none
TRF-00482,21,19,42,38,7,108,NS
TRF-00483,7,30,14,60,124,104,none
TRF-00484,15,35,30,70,164,144,none
TRF-00485,34,22,68,44,157,133,none
TRF-00486,31,29,62,58,50,240,none
TRF-00487,20,13,40,26,189,160,none
TRF-00488,36,14,72,28,74,8,none
TRF-00489,37,37,74,74,213,151,none
TRF-00490,21,14,42,28,194,291,none
TRF-00491,31,35,62,70,172,131,none
TRF-00492,31,31,62,62,235,86,none
TRF-00493,22,10,44,20,71,279,none
TRF-00494,34,3,68,6,268,17,none
TRF-00495,4,3,8,6,3,211,none
TRF-00496,40,14,80,28,34,77,none
TRF-00497,32,29,64,58,191,30,none
TRF-00498,39,30,78,60,249,8,none
TRF-00499,35,26,70,52,6,8,none
TRF-00500,17,34,34,68,146,8,none
TRF-00501,27,11,54,22,54,49,none
TRF-00502,15,12,30,24,269,129,none
TRF-00503,17,25,34,50,40,191,EW
TRF-00504,29,36,58,72,124,115,none
TRF-00505,5,2,10,4,47,207,none
TRF-00506,35,30,70,60,28,4,none
TRF-00507,5,31,10,62,222,169,none
TRF-00508,6,33,12,66,21,117,none
TRF-00509,36,30,72,60,138,23,NS
TRF-00510,17,34,34,68,288,16,none
TRF-00511,20,1,40,2,106,300,none
TRF-00512,25,4,50,8,153,83,none
TRF-00513,36,24,72,48,276,169,none
TRF-00514,8,5,16,10,256,177,none
TRF-00515,27,14,54,28,38,174,none
TRF-00516,39,38,78,76,203,167,none
TRF-00517,17,28,34,56,251,116,none
TRF-00518,24,27,48,54,95,299,none
TRF-00519,5,39,10,78,151,126,none
TRF-00520,5,17,10,34,78,194,none
TRF-00521,40,9,80,18,199,162,none
TRF-00522,5,0,10,0,157,227,none
TRF-00523,17,6,34,12,67,44,none
TRF-00524,28,35,56,70,284,262,none
TRF-00525,1,5,2,10,181,283,none
TRF-00526,38,20,76,40,197,6,none
TRF-00527,24,5,48,10,286,124,none
TRF-00528,10,24,20,48,86,71,none
TRF-00529,17,31,34,62,74,32,none
TRF-00530,17,26,34,52,153,247,none
TRF-00531,23,16,46,32,126,253,none
TRF-00532,12,29,24,58,54,69,none
TRF-00533,25,21,50,42,194,168,none
TRF-00534,27,38,54,76,69,153,none
TRF-00535,12,30,24,60,160,90,EW
TRF-00536,20,18,40,36,251,294,none
TRF-00537,20,24,40,48,143,201,none
TRF-00538,36,12,72,24,279,92,none
TRF-00539,35,1,70,2,236,107,none
TRF-00540,18,4,36,8,209,255,none
TRF-00541,19,15,38,30,129,78,none
TRF-00542,24,4,48,8,229,245,none
TRF-00543,34,32,68,64,214,278,none
TRF-00544,23,34,46,68,43,55,none
TRF-00545,22,10,44,20,22,288,EW
TRF-00546,25,21,50,42,220,54,none
TRF-00547,16,14,32,28,261,265,none
TRF-00548,36,14,72,28,228,191,none
TRF-00549,37,32,74,64,77,176,EW
TRF-00550,30,6,60,12,151,212,NS
TRF-00551,5,7,10,14,72,178,none
TRF-00552,29,13,58,26,266,247,none
TRF-00553,6,28,12,56,231,163,none
TRF-00554,2,7,4,14,11,175,none
TRF-00555,10,15,20,30,264,89,none
TRF-00556,21,35,42,70,218,236,none
TRF-00557,25,40,50,80,94,95,none
TRF-00558,27,25,54,50,14,101,none
TRF-00559,27,24,54,48,2,109,none
TRF-00560,4,36,8,72,52,274,none
TRF-00561,20,12,40,24,234,58,none
TRF-00562,31,33,62,66,160,198,none
TRF-00563,37,7,74,14,178,180,none
TRF-00564,39,11,78,22,152,43,none
TRF-00565,20,7,40,14,122,156,none
TRF-00566,23,9,46,18,261,198,none
TRF-00567,8,36,16,72,196,216,none
TRF-00568,40,34,80,68,88,284,none
TRF-00569,18,8,36,16,95,161,none
TRF-00570,39,3,78,6,183,4,none
TRF-00571,12,24,24,48,287,258,none
TRF-00572,26,31,52,62,212,227,none
TRF-00573,5,36,10,72,15,112,none
TRF-00574,17,14,34,28,275,147,none
TRF-00575,29,36,58,72,253,281,none
TRF-00576,36,7,72,14,137,278,none
TRF-00577,23,34,46,68,21,225,none
TRF-00578,27,6,54,12,126,152,none
TRF-00579,2,28,4,56,134,178,none
TRF-00580,5,28,10,56,60,121,none
TRF-00581,37,22,74,44,219,84,none
TRF-00582,13,13,26,26,30,291,none
TRF-00583,17,38,34,76,275,86,none
TRF-00584,18,18,36,36,293,136,EW
TRF-00585,32,6,64,12,69,210,NS
TRF-00586,17,8,34,16,67,127,none
TRF-00587,20,15,40,30,201,250,none
TRF-00588,40,17,80,34,212,192,none
TRF-00589,40,5,80,10,206,263,none
TRF-00590,23,29,46,58,249,167,none
TRF-00591,5,29,10,58,183,32,none
TRF-00592,25,13,50,26,219,108,none
TRF-00593,20,18,40,36,172,280,none
TRF-00594,36,31,72,62,175,24,none
TRF-00595,40,29,80,58,8,63,NS
TRF-00596,10,28,20,56,233,0,EW
TRF-00597,27,12,54,24,67,154,none
TRF-00598,17,5,34,10,184,128,none
TRF-00599,10,3,20,6,202,156,none
TRF-00600,14,27,28,54,46,48,none
TRF-00601,30,4,60,8,67,115,none
TRF-00602,28,0,56,0,4,175,none
TRF-00603,27,8,54,16,244,36,none
TRF-00604,5,6,10,12,52,160,none
TRF-00605,19,8,38,16,195,68,none
TRF-00606,9,4,18,8,271,288,none
TRF-00607,10,28,20,56,179,109,none
TRF-00608,9,26,18,52,226,111,none
TRF-00609,6,8,12,16,63,196,none
TRF-00610,27,20,54,40,71,126,none
TRF-00611,5,15,10,30,283,145,none
TRF-00612,1,19,2,38,105,265,none
TRF-00613,12,25,24,50,151,27,none
TRF-00614,15,31,30,62,197,57,none
TRF-00615,40,38,80,76,36,270,none
TRF-00616,0,23,0,46,162,67,none
TRF-00617,36,26,72,52,187,279,none
TRF-00618,30,4,60,8,8,300,none
TRF-00619,16,13,32,26,20,30,NS
TRF-00620,25,32,50,64,146,256,none
TRF-00621,27,25,54,50,42,274,none
TRF-00622,9,17,18,34,42,158,none
TRF-00623,13,9,26,18,274,167,none
TRF-00624,40,4,80,8,158,223,none
TRF-00625,15,3,30,6,125,44,NS
TRF-00626,7,29,14,58,28,158,none
TRF-00627,11,7,22,14,6,70,none
TRF-00628,10,31,20,62,177,267,none
TRF-00629,16,10,32,20,190,64,none
TRF-00630,17,7,34,14,15,171,none
TRF-00631,17,33,34,66,32,134,none
TRF-00632,36,40,72,80,39,254,none
TRF-00633,23,3,46,6,255,290,none
TRF-00634,10,16,20,32,52,293,none
TRF-00635,7,14,14,28,260,1,none
TRF-00636,0,15,0,30,23,241,none
TRF-00637,9,11,18,22,18,283,none
TRF-00638,26,14,52,28,164,127,none
TRF-00639,20,17,40,34,39,292,none
TRF-00640,32,3,64,6,91,114,none
TRF-00641,2,25,4,50,35,238,none
TRF-00642,19,20,38,40,44,283,none
TRF-00643,23,12,46,24,149,288,none
TRF-00644,39,15,78,30,237,188,none
TRF-00645,31,12,62,24,279,125,none
TRF-00646,26,1,52,2,119,277,none
TRF-00647,0,21,0,42,0,192,none
TRF-00648,19,6,38,12,105,271,EW
TRF-00649,26,31,52,62,30,72,none
TRF-00650,5,2,10,4,118,266,none
TRF-00651,23,29,46,58,43,297,none
TRF-00652,8,40,16,80,201,38,none
TRF-00653,3,27,6,54,66,121,none
TRF-00654,20,25,40,50,167,162,none
TRF-00655,14,4,28,8,103,69,none
TRF-00656,37,6,74,12,79,54,none
TRF-00657,29,20,58,40,208,61,none
TRF-00658,13,28,26,56,157,237,none
TRF-00659,7,5,14,10,80,155,none
TRF-00660,38,2,76,4,110,167,none
TRF-00661,15,22,30,44,202,262,none
TRF-00662,19,16,38,32,89,15,EW
TRF-00663,28,35,56,70,281,127,none
TRF-00664,6,8,12,16,62,6,none
TRF-00665,14,8,28,16,101,205,none
TRF-00666,40,5,80,10,298,300,none
TRF-00667,4,1,8,2,33,101,NS
TRF-00668,28,8,56,16,47,169,none
TRF-00669,29,3,58,6,86,293,none
TRF-00670,25,31,50,62,15,195,none
TRF-00671,11,22,22,44,109,95,none
TRF-00672,28,9,56,18,17,125,none
TRF-00673,31,26,62,52,281,245,none
TRF-00674,17,24,34,48,70,214,none
TRF-00675,33,15,66,30,278,9,EW
TRF-00676,22,30,44,60,278,248,none
TRF-00677,36,32,72,64,164,198,none
TRF-00678,1,20,2,40,112,15,none
TRF-00679,17,3,34,6,241,271,none
TRF-00680,37,14,74,28,81,51,none
TRF-00681,15,17,30,34,273,28,none
TRF-00682,14,36,28,72,198,181,NS
TRF-00683,11,11,22,22,121,162,none
TRF-00684,22,37,44,74,14,180,NS
TRF-00685,36,9,72,18,288,96,none
TRF-00686,31,34,62,68,158,89,none
TRF-00687,5,3,10,6,119,112,none
TRF-00688,30,0,60,0,169,103,none
TRF-00689,21,11,42,22,165,30,none
TRF-00690,37,9,74,18,56,269,none
TRF-00691,4,23,8,46,202,300,none
TRF-00692,19,20,38,40,69,80,none
TRF-00693,27,40,54,80,249,162,none
TRF-00694,35,39,70,78,182,114,none
TRF-00695,11,24,22,48,157,150,none
TRF-00696,0,36,0,72,200,290,none
TRF-00697,38,20,76,40,113,289,none
TRF-00698,31,9,62,18,169,39,none
TRF-00699,20,10,40,20,45,171,none
TRF-00700,16,13,32,26,127,34,none
TRF-00701,6,0,12,0,24,197,none
TRF-00702,26,10,52,20,211,252,none
TRF-00703,22,34,44,68,192,51,none
TRF-00704,36,14,72,28,83,231,none
TRF-00705,2,18,4,36,10,163,none
TRF-00706,6,4,12,8,175,87,none
TRF-00707,10,4,20,8,280,47,none
TRF-00708,39,30,78,60,15,220,NS
TRF-00709,10,38,20,76,222,80,none
TRF-00710,21,13,42,26,97,209,none
TRF-00711,34,16,68,32,144,152,none
TRF-00712,3,25,6,50,292,281,none
TRF-00713,9,3,18,6,184,1,none
TRF-00714,18,40,36,80,245,102,none
TRF-00715,13,10,26,20,149,41,none
TRF-00716,7,19,14,38,203,241,none
TRF-00717,16,5,32,10,278,198,none
TRF-00718,24,23,48,46,95,228,none
TRF-00719,28,29,56,58,134,115,none
TRF-00720,36,3,72,6,77,49,none
TRF-00721,22,34,44,68,211,116,none
TRF-00722,24,33,48,66,214,274,none
TRF-00723,30,36,60,72,120,243,none
TRF-00724,25,2,50,4,257,292,NS
TRF-00725,36,39,72,78,75,61,NS
TRF-00726,28,11,56,22,85,108,none
TRF-00727,8,2,16,4,216,40,EW
TRF-00728,27,12,54,24,75,132,none
TRF-00729,4,5,8,10,198,284,none
TRF-00730,20,17,40,34,266,234,NS
TRF-00731,0,39,0,78,300,267,none
TRF-00732,7,26,14,52,76,75,none
TRF-00733,37,6,74,12,54,288,none
TRF-00734,18,34,36,68,176,210,none
TRF-00735,31,36,62,72,242,19,none
TRF-00736,25,9,50,18,205,19,none
TRF-00737,21,15,42,30,25,243,NS
TRF-00738,23,1,46,2,172,155,none
TRF-00739,31,6,62,12,116,68,none
TRF-00740,28,20,56,40,137,213,none
TRF-00741,5,12,10,24,226,108,NS
TRF-00742,26,31,52,62,264,191,none
TRF-00743,32,10,64,20,33,159,none
TRF-00744,25,8,50,16,268,291,none
TRF-00745,12,12,24,24,29,127,none
TRF-00746,3,23,6,46,101,140,none
TRF-00747,29,32,58,64,203,63,none
TRF-00748,15,23,30,46,250,228,none
TRF-00749,30,37,60,74,282,179,none
TRF-00750,16,5,32,10,145,14,none
TRF-00751,10,36,20,72,109,113,none
TRF-00752,13,17,26,34,209,262,none
TRF-00753,0,30,0,60,67,88,none
TRF-00754,0,14,0,28,129,156,none
TRF-00755,17,27,34,54,192,178,none
TRF-00756,13,29,26,58,154,266,none
TRF-00757,25,37,50,74,52,3,none
TRF-00758,23,35,46,70,144,152,none
TRF-00759,30,4,60,8,172,141,none
TRF-00760,17,16,34,32,152,96,none
TRF-00761,15,3,30,6,206,163,none
TRF-00762,1,31,2,62,151,132,NS
TRF-00763,25,24,50,48,18,298,none
TRF-00764,36,12,72,24,175,113,none
TRF-00765,40,30,80,60,183,259,none
TRF-00766,10,35,20,70,92,150,none
TRF-00767,8,16,16,32,286,93,NS
TRF-00768,21,5,42,10,113,181,none
TRF-00769,19,26,38,52,169,190,none
TRF-00770,18,29,36,58,60,240,none
TRF-00771,40,37,80,74,297,36,none
TRF-00772,12,32,24,64,61,195,none
TRF-00773,26,3,52,6,77,70,EW
TRF-00774,21,26,42,52,291,234,none
TRF-00775,11,5,22,10,249,170,none
TRF-00776,11,20,22,40,29,2,none
TRF-00777,13,10,26,20,295,81,none
TRF-00778,5,8,10,16,222,219,none
TRF-00779,30,24,60,48,2,19,none
TRF-00780,23,0,46,0,164,271,none
TRF-00781,0,40,0,80,127,115,none
TRF-00782,22,19,44,38,66,52,none
TRF-00783,37,19,74,38,85,33,none
TRF-00784,19,18,38,36,233,266,none
TRF-00785,21,27,42,54,68,175,EW
TRF-00786,31,22,62,44,96,84,NS
TRF-00787,25,1,50,2,116,114,none
TRF-00788,8,13,16,26,11,258,none
TRF-00789,23,2,46,4,192,130,none
TRF-00790,39,3,78,6,24,55,none
TRF-00791,1,3,2,6,59,213,none
TRF-00792,7,35,14,70,129,242,none
TRF-00793,13,40,26,80,4,154,none
TRF-00794,6,33,12,66,138,70,none
TRF-00795,6,32,12,64,60,144,none
TRF-00796,6,31,12,62,101,102,none
TRF-00797,33,12,66,24,183,209,none
TRF-00798,2,35,4,70,254,106,none
TRF-00799,30,21,60,42,120,1,none
TRF-00800,5,7,10,14,293,252,none
TRF-00801,5,32,10,64,38,51,NS
TRF-00802,14,29,28,58,151,135,none
TRF-00803,6,11,12,22,20,148,none
TRF-00804,20,27,40,54,59,48,none
TRF-00805,2,0,4,0,70,87,none
TRF-00806,28,39,56,78,137,47,none
TRF-00807,21,11,42,22,58,205,none
TRF-00808,29,17,58,34,197,244,none
TRF-00809,10,7,20,14,67,30,EW
TRF-00810,10,6,20,12,213,247,none
TRF-00811,28,11,56,22,194,183,none
TRF-00812,8,30,16,60,249,57,none
TRF-00813,28,2,56,4,32,133,none
TRF-00814,0,33,0,66,295,289,none
TRF-00815,21,33,42,66,267,48,none
TRF-00816,15,30,30,60,177,197,none
TRF-00817,35,39,70,78,27,5,none
TRF-00818,10,32,20,64,240,253,none
TRF-00819,4,31,8,62,164,123,none
TRF-00820,17,3,34,6,259,114,none
TRF-00821,24,25,48,50,120,40,none
TRF-00822,36,28,72,56,45,255,none
TRF-00823,7,31,14,62,9,52,none
TRF-00824,2,35,4,70,281,0,none
TRF-00825,38,39,76,78,155,260,none
TRF-00826,29,21,58,42,186,27,none
TRF-00827,29,21,58,42,286,242,none
TRF-00828,23,28,46,56,58,49,none
TRF-00829,14,0,28,0,174,181,none
TRF-00830,18,35,36,70,267,191,none
TRF-00831,2,10,4,20,252,71,none
TRF-00832,26,6,52,12,130,100,none
TRF-00833,25,13,50,26,234,97,none
TRF-00834,6,26,12,52,23,63,none
TRF-00835,28,29,56,58,258,68,EW
TRF-00836,0,33,0,66,24,283,NS
TRF-00837,37,30,74,60,260,90,none
TRF-00838,11,8,22,16,53,198,none
TRF-00839,38,20,76,40,258,196,none
TRF-00840,38,15,76,30,140,203,EW
TRF-00841,18,28,36,56,68,70,none
TRF-00842,32,19,64,38,280,160,none
TRF-00843,35,40,70,80,111,102,none
TRF-00844,18,22,36,44,67,91,none
TRF-00845,40,20,80,40,59,180,none
TRF-00846,37,36,74,72,213,273,none
TRF-00847,27,0,54,0,267,54,none
TRF-00848,9,3,18,6,28,102,none
TRF-00849,10,18,20,36,128,74,none
TRF-00850,18,13,36,26,277,16,none
TRF-00851,28,6,56,12,287,114,none
TRF-00852,35,24,70,48,121,261,none
TRF-00853,18,3,36,6,195,198,none
TRF-00854,20,35,40,70,27,6,none
TRF-00855,12,39,24,78,226,115,NS
TRF-00856,23,37,46,74,279,100,none
TRF-00857,12,18,24,36,229,90,EW
TRF-00858,4,11,8,22,88,263,none
TRF-00859,2,27,4,54,142,284,none
TRF-00860,10,37,20,74,130,2,none
TRF-00861,9,2,18,4,78,165,none
TRF-00862,40,39,80,78,154,251,none
TRF-00863,35,22,70,44,37,162,none
TRF-00864,11,33,22,66,34,258,none
TRF-00865,34,34,68,68,206,47,none
TRF-00866,13,21,26,42,169,184,none
TRF-00867,39,33,78,66,243,287,none
TRF-00868,0,7,0,14,177,228,none
TRF-00869,39,39,78,78,124,20,none
TRF-00870,20,24,40,48,58,197,none
TRF-00871,18,1,36,2,264,191,none
TRF-00872,32,28,64,56,249,22,none
TRF-00873,12,20,24,40,263,42,NS
TRF-00874,10,34,20,68,273,3,none
TRF-00875,13,40,26,80,109,217,none
TRF-00876,13,34,26,68,222,36,none
TRF-00877,9,1,18,2,235,169,none
TRF-00878,4,3,8,6,91,128,none
TRF-00879,36,14,72,28,132,208,none
TRF-00880,40,25,80,50,221,161,none
TRF-00881,7,34,14,68,3,32,none
TRF-00882,37,2,74,4,37,183,NS
TRF-00883,6,18,12,36,154,44,none
TRF-00884,28,24,56,48,202,15,none
TRF-00885,34,14,68,28,69,200,none
TRF-00886,34,18,68,36,73,152,none
TRF-00887,23,0,46,0,283,284,none
TRF-00888,2,0,4,0,293,201,none
TRF-00889,5,19,10,38,107,176,none
TRF-00890,32,9,64,18,82,94,none
TRF-00891,16,12,32,24,58,92,none
TRF-00892,36,3,72,6,281,236,none
TRF-00893,4,18,8,36,34,128,none
TRF-00894,37,31,74,62,169,182,none
TRF-00895,15,6,30,12,145,35,NS
TRF-00896,20,31,40,62,230,168,none
TRF-00897,19,37,38,74,78,289,none
TRF-00898,20,27,40,54,86,2,none
TRF-00899,14,27,28,54,141,184,none
TRF-00900,21,30,42,60,236,228,none
TRF-00901,19,31,38,62,282,55,none
TRF-00902,38,5,76,10,143,71,none
TRF-00903,12,16,24,32,39,38,none
TRF-00904,32,40,64,80,15,297,none
TRF-00905,37,13,74,26,18,282,none
TRF-00906,34,30,68,60,76,187,none
TRF-00907,37,18,74,36,68,237,none
TRF-00908,5,25,10,50,186,257,none
TRF-00909,15,39,30,78,84,263,none
TRF-00910,10,11,20,22,289,289,none
TRF-00911,9,30,18,60,183,20,none
TRF-00912,31,14,62,28,32,135,none
TRF-00913,2,13,4,26,265,184,none
TRF-00914,29,2,58,4,20,165,none
TRF-00915,33,40,66,80,140,134,none
TRF-00916,36,11,72,22,192,193,none
TRF-00917,4,33,8,66,128,192,EW
TRF-00918,14,33,28,66,207,180,none
TRF-00919,22,31,44,62,246,3,none
TRF-00920,8,28,16,56,84,117,none
TRF-00921,17,13,34,26,76,95,none
TRF-00922,38,7,76,14,117,212,none
TRF-00923,7,30,14,60,245,245,none
TRF-00924,10,26,20,52,11,124,none
TRF-00925,36,37,72,74,82,68,none
TRF-00926,2,36,4,72,75,28,none
TRF-00927,11,33,22,66,207,288,none
TRF-00928,18,5,36,10,110,229,none
TRF-00929,30,30,60,60,87,112,none
TRF-00930,38,9,76,18,298,93,none
TRF-00931,32,16,64,32,85,175,NS
TRF-00932,38,37,76,74,35,117,none
TRF-00933,8,6,16,12,8,103,none
TRF-00934,32,26,64,52,76,49,none
TRF-00935,39,38,78,76,19,272,none
TRF-00936,7,5,14,10,246,66,NS
TRF-00937,34,0,68,0,220,267,none
TRF-00938,2,33,4,66,219,117,NS
TRF-00939,30,24,60,48,179,294,none
TRF-00940,8,16,16,32,244,119,NS
TRF-00941,5,18,10,36,278,209,none
TRF-00942,0,0,0,0,295,267,none
TRF-00943,0,24,0,48,105,161,none
TRF-00944,6,9,12,18,218,299,none
TRF-00945,34,27,68,54,289,187,none
TRF-00946,25,13,50,26,211,282,none
TRF-00947,30,11,60,22,189,286,none
TRF-00948,16,19,32,38,295,176,none
TRF-00949,25,8,50,16,60,117,none
TRF-00950,10,6,20,12,109,260,none
TRF-00951,21,35,42,70,26,82,none
TRF-00952,40,0,80,0,46,74,none
TRF-00953,38,27,76,54,45,32,none
TRF-00954,23,5,46,10,19,196,NS
TRF-00955,25,39,50,78,266,146,none
TRF-00956,38,3,76,6,89,253,none
TRF-00957,12,33,24,66,146,99,none
TRF-00958,38,32,76,64,264,118,none
TRF-00959,2,23,4,46,122,0,EW
TRF-00960,5,17,10,34,204,180,none
TRF-00961,25,37,50,74,102,265,none
TRF-00962,4,5,8,10,281,145,none
TRF-00963,35,37,70,74,178,177,EW
TRF-00964,17,14,34,28,99,232,NS
TRF-00965,36,0,72,0,133,89,none
TRF-00966,6,35,12,70,37,257,none
TRF-00967,7,32,14,64,131,275,none
TRF-00968,36,16,72,32,226,193,none
TRF-00969,15,21,30,42,234,235,none
TRF-00970,1,30,2,60,59,132,none
TRF-00971,40,14,80,28,117,161,none
TRF-00972,22,33,44,66,274,4,none
TRF-00973,16,15,32,30,147,47,none
TRF-00974,21,4,42,8,283,91,none
TRF-00975,22,13,44,26,293,137,none
TRF-00976,12,31,24,62,102,120,none
TRF-00977,16,13,32,26,117,103,none
TRF-00978,39,22,78,44,79,54,none
TRF-00979,5,31,10,62,3,277,EW
TRF-00980,30,23,60,46,161,252,none
TRF-00981,36,17,72,34,251,93,EW
TRF-00982,32,17,64,34,203,113,none
TRF-00983,8,3,16,6,269,216,none
TRF-00984,34,2,68,4,257,177,none
TRF-00985,11,29,22,58,61,265,none
TRF-00986,0,0,0,0,107,194,none
TRF-00987,20,23,40,46,132,95,none
TRF-00988,15,17,30,34,241,175,none
TRF-00989,31,27,62,54,107,214,none
TRF-00990,23,23,46,46,205,143,none
TRF-00991,36,8,72,16,294,117,none
TRF-00992,17,15,34,30,284,221,none
TRF-00993,12,9,24,18,76,242,none
TRF-00994,11,26,22,52,255,68,EW
TRF-00995,40,33,80,66,273,161,none
TRF-00996,19,16,38,32,287,290,none
TRF-00997,6,10,12,20,30,110,none
TRF-00998,30,40,60,80,49,230,none
TRF-00999,16,23,32,46,184,286,none
TRF-01000,16,22,32,44,10,210,none
TRF-01001,38,12,76,24,295,294,none
TRF-01002,34,11,68,22,145,181,none
TRF-01003,32,31,64,62,228,40,none
TRF-01004,18,29,36,58,74,85,none
TRF-01005,21,26,42,52,292,207,none
TRF-01006,4,5,8,10,82,175,none
TRF-01007,20,18,40,36,136,202,none
TRF-01008,28,23,56,46,300,266,EW
TRF-01009,26,10,52,20,94,11,none
TRF-01010,15,16,30,32,40,107,none
TRF-01011,6,6,12,12,32,242,none
TRF-01012,1,25,2,50,268,42,none
TRF-01013,39,9,78,18,43,199,none
TRF-01014,15,18,30,36,226,64,none
TRF-01015,10,1,20,2,17,182,none
TRF-01016,20,30,40,60,239,276,NS
TRF-01017,35,28,70,56,69,276,none
TRF-01018,38,29,76,58,288,222,none
TRF-01019,40,34,80,68,158,177,none
TRF-01020,14,5,28,10,226,157,none
TRF-01021,16,9,32,18,155,5,none
TRF-01022,8,22,16,44,146,240,none
TRF-01023,31,30,62,60,153,4,none
TRF-01024,18,38,36,76,118,3,none
TRF-01025,12,26,24,52,287,223,none
TRF-01026,10,24,20,48,193,112,none
TRF-01027,27,40,54,80,122,264,none
TRF-01028,39,17,78,34,145,272,none
TRF-01029,26,12,52,24,35,93,none
TRF-01030,7,40,14,80,233,231,none
TRF-01031,39,31,78,62,96,164,none
TRF-01032,3,34,6,68,11,95,EW
TRF-01033,18,17,36,34,64,224,none
TRF-01034,14,5,28,10,77,7,none
TRF-01035,21,26,42,52,159,255,EW
TRF-01036,29,2,58,4,169,41,none
TRF-01037,9,3,18,6,136,200,none
TRF-01038,30,11,60,22,98,128,none
TRF-01039,0,7,0,14,127,197,none
TRF-01040,28,15,56,30,17,101,none
TRF-01041,6,33,12,66,106,242,none
TRF-01042,19,20,38,40,81,21,none
TRF-01043,35,33,70,66,62,129,none
TRF-01044,19,12,38,24,184,26,none
TRF-01045,13,7,26,14,120,222,none
TRF-01046,10,17,20,34,299,61,none
TRF-01047,15,0,30,0,21,297,none
TRF-01048,30,38,60,76,79,190,none
TRF-01049,15,10,30,20,255,46,none
TRF-01050,21,40,42,80,30,30,none
TRF-01051,9,34,18,68,54,64,none
TRF-01052,20,35,40,70,177,224,none
TRF-01053,1,24,2,48,183,68,none
TRF-01054,2,31,4,62,224,286,none
TRF-01055,31,12,62,24,290,95,none
TRF-01056,20,29,40,58,140,283,none
TRF-01057,33,9,66,18,230,151,none
TRF-01058,34,23,68,46,232,0,none
TRF-01059,32,24,64,48,94,9,none
TRF-01060,23,39,46,78,122,164,none
TRF-01061,34,24,68,48,97,268,none
TRF-01062,35,9,70,18,144,165,none
TRF-01063,20,7,40,14,49,267,none
TRF-01064,2,8,4,16,91,16,none
TRF-01065,31,12,62,24,50,16,none
TRF-01066,24,31,48,62,269,131,none
TRF-01067,14,38,28,76,36,6,NS
TRF-01068,13,31,26,62,40,239,none
TRF-01069,3,23,6,46,285,212,none
TRF-01070,3,39,6,78,136,270,none
TRF-01071,4,19,8,38,39,110,EW
TRF-01072,6,6,12,12,118,272,none
TRF-01073,12,33,24,66,127,291,none
TRF-01074,11,35,22,70,285,212,none
TRF-01075,40,36,80,72,183,234,none
TRF-01076,27,6,54,12,85,92,none
TRF-01077,32,21,64,42,80,273,EW
TRF-01078,28,22,56,44,161,281,EW
TRF-01079,20,23,40,46,211,220,none
TRF-01080,20,38,40,76,123,288,none
TRF-01081,24,35,48,70,130,184,EW
TRF-01082,28,25,56,50,0,17,EW
TRF-01083,38,1,76,2,265,69,EW
TRF-01084,19,0,38,0,153,113,none
TRF-01085,20,1,40,2,141,283,none
TRF-01086,36,36,72,72,79,48,none
TRF-01087,22,9,44,18,70,135,none
TRF-01088,37,15,74,30,119,131,none
TRF-01089,5,36,10,72,204,291,NS
TRF-01090,4,20,8,40,247,88,none
TRF-01091,36,6,72,12,153,19,none
TRF-01092,36,24,72,48,40,28,NS
TRF-01093,21,22,42,44,222,213,NS
TRF-01094,7,14,14,28,5,195,none
TRF-01095,33,2,66,4,163,276,none
TRF-01096,20,32,40,64,113,78,none
TRF-01097,25,28,50,56,294,258,none
TRF-01098,27,18,54,36,201,75,none
TRF-01099,5,30,10,60,292,25,none
TRF-01100,16,5,32,10,204,256,none
TRF-01101,8,8,16,16,246,286,none
TRF-01102,25,36,50,72,100,287,none
TRF-01103,33,15,66,30,124,36,none
TRF-01104,27,20,54,40,294,45,none
TRF-01105,26,27,52,54,187,178,none
TRF-01106,22,38,44,76,12,156,none
TRF-01107,22,39,44,78,226,74,none
TRF-01108,14,12,28,24,191,79,none
TRF-01109,5,7,10,14,27,124,NS
TRF-01110,9,18,18,36,7,175,none
TRF-01111,7,19,14,38,230,241,none
TRF-01112,13,34,26,68,108,104,none
TRF-01113,16,35,32,70,247,72,none
TRF-01114,1,24,2,48,298,269,none
TRF-01115,10,3,20,6,145,102,none
TRF-01116,39,17,78,34,27,238,none
TRF-01117,0,4,0,8,198,138,none
TRF-01118,23,6,46,12,9,149,none
TRF-01119,24,14,48,28,194,260,EW
TRF-01120,6,20,12,40,248,272,none
TRF-01121,12,32,24,64,234,287,NS
TRF-01122,1,2,2,4,126,271,none
TRF-01123,31,25,62,50,80,9,none
TRF-01124,22,22,44,44,154,120,EW
TRF-01125,32,17,64,34,31,131,none
TRF-01126,1,35,2,70,143,115,none
TRF-01127,25,8,50,16,44,195,none
TRF-01128,39,40,78,80,116,213,none
TRF-01129,9,27,18,54,159,168,none
TRF-01130,8,13,16,26,70,297,none
TRF-01131,12,8,24,16,158,268,NS
TRF-01132,27,9,54,18,289,80,none
TRF-01133,35,34,70,68,60,94,none
TRF-01134,9,1,18,2,163,211,EW
TRF-01135,19,28,38,56,140,77,none
TRF-01136,6,8,12,16,94,13,none
TRF-01137,39,39,78,78,136,290,none
TRF-01138,38,14,76,28,118,13,none
TRF-01139,30,8,60,16,257,240,none
TRF-01140,23,11,46,22,198,251,none
TRF-01141,10,12,20,24,115,16,none
TRF-01142,0,17,0,34,211,113,none
TRF-01143,12,13,24,26,33,90,NS
TRF-01144,28,39,56,78,250,166,none
TRF-01145,15,27,30,54,207,21,none
TRF-01146,24,20,48,40,201,292,none
TRF-01147,33,2,66,4,266,55,none
TRF-01148,2,15,4,30,265,275,none
TRF-01149,2,35,4,70,198,264,none
TRF-01150,3,12,6,24,149,225,none
TRF-01151,19,18,38,36,236,85,none
TRF-01152,39,3,78,6,264,72,none
TRF-01153,28,5,56,10,256,57,none
TRF-01154,37,34,74,68,69,201,none
TRF-01155,28,1,56,2,91,232,none
TRF-01156,12,29,24,58,46,128,none
TRF-01157,10,7,20,14,46,58,none
TRF-01158,40,23,80,46,43,268,none
TRF-01159,32,39,64,78,81,193,none
TRF-01160,2,10,4,20,171,289,none
TRF-01161,9,10,18,20,74,91,none
TRF-01162,3,26,6,52,157,158,none
TRF-01163,28,18,56,36,92,60,none
TRF-01164,12,0,24,0,129,6,none
TRF-01165,31,34,62,68,2,252,none
TRF-01166,37,30,74,60,232,209,none
TRF-01167,38,38,76,76,3,125,none
TRF-01168,17,39,34,78,285,106,none
TRF-01169,9,3,18,6,178,18,none
TRF-01170,2,36,4,72,152,169,NS
TRF-01171,3,6,6,12,213,91,none
TRF-01172,18,39,36,78,293,287,none
TRF-01173,29,37,58,74,184,18,none
TRF-01174,19,20,38,40,188,194,none
TRF-01175,27,35,54,70,33,149,none
TRF-01176,7,17,14,34,168,269,none
TRF-01177,13,13,26,26,29,55,none
TRF-01178,40,33,80,66,44,247,none
TRF-01179,38,18,76,36,218,162,none
TRF-01180,36,39,72,78,181,66,none
TRF-01181,31,33,62,66,254,252,none
TRF-01182,39,14,78,28,148,99,none
TRF-01183,1,29,2,58,60,106,none
TRF-01184,26,26,52,52,23,170,none
TRF-01185,40,13,80,26,5,103,none
TRF-01186,16,4,32,8,157,153,none
TRF-01187,20,0,40,0,58,170,none
TRF-01188,36,39,72,78,14,89,none
TRF-01189,21,30,42,60,242,18,none
TRF-01190,30,9,60,18,235,274,none
TRF-01191,29,26,58,52,28,266,none
TRF-01192,20,35,40,70,274,9,none
TRF-01193,21,22,42,44,33,76,none
TRF-01194,1,21,2,42,192,273,none
TRF-01195,36,38,72,76,199,95,none
TRF-01196,19,20,38,40,16,139,none
TRF-01197,31,15,62,30,190,231,none
TRF-01198,19,13,38,26,268,154,none
TRF-01199,23,2,46,4,103,47,none
TRF-01200,1,30,2,60,256,78,none
TRF-01201,30,33,60,66,158,167,none
TRF-01202,6,33,12,66,67,105,none
TRF-01203,29,24,58,48,267,59,none
TRF-01204,2,38,4,76,44,170,none
TRF-01205,2,6,4,12,266,159,none
TRF-01206,19,40,38,80,107,164,none
TRF-01207,18,17,36,34,272,163,none
TRF-01208,7,17,14,34,76,80,none
TRF-01209,0,39,0,78,286,263,none
TRF-01210,34,22,68,44,281,163,none
TRF-01211,18,36,36,72,125,87,none
TRF-01212,39,21,78,42,276,227,none
TRF-01213,1,30,2,60,25,54,none
TRF-01214,5,27,10,54,200,91,none
TRF-01215,37,40,74,80,228,182,none
TRF-01216,12,34,24,68,40,238,none
TRF-01217,5,29,10,58,49,233,none
TRF-01218,29,30,58,60,118,114,none
TRF-01219,39,16,78,32,186,200,none
TRF-01220,21,20,42,40,232,249,none
TRF-01221,30,7,60,14,179,245,none
TRF-01222,10,18,20,36,178,294,none
TRF-01223,6,25,12,50,54,166,none
TRF-01224,4,19,8,38,272,236,none
TRF-01225,26,15,52,30,124,280,none
TRF-01226,30,24,60,48,33,174,none
TRF-01227,37,27,74,54,222,290,none
TRF-01228,34,15,68,30,88,39,none
TRF-01229,36,31,72,62,58,237,none
TRF-01230,6,28,12,56,90,157,EW
TRF-01231,4,38,8,76,55,194,none
TRF-01232,3,5,6,10,111,71,none
TRF-01233,40,0,80,0,75,76,none
TRF-01234,18,24,36,48,295,228,none
TRF-01235,20,19,40,38,291,155,NS
TRF-01236,27,22,54,44,45,298,none
TRF-01237,32,25,64,50,65,150,none
TRF-01238,35,3,70,6,0,286,none
TRF-01239,22,7,44,14,144,15,none
TRF-01240,37,25,74,50,162,195,none
TRF-01241,27,34,54,68,108,88,none
TRF-01242,12,35,24,70,196,184,none
TRF-01243,9,18,18,36,64,68,none
TRF-01244,1,9,2,18,249,223,EW
TRF-01245,8,5,16,10,70,212,none
TRF-01246,38,27,76,54,92,232,none
TRF-01247,35,28,70,56,196,181,none
TRF-01248,27,38,54,76,3,295,none
TRF-01249,15,32,30,64,137,210,NS
TRF-01250,36,23,72,46,17,19,none
TRF-01251,23,7,46,14,297,246,EW
TRF-01252,5,9,10,18,269,143,none
TRF-01253,5,33,10,66,45,125,none
TRF-01254,4,40,8,80,276,296,none
TRF-01255,3,21,6,42,273,5,none
TRF-01256,32,30,64,60,293,169,none
TRF-01257,18,18,36,36,85,18,none
TRF-01258,38,19,76,38,288,133,none
TRF-01259,30,37,60,74,86,293,none
TRF-01260,18,39,36,78,13,146,none
TRF-01261,8,32,16,64,39,142,none
TRF-01262,39,17,78,34,140,131,none
TRF-01263,7,38,14,76,89,77,none
TRF-01264,23,11,46,22,133,120,none
TRF-01265,33,2,66,4,175,43,EW
TRF-01266,38,9,76,18,253,211,none
TRF-01267,15,28,30,56,85,107,none
TRF-01268,22,3,44,6,135,59,none
TRF-01269,29,25,58,50,243,154,none
TRF-01270,34,14,68,28,194,199,none
TRF-01271,9,33,18,66,222,6,none
TRF-01272,28,24,56,48,161,271,none
TRF-01273,2,6,4,12,272,181,EW
TRF-01274,27,39,54,78,139,171,none
TRF-01275,6,16,12,32,299,200,none
TRF-01276,15,37,30,74,99,266,none
TRF-01277,11,20,22,40,280,5,none
TRF-01278,4,0,8,0,210,50,none
TRF-01279,28,22,56,44,112,145,none
TRF-01280,2,1,4,2,47,29,NS
TRF-01281,13,38,26,76,62,61,none
TRF-01282,38,8,76,16,192,289,none
TRF-01283,11,7,22,14,94,129,none
TRF-01284,4,40,8,80,232,141,none
TRF-01285,20,16,40,32,82,37,none
TRF-01286,3,24,6,48,198,170,EW
TRF-01287,16,16,32,32,91,225,none
TRF-01288,12,39,24,78,201,91,none
TRF-01289,6,9,12,18,276,220,none
TRF-01290,6,28,12,56,132,52,none
TRF-01291,4,36,8,72,128,228,none
TRF-01292,31,9,62,18,0,19,none
TRF-01293,17,9,34,18,168,200,none
TRF-01294,32,31,64,62,244,223,none
TRF-01295,4,34,8,68,115,1,none
TRF-01296,30,7,60,14,290,274,NS
TRF-01297,22,21,44,42,155,205,none
TRF-01298,5,23,10,46,273,174,none
TRF-01299,29,18,58,36,103,90,none
TRF-01300,24,12,48,24,153,199,none
TRF-01301,40,22,80,44,249,43,none
TRF-01302,28,12,56,24,71,18,none
TRF-01303,37,15,74,30,250,199,none
TRF-01304,34,19,68,38,255,273,EW
TRF-01305,28,1,56,2,18,173,none
TRF-01306,2,25,4,50,60,108,none
TRF-01307,33,29,66,58,274,76,none
TRF-01308,14,4,28,8,18,72,none
TRF-01309,1,30,2,60,23,124,none
TRF-01310,8,0,16,0,88,25,NS
TRF-01311,6,29,12,58,87,32,none
TRF-01312,6,7,12,14,254,112,none
TRF-01313,12,27,24,54,172,205,none
TRF-01314,36,34,72,68,70,164,none
TRF-01315,13,2,26,4,88,171,none
TRF-01316,17,9,34,18,212,86,none
TRF-01317,35,10,70,20,224,124,NS
TRF-01318,2,8,4,16,51,192,none
TRF-01319,1,31,2,62,41,3,none
TRF-01320,5,37,10,74,145,213,none
TRF-01321,30,8,60,16,105,73,none
TRF-01322,33,28,66,56,210,122,NS
TRF-01323,39,2,78,4,92,255,none
TRF-01324,5,40,10,80,154,178,none
TRF-01325,35,15,70,30,98,60,EW
TRF-01326,6,39,12,78,185,276,none
TRF-01327,29,40,58,80,106,141,none
TRF-01328,7,9,14,18,242,254,none
TRF-01329,2,3,4,6,186,145,none
TRF-01330,16,21,32,42,232,22,none
TRF-01331,3,34,6,68,90,80,none
TRF-01332,31,32,62,64,59,36,none
TRF-01333,28,37,56,74,296,166,none
TRF-01334,20,14,40,28,56,166,none
TRF-01335,15,26,30,52,102,192,none
TRF-01336,4,30,8,60,299,248,none
TRF-01337,27,9,54,18,110,232,none
TRF-01338,23,8,46,16,234,99,none
TRF-01339,17,12,34,24,171,65,none
TRF-01340,36,3,72,6,143,69,none
TRF-01341,29,29,58,58,214,87,none
TRF-01342,14,18,28,36,80,87,none
TRF-01343,35,14,70,28,44,210,none
TRF-01344,31,13,62,26,242,236,none
TRF-01345,27,15,54,30,126,167,none
TRF-01346,14,37,28,74,76,293,none
TRF-01347,26,2,52,4,20,240,none
TRF-01348,32,2,64,4,217,271,none
TRF-01349,6,28,12,56,253,123,none
TRF-01350,0,26,0,52,111,67,none
TRF-01351,15,5,30,10,8,245,none
TRF-01352,10,29,20,58,292,298,none
TRF-01353,29,29,58,58,70,207,none
TRF-01354,23,40,46,80,237,0,none
TRF-01355,4,24,8,48,170,271,none
TRF-01356,27,17,54,34,277,294,none
TRF-01357,5,39,10,78,171,28,none
TRF-01358,23,3,46,6,56,196,none
TRF-01359,39,2,78,4,187,187,none
TRF-01360,35,4,70,8,287,104,none
TRF-01361,21,15,42,30,276,58,none
TRF-01362,37,13,74,26,115,164,none
TRF-01363,17,32,34,64,216,141,none
TRF-01364,23,22,46,44,231,248,none
TRF-01365,7,30,14,60,272,272,none
TRF-01366,28,39,56,78,188,33,none
TRF-01367,29,5,58,10,41,200,none
TRF-01368,18,4,36,8,55,84,none
TRF-01369,9,31,18,62,77,104,none
TRF-01370,40,1,80,2,150,213,EW
TRF-01371,34,8,68,16,242,177,none
TRF-01372,1,18,2,36,96,32,none
TRF-01373,14,33,28,66,171,210,none
TRF-01374,20,31,40,62,271,280,none
TRF-01375,19,36,38,72,67,156,none
TRF-01376,16,14,32,28,247,190,EW
TRF-01377,3,9,6,18,180,145,none
TRF-01378,10,39,20,78,82,274,none
TRF-01379,11,9,22,18,82,121,none
TRF-01380,20,36,40,72,64,225,none
TRF-01381,11,13,22,26,287,17,none
TRF-01382,22,9,44,18,190,229,none
TRF-01383,10,34,20,68,154,62,NS
TRF-01384,25,31,50,62,74,234,NS
TRF-01385,9,0,18,0,279,259,none
TRF-01386,18,30,36,60,148,293,none
TRF-01387,36,28,72,56,173,57,none
TRF-01388,2,8,4,16,282,59,none
TRF-01389,25,39,50,78,112,228,none
TRF-01390,20,3,40,6,99,298,none
TRF-01391,17,12,34,24,11,42,none
TRF-01392,28,5,56,10,262,201,none
TRF-01393,20,38,40,76,261,28,NS
TRF-01394,23,25,46,50,75,218,none
TRF-01395,23,0,46,0,145,176,none
TRF-01396,28,35,56,70,44,110,none
TRF-01397,28,26,56,52,226,147,none
TRF-01398,27,26,54,52,71,300,none
TRF-01399,9,13,18,26,155,243,EW
TRF-01400,33,21,66,42,33,192,none
TRF-01401,26,40,52,80,139,212,none
TRF-01402,29,36,58,72,70,102,none
TRF-01403,24,18,48,36,283,251,none
TRF-01404,19,37,38,74,155,252,none
TRF-01405,29,14,58,28,13,1,none
TRF-01406,19,40,38,80,241,63,none
TRF-01407,18,26,36,52,91,251,NS
TRF-01408,15,1,30,2,61,141,none
TRF-01409,4,38,8,76,185,297,none
TRF-01410,27,16,54,32,243,61,none
TRF-01411,36,1,72,2,132,83,none
TRF-01412,9,20,18,40,236,69,none
TRF-01413,3,17,6,34,184,214,none
TRF-01414,22,3,44,6,148,149,none
TRF-01415,4,32,8,64,99,93,none
TRF-01416,38,10,76,20,278,165,none
TRF-01417,19,17,38,34,185,49,none
TRF-01418,22,9,44,18,6,70,none
TRF-01419,23,31,46,62,210,174,NS
TRF-01420,10,6,20,12,111,79,none
TRF-01421,12,35,24,70,269,272,none
TRF-01422,7,26,14,52,235,39,none
TRF-01423,8,1,16,2,245,178,none
TRF-01424,23,8,46,16,226,267,none
TRF-01425,21,11,42,22,155,14,none
TRF-01426,7,14,14,28,65,72,none
TRF-01427,19,8,38,16,107,66,EW
TRF-01428,27,7,54,14,39,9,none
TRF-01429,27,2,54,4,100,55,none
TRF-01430,32,37,64,74,30,240,none
TRF-01431,16,2,32,4,33,154,none
TRF-01432,6,7,12,14,105,300,NS
TRF-01433,11,22,22,44,14,46,none
TRF-01434,17,37,34,74,178,180,none
TRF-01435,32,39,64,78,123,258,none
TRF-01436,6,37,12,74,7,270,none
TRF-01437,12,18,24,36,87,275,none
TRF-01438,6,13,12,26,258,243,none
TRF-01439,37,11,74,22,225,54,none
TRF-01440,22,24,44,48,217,109,none
TRF-01441,26,7,52,14,160,63,none
TRF-01442,33,8,66,16,253,184,none
TRF-01443,35,2,70,4,42,167,none
TRF-01444,24,18,48,36,233,159,none
TRF-01445,28,14,56,28,283,208,none
TRF-01446,27,12,54,24,35,243,NS
TRF-01447,23,11,46,22,6,251,none
TRF-01448,25,28,50,56,267,43,none
TRF-01449,25,25,50,50,52,86,none
TRF-01450,12,21,24,42,102,206,none
TRF-01451,27,31,54,62,142,297,none
TRF-01452,25,22,50,44,243,207,EW
TRF-01453,32,17,64,34,75,232,none
TRF-01454,16,31,32,62,254,118,none
TRF-01455,8,1,16,2,50,27,none
TRF-01456,31,1,62,2,91,195,none
TRF-01457,20,9,40,18,155,49,none
TRF-01458,33,31,66,62,238,103,none
TRF-01459,31,31,62,62,258,133,none
TRF-01460,34,34,68,68,9,16,EW
TRF-01461,7,24,14,48,230,161,none
TRF-01462,28,29,56,58,18,16,none
TRF-01463,19,10,38,20,251,220,none
TRF-01464,24,31,48,62,56,291,none
TRF-01465,35,34,70,68,292,240,none
TRF-01466,10,32,20,64,28,200,none
TRF-01467,37,24,74,48,180,145,none
TRF-01468,1,37,2,74,23,65,none
TRF-01469,22,37,44,74,13,174,none
TRF-01470,27,22,54,44,182,210,none
TRF-01471,15,15,30,30,120,159,none
TRF-01472,4,19,8,38,58,172,none
TRF-01473,34,20,68,40,19,235,none
TRF-01474,27,36,54,72,263,215,none
TRF-01475,30,37,60,74,11,162,none
TRF-01476,24,20,48,40,293,50,none
TRF-01477,6,13,12,26,172,254,none
TRF-01478,21,10,42,20,153,186,EW
TRF-01479,12,31,24,62,38,274,none
TRF-01480,16,3,32,6,152,293,none
TRF-01481,14,39,28,78,47,296,none
TRF-01482,21,17,42,34,34,290,none
TRF-01483,30,27,60,54,107,177,none
TRF-01484,19,32,38,64,153,221,none
TRF-01485,20,12,40,24,212,205,none
TRF-01486,32,29,64,58,280,92,none
TRF-01487,40,33,80,66,95,295,none
TRF-01488,29,17,58,34,272,222,NS
TRF-01489,40,3,80,6,267,102,none
TRF-01490,9,15,18,30,77,153,none
TRF-01491,26,20,52,40,32,104,none
TRF-01492,17,18,34,36,82,131,none
TRF-01493,15,25,30,50,122,58,none
TRF-01494,1,15,2,30,158,237,none
TRF-01495,27,27,54,54,18,103,none
TRF-01496,8,1,16,2,132,142,none
TRF-01497,11,2,22,4,248,10,none
TRF-01498,5,20,10,40,152,32,NS
TRF-01499,26,23,52,46,46,203,NS
TRF-01500,8,15,16,30,57,292,none
TRF-01501,7,33,14,66,297,268,none
TRF-01502,5,15,10,30,62,160,none
TRF-01503,37,24,74,48,120,216,none
TRF-01504,6,11,12,22,109,140,none
TRF-01505,16,37,32,74,28,251,none
TRF-01506,7,20,14,40,279,216,none
TRF-01507,15,17,30,34,74,185,none
TRF-01508,23,19,46,38,10,17,none
TRF-01509,3,15,6,30,129,282,none
TRF-01510,40,23,80,46,62,273,none
TRF-01511,28,24,56,48,4,201,NS
TRF-01512,16,19,32,38,46,120,none
TRF-01513,10,28,20,56,162,208,none
TRF-01514,17,5,34,10,251,241,none
TRF-01515,21,27,42,54,51,82,none
TRF-01516,32,4,64,8,180,215,none
TRF-01517,35,20,70,40,232,14,none
TRF-01518,11,40,22,80,227,69,none
TRF-01519,12,40,24,80,156,160,none
TRF-01520,7,10,14,20,127,264,none
TRF-01521,8,38,16,76,210,163,none
TRF-01522,8,16,16,32,88,167,none
TRF-01523,12,5,24,10,212,188,none
TRF-01524,24,36,48,72,114,10,NS
TRF-01525,35,39,70,78,117,45,EW
TRF-01526,12,16,24,32,86,25,none
TRF-01527,27,38,54,76,133,76,none
TRF-01528,23,10,46,20,290,60,none
TRF-01529,33,27,66,54,232,253,none
TRF-01530,13,12,26,24,136,147,none
TRF-01531,24,8,48,16,220,105,none
TRF-01532,18,12,36,24,214,92,none
TRF-01533,9,1,18,2,148,134,none
TRF-01534,28,15,56,30,189,298,none
TRF-01535,29,5,58,10,5,240,none
TRF-01536,20,25,40,50,108,196,none
TRF-01537,38,16,76,32,37,48,none
TRF-01538,3,21,6,42,120,241,NS
TRF-01539,38,38,76,76,23,2,none
TRF-01540,39,24,78,48,154,202,none
TRF-01541,8,35,16,70,21,297,none
TRF-01542,10,32,20,64,252,173,none
TRF-01543,8,5,16,10,162,271,none
TRF-01544,16,7,32,14,160,22,EW
TRF-01545,31,17,62,34,184,220,none
TRF-01546,16,39,32,78,135,264,none
TRF-01547,10,20,20,40,251,77,none
TRF-01548,40,28,80,56,27,96,none
TRF-01549,14,11,28,22,18,240,none
TRF-01550,29,27,58,54,59,253,none
TRF-01551,22,35,44,70,248,234,none
TRF-01552,9,7,18,14,178,47,none
TRF-01553,18,11,36,22,86,260,none
TRF-01554,36,37,72,74,108,298,EW
TRF-01555,0,33,0,66,292,92,none
TRF-01556,4,15,8,30,255,48,none
TRF-01557,1,18,2,36,62,201,none
TRF-01558,6,20,12,40,78,14,none
TRF-01559,30,29,60,58,137,2,none
TRF-01560,2,39,4,78,231,166,NS
TRF-01561,36,8,72,16,108,24,none
TRF-01562,18,20,36,40,28,36,none
TRF-01563,38,24,76,48,47,204,none
TRF-01564,15,25,30,50,45,10,none
TRF-01565,10,24,20,48,206,145,none
TRF-01566,9,7,18,14,152,251,none
TRF-01567,19,38,38,76,67,183,none
TRF-01568,23,32,46,64,102,250,none
TRF-01569,24,30,48,60,137,288,none
TRF-01570,5,27,10,54,188,95,none
TRF-01571,27,5,54,10,20,262,none
TRF-01572,29,14,58,28,79,253,none
TRF-01573,33,5,66,10,148,239,none
TRF-01574,30,19,60,38,76,65,none
TRF-01575,19,15,38,30,267,218,none
TRF-01576,3,35,6,70,39,23,none
TRF-01577,32,27,64,54,211,48,none
TRF-01578,36,16,72,32,181,130,none
TRF-01579,32,1,64,2,58,236,none
TRF-01580,11,25,22,50,23,42,none
TRF-01581,19,20,38,40,300,232,none
TRF-01582,28,39,56,78,135,174,EW
TRF-01583,11,13,22,26,94,40,none
TRF-01584,38,16,76,32,54,222,none
TRF-01585,0,25,0,50,59,6,none
TRF-01586,30,29,60,58,207,249,none
TRF-01587,39,23,78,46,202,154,none
TRF-01588,8,0,16,0,97,57,none
TRF-01589,12,1,24,2,107,246,none
TRF-01590,15,27,30,54,275,97,none
TRF-01591,29,9,58,18,242,216,none
TRF-01592,10,9,20,18,227,248,none
TRF-01593,28,37,56,74,124,103,none
TRF-01594,25,3,50,6,170,4,none
TRF-01595,27,26,54,52,253,296,none
TRF-01596,35,18,70,36,18,249,none
TRF-01597,32,37,64,74,249,118,none
TRF-01598,33,1,66,2,216,295,none
TRF-01599,4,17,8,34,213,242,none
TRF-01600,39,22,78,44,229,223,none
TRF-01601,18,12,36,24,240,176,none
TRF-01602,32,14,64,28,300,173,NS
TRF-01603,29,8,58,16,150,199,EW
TRF-01604,23,30,46,60,82,106,none
TRF-01605,5,30,10,60,66,88,none
TRF-01606,38,31,76,62,51,212,NS
TRF-01607,31,19,62,38,120,107,none
TRF-01608,1,22,2,44,133,182,none
TRF-01609,11,32,22,64,16,32,none
TRF-01610,7,39,14,78,116,61,none
TRF-01611,31,16,62,32,174,181,none
TRF-01612,35,17,70,34,77,263,none
TRF-01613,6,3,12,6,224,234,EW
TRF-01614,7,6,14,12,52,287,none
TRF-01615,6,10,12,20,60,105,NS
TRF-01616,10,18,20,36,226,259,none
TRF-01617,6,9,12,18,186,171,none
TRF-01618,7,12,14,24,224,212,none
TRF-01619,0,15,0,30,242,174,none
TRF-01620,10,5,20,10,136,190,none
TRF-01621,26,23,52,46,125,77,none
TRF-01622,33,26,66,52,116,70,none
TRF-01623,26,26,52,52,234,264,none
TRF-01624,23,1,46,2,226,74,none
TRF-01625,33,4,66,8,43,173,none
TRF-01626,10,27,20,54,31,201,none
TRF-01627,9,36,18,72,29,266,EW
TRF-01628,26,25,52,50,283,155,none
TRF-01629,20,22,40,44,4,143,NS
TRF-01630,39,9,78,18,206,228,none
TRF-01631,34,39,68,78,226,176,none
TRF-01632,25,12,50,24,154,43,none
TRF-01633,21,24,42,48,64,266,EW
TRF-01634,18,13,36,26,47,261,none
TRF-01635,33,21,66,42,81,11,none
TRF-01636,34,37,68,74,132,123,none
TRF-01637,19,27,38,54,258,56,none
TRF-01638,23,16,46,32,259,181,none
TRF-01639,7,28,14,56,152,293,none
TRF-01640,29,21,58,42,120,297,none
TRF-01641,40,34,80,68,119,179,none
TRF-01642,36,8,72,16,193,266,none
TRF-01643,6,20,12,40,264,298,none
TRF-01644,23,29,46,58,50,75,none
TRF-01645,26,5,52,10,47,31,none
TRF-01646,8,30,16,60,109,228,none
TRF-01647,33,25,66,50,286,265,none
TRF-01648,16,37,32,74,255,216,EW
TRF-01649,31,26,62,52,83,73,none
TRF-01650,31,29,62,58,66,262,none
TRF-01651,7,13,14,26,233,242,none
TRF-01652,10,35,20,70,189,60,none
TRF-01653,26,7,52,14,61,189,none
TRF-01654,2,33,4,66,78,60,none
TRF-01655,23,19,46,38,150,248,none
TRF-01656,9,9,18,18,215,24,NS
TRF-01657,19,18,38,36,110,93,none
TRF-01658,31,0,62,0,62,280,none
TRF-01659,2,26,4,52,246,293,none
TRF-01660,28,21,56,42,193,243,none
TRF-01661,38,8,76,16,70,258,none
TRF-01662,28,28,56,56,76,166,none
TRF-01663,39,39,78,78,209,198,none
TRF-01664,25,21,50,42,276,23,EW
TRF-01665,28,17,56,34,45,84,none
TRF-01666,36,40,72,80,158,287,none
TRF-01667,35,5,70,10,98,277,none
TRF-01668,3,36,6,72,267,96,none
TRF-01669,32,1,64,2,61,272,none
TRF-01670,1,17,2,34,105,125,none
TRF-01671,37,28,74,56,43,273,none
TRF-01672,25,37,50,74,23,251,none
TRF-01673,1,21,2,42,223,92,none
TRF-01674,33,20,66,40,195,131,none
TRF-01675,6,34,12,68,86,146,none
TRF-01676,16,5,32,10,78,157,EW
TRF-01677,10,3,20,6,166,92,none
TRF-01678,3,19,6,38,199,50,none
TRF-01679,26,20,52,40,132,192,NS
TRF-01680,7,3,14,6,103,122,none
TRF-01681,37,15,74,30,252,260,none
TRF-01682,24,7,48,14,137,31,none
TRF-01683,35,26,70,52,33,247,none
TRF-01684,40,14,80,28,9,137,none
TRF-01685,37,6,74,12,126,284,none
TRF-01686,8,19,16,38,290,208,none
TRF-01687,40,32,80,64,104,72,none
TRF-01688,10,15,20,30,275,216,EW
TRF-01689,35,28,70,56,21,0,none
TRF-01690,39,18,78,36,85,0,none
TRF-01691,30,17,60,34,128,194,EW
TRF-01692,40,13,80,26,299,261,none
TRF-01693,10,34,20,68,288,35,none
TRF-01694,25,7,50,14,71,284,EW
TRF-01695,27,13,54,26,258,162,none
TRF-01696,21,40,42,80,133,231,none
TRF-01697,20,21,40,42,107,235,EW
TRF-01698,21,1,42,2,68,1,none
TRF-01699,0,0,0,0,88,211,none
TRF-01700,31,25,62,50,275,41,none
TRF-01701,4,34,8,68,15,227,none
TRF-01702,22,24,44,48,183,198,none
TRF-01703,0,7,0,14,236,189,NS
TRF-01704,28,0,56,0,113,10,none
TRF-01705,22,12,44,24,46,155,none
TRF-01706,14,14,28,28,252,185,none
TRF-01707,31,38,62,76,107,3,none
TRF-01708,40,25,80,50,56,142,none
TRF-01709,31,10,62,20,282,99,none
TRF-01710,36,38,72,76,289,89,none
TRF-01711,8,4,16,8,65,132,NS
TRF-01712,14,33,28,66,140,98,none
TRF-01713,1,34,2,68,129,286,none
TRF-01714,0,27,0,54,26,165,none
TRF-01715,26,17,52,34,62,265,none
TRF-01716,23,33,46,66,22,114,none
TRF-01717,26,34,52,68,229,161,none
TRF-01718,12,21,24,42,41,292,none
TRF-01719,14,27,28,54,38,127,none
TRF-01720,21,19,42,38,32,49,none
TRF-01721,27,1,54,2,171,128,none
TRF-01722,30,15,60,30,174,27,none
TRF-01723,33,15,66,30,37,224,none
TRF-01724,40,28,80,56,296,63,none
TRF-01725,3,2,6,4,193,160,none
TRF-01726,4,8,8,16,31,226,none
TRF-01727,39,40,78,80,221,33,none
TRF-01728,3,35,6,70,26,150,none
TRF-01729,25,6,50,12,210,119,none
TRF-01730,39,0,78,0,232,196,none
TRF-01731,27,39,54,78,51,173,none
TRF-01732,1,29,2,58,264,168,none
TRF-01733,6,6,12,12,6,34,none
TRF-01734,12,36,24,72,64,260,none
TRF-01735,26,30,52,60,227,95,none
TRF-01736,2,3,4,6,65,159,none
TRF-01737,32,22,64,44,159,298,none
TRF-01738,9,9,18,18,240,158,none
TRF-01739,18,23,36,46,4,265,none
TRF-01740,9,3,18,6,121,259,none
TRF-01741,35,3,70,6,216,176,none
TRF-01742,12,40,24,80,103,35,none
TRF-01743,30,29,60,58,169,296,none
TRF-01744,21,39,42,78,153,214,none
TRF-01745,6,29,12,58,21,253,none
TRF-01746,0,40,0,80,114,117,none
TRF-01747,13,15,26,30,246,169,none
TRF-01748,24,13,48,26,204,94,none
TRF-01749,0,23,0,46,5,37,none
TRF-01750,35,7,70,14,72,148,none
TRF-01751,40,37,80,74,184,22,EW
TRF-01752,12,12,24,24,145,89,none
TRF-01753,16,11,32,22,173,283,none
TRF-01754,12,1,24,2,90,134,NS
TRF-01755,1,8,2,16,194,56,none
TRF-01756,13,19,26,38,233,122,none
TRF-01757,23,10,46,20,269,222,none
TRF-01758,4,7,8,14,73,66,none
TRF-01759,12,34,24,68,193,191,none
TRF-01760,27,40,54,80,125,23,none
TRF-01761,37,12,74,24,274,150,none
TRF-01762,20,15,40,30,27,143,none
TRF-01763,32,37,64,74,250,107,none
TRF-01764,30,39,60,78,33,85,none
TRF-01765,32,23,64,46,255,265,none
TRF-01766,20,23,40,46,269,247,none
TRF-01767,31,30,62,60,137,297,none
TRF-01768,37,2,74,4,106,112,none
TRF-01769,28,15,56,30,202,111,none
TRF-01770,24,36,48,72,80,191,none
TRF-01771,5,8,10,16,43,151,none
TRF-01772,22,14,44,28,298,21,none
TRF-01773,39,21,78,42,218,230,none
TRF-01774,26,23,52,46,254,162,none
TRF-01775,1,11,2,22,226,119,none
TRF-01776,4,22,8,44,42,150,none
TRF-01777,32,34,64,68,40,141,NS
TRF-01778,6,7,12,14,36,184,none
TRF-01779,12,21,24,42,100,168,none
TRF-01780,17,12,34,24,70,278,NS
TRF-01781,0,19,0,38,144,177,none
TRF-01782,25,25,50,50,296,6,none
TRF-01783,32,9,64,18,203,116,none
TRF-01784,13,30,26,60,119,264,none
TRF-01785,35,29,70,58,236,174,none
TRF-01786,20,12,40,24,219,213,none
TRF-01787,28,35,56,70,15,191,none
TRF-01788,8,19,16,38,4,255,none
TRF-01789,22,21,44,42,115,214,none
TRF-01790,25,34,50,68,153,166,none
TRF-01791,36,2,72,4,71,78,EW
TRF-01792,21,36,42,72,293,200,EW
TRF-01793,13,25,26,50,32,273,none
TRF-01794,30,6,60,12,168,291,EW
TRF-01795,40,19,80,38,47,87,none
TRF-01796,35,11,70,22,16,250,none
TRF-01797,12,4,24,8,197,145,none
TRF-01798,18,33,36,66,35,232,none
TRF-01799,33,0,66,0,87,167,none
TRF-01800,26,25,52,50,80,56,none
TRF-01801,26,30,52,60,35,199,EW
TRF-01802,13,8,26,16,105,158,none
TRF-01803,30,10,60,20,294,158,none
TRF-01804,32,29,64,58,141,103,none
TRF-01805,9,28,18,56,32,204,none
TRF-01806,15,33,30,66,168,291,none
TRF-01807,29,29,58,58,294,20,none
TRF-01808,18,29,36,58,177,152,none
TRF-01809,11,26,22,52,127,91,none
TRF-01810,27,29,54,58,196,93,none
TRF-01811,6,25,12,50,22,122,none
TRF-01812,10,17,20,34,275,149,none
TRF-01813,4,13,8,26,252,210,EW
TRF-01814,35,7,70,14,188,39,none
TRF-01815,32,20,64,40,209,230,none
TRF-01816,13,32,26,64,22,236,none
TRF-01817,40,29,80,58,195,175,none
TRF-01818,12,25,24,50,19,5,none
TRF-01819,8,20,16,40,237,248,none
TRF-01820,5,35,10,70,124,224,none
TRF-01821,17,10,34,20,87,9,none
TRF-01822,11,18,22,36,63,273,none
TRF-01823,10,4,20,8,5,139,none
TRF-01824,22,11,44,22,110,17,none
TRF-01825,34,13,68,26,226,24,none
TRF-01826,33,6,66,12,199,157,none
TRF-01827,38,0,76,0,24,193,none
TRF-01828,15,23,30,46,122,102,none
TRF-01829,26,1,52,2,7,172,none
TRF-01830,4,14,8,28,49,85,none
TRF-01831,2,26,4,52,262,55,none
TRF-01832,20,35,40,70,97,106,NS
TRF-01833,25,27,50,54,61,118,none
TRF-01834,22,20,44,40,88,7,none
TRF-01835,20,0,40,0,199,108,none
TRF-01836,4,17,8,34,188,22,none
TRF-01837,13,26,26,52,154,255,EW
TRF-01838,6,34,12,68,291,87,none
TRF-01839,6,38,12,76,166,198,none
TRF-01840,8,21,16,42,89,162,EW
TRF-01841,30,4,60,8,171,9,none
TRF-01842,37,28,74,56,195,261,none
TRF-01843,14,32,28,64,300,6,none
TRF-01844,39,7,78,14,158,121,none
TRF-01845,15,39,30,78,40,30,none
TRF-01846,31,18,62,36,103,77,none
TRF-01847,2,15,4,30,227,168,none
TRF-01848,20,2,40,4,266,212,none
TRF-01849,18,1,36,2,117,169,none
TRF-01850,13,34,26,68,27,127,none
TRF-01851,14,38,28,76,195,266,none
TRF-01852,28,40,56,80,3,33,none
TRF-01853,4,12,8,24,26,72,NS
TRF-01854,8,5,16,10,88,281,none
TRF-01855,13,15,26,30,259,40,none
TRF-01856,29,19,58,38,84,101,none
TRF-01857,11,38,22,76,127,155,none
TRF-01858,28,40,56,80,103,139,none
TRF-01859,30,5,60,10,184,203,none
TRF-01860,30,28,60,56,216,258,none
TRF-01861,27,9,54,18,246,10,none
TRF-01862,27,5,54,10,153,275,none
TRF-01863,11,16,22,32,194,237,none
TRF-01864,18,24,36,48,287,246,none
TRF-01865,8,30,16,60,100,79,NS
TRF-01866,0,0,0,0,256,191,none
TRF-01867,26,25,52,50,191,196,none
TRF-01868,37,4,74,8,209,19,EW
TRF-01869,7,24,14,48,289,83,none
TRF-01870,27,16,54,32,178,260,none
TRF-01871,40,23,80,46,29,197,NS
TRF-01872,15,15,30,30,244,17,NS
TRF-01873,23,40,46,80,14,75,none
TRF-01874,29,9,58,18,130,126,none
TRF-01875,10,0,20,0,59,47,none
TRF-01876,24,25,48,50,300,41,none
TRF-01877,12,27,24,54,84,218,none
TRF-01878,19,32,38,64,272,195,none
TRF-01879,26,5,52,10,55,293,none
TRF-01880,22,9,44,18,137,107,NS
TRF-01881,25,19,50,38,3,86,none
TRF-01882,0,6,0,12,35,213,none
TRF-01883,18,27,36,54,87,90,none
TRF-01884,8,12,16,24,249,93,none
TRF-01885,7,28,14,56,290,108,none
TRF-01886,3,11,6,22,98,132,EW
TRF-01887,26,28,52,56,55,85,none
TRF-01888,5,24,10,48,63,141,none
TRF-01889,1,37,2,74,120,244,none
TRF-01890,6,0,12,0,31,136,none
TRF-01891,0,37,0,74,21,49,none
TRF-01892,0,24,0,48,266,136,NS
TRF-01893,30,21,60,42,219,172,none
TRF-01894,21,20,42,40,122,184,none
TRF-01895,24,39,48,78,29,182,none
TRF-01896,6,0,12,0,233,205,none
TRF-01897,8,1,16,2,62,271,none
TRF-01898,15,23,30,46,231,243,none
TRF-01899,12,0,24,0,164,8,none
TRF-01900,2,20,4,40,227,119,none
TRF-01901,25,39,50,78,41,178,none
TRF-01902,30,6,60,12,197,150,none
TRF-01903,9,33,18,66,292,258,none
TRF-01904,31,5,62,10,154,280,EW
TRF-01905,29,10,58,20,228,59,none
TRF-01906,34,15,68,30,124,108,none
TRF-01907,5,6,10,12,222,14,none
TRF-01908,20,24,40,48,143,112,none
TRF-01909,30,7,60,14,69,273,none
TRF-01910,31,5,62,10,170,114,NS
TRF-01911,38,4,76,8,175,193,NS
TRF-01912,24,35,48,70,223,119,none
TRF-01913,7,18,14,36,44,57,none
TRF-01914,37,12,74,24,59,293,none
TRF-01915,20,24,40,48,295,0,none
TRF-01916,37,34,74,68,97,198,EW
TRF-01917,20,23,40,46,64,266,none
TRF-01918,37,14,74,28,54,202,none
TRF-01919,29,20,58,40,74,151,none
TRF-01920,31,29,62,58,75,145,none
TRF-01921,2,38,4,76,163,158,none
TRF-01922,7,17,14,34,293,244,none
TRF-01923,13,31,26,62,149,192,none
TRF-01924,21,9,42,18,107,115,none
TRF-01925,3,11,6,22,249,200,none
TRF-01926,10,1,20,2,280,200,none
TRF-01927,30,22,60,44,200,200,none
TRF-01928,18,18,36,36,99,280,none
TRF-01929,8,20,16,40,297,27,none
TRF-01930,19,29,38,58,83,295,none
TRF-01931,30,18,60,36,74,107,none
TRF-01932,12,0,24,0,185,294,none
TRF-01933,9,24,18,48,218,86,NS
TRF-01934,6,22,12,44,242,91,NS
TRF-01935,7,32,14,64,173,222,EW
TRF-01936,40,25,80,50,125,17,none
TRF-01937,25,31,50,62,154,88,none
TRF-01938,24,5,48,10,237,195,none
TRF-01939,28,23,56,46,5,61,none
TRF-01940,7,31,14,62,260,115,none
TRF-01941,36,36,72,72,245,140,none
TRF-01942,6,37,12,74,92,196,none
TRF-01943,27,19,54,38,292,64,none
TRF-01944,4,34,8,68,94,207,none
TRF-01945,1,25,2,50,284,274,none
TRF-01946,33,31,66,62,32,265,none
TRF-01947,34,7,68,14,106,60,none
TRF-01948,38,11,76,22,2,284,none
TRF-01949,20,7,40,14,20,65,none
TRF-01950,10,5,20,10,287,131,none
TRF-01951,2,5,4,10,63,259,none
TRF-01952,34,10,68,20,216,0,none
TRF-01953,2,33,4,66,150,273,none
TRF-01954,36,31,72,62,160,267,NS
TRF-01955,22,38,44,76,275,261,none
TRF-01956,6,2,12,4,121,18,none
TRF-01957,19,13,38,26,68,282,none
TRF-01958,22,17,44,34,65,216,none
TRF-01959,16,16,32,32,195,83,none
TRF-01960,5,16,10,32,217,73,none
TRF-01961,4,40,8,80,137,98,none
TRF-01962,36,32,72,64,83,214,none
TRF-01963,20,27,40,54,194,13,EW
TRF-01964,15,4,30,8,138,63,none
TRF-01965,35,26,70,52,33,168,none
TRF-01966,23,21,46,42,139,74,none
TRF-01967,14,17,28,34,5,50,none
TRF-01968,14,24,28,48,53,63,none
TRF-01969,19,37,38,74,250,48,none
TRF-01970,36,18,72,36,282,138,none
TRF-01971,3,10,6,20,162,199,none
TRF-01972,34,35,68,70,206,244,none
TRF-01973,16,0,32,0,262,79,none
TRF-01974,9,24,18,48,290,136,none
TRF-01975,40,23,80,46,127,214,none
TRF-01976,11,28,22,56,181,239,none
TRF-01977,17,27,34,54,266,117,none
TRF-01978,5,19,10,38,208,160,none
TRF-01979,40,5,80,10,39,122,NS
TRF-01980,10,36,20,72,29,43,none
TRF-01981,35,31,70,62,5,217,none
TRF-01982,8,30,16,60,254,263,none
TRF-01983,34,7,68,14,207,7,none
TRF-01984,0,27,0,54,273,176,none
TRF-01985,33,38,66,76,21,229,EW
TRF-01986,33,14,66,28,89,38,none
TRF-01987,8,32,16,64,180,26,none
TRF-01988,24,10,48,20,191,57,none
TRF-01989,15,34,30,68,60,148,none
TRF-01990,18,16,36,32,109,1,none
TRF-01991,36,25,72,50,111,156,NS
TRF-01992,32,2,64,4,237,249,none
TRF-01993,0,39,0,78,235,168,none
TRF-01994,6,0,12,0,179,95,none
TRF-01995,0,6,0,12,220,251,none
TRF-01996,33,32,66,64,78,210,none
TRF-01997,31,0,62,0,79,128,none
TRF-01998,25,23,50,46,153,186,none
TRF-01999,11,34,22,68,137,55,EW
TRF-02000,28,10,56,20,71,181,none
TRF-02001,0,22,0,44,101,56,none
TRF-02002,2,8,4,16,202,215,none
TRF-02003,2,10,4,20,101,245,EW
TRF-02004,17,7,34,14,215,250,none
TRF-02005,8,20,16,40,204,256,none
TRF-02006,24,8,48,16,56,55,none
TRF-02007,8,9,16,18,176,256,none
TRF-02008,15,3,30,6,175,219,EW
TRF-02009,0,27,0,54,245,148,none
TRF-02010,5,27,10,54,126,78,none
TRF-02011,11,15,22,30,143,58,none
TRF-02012,15,27,30,54,101,242,none
TRF-02013,6,32,12,64,92,96,EW
TRF-02014,37,40,74,80,76,117,none
TRF-02015,25,2,50,4,140,98,NS
TRF-02016,27,1,54,2,102,46,none
TRF-02017,24,26,48,52,268,156,none
TRF-02018,14,14,28,28,172,218,none
TRF-02019,32,27,64,54,26,155,none
TRF-02020,23,17,46,34,179,214,none
TRF-02021,3,11,6,22,20,0,none
TRF-02022,20,13,40,26,146,241,none
TRF-02023,38,6,76,12,220,94,none
TRF-02024,31,23,62,46,171,155,none
TRF-02025,0,35,0,70,66,169,none
TRF-02026,23,37,46,74,270,190,none
TRF-02027,17,13,34,26,299,196,none
TRF-02028,6,8,12,16,61,21,none
TRF-02029,12,12,24,24,228,50,none
TRF-02030,34,39,68,78,175,154,none
TRF-02031,12,34,24,68,78,22,none
TRF-02032,26,35,52,70,129,286,EW
TRF-02033,23,28,46,56,60,223,none
TRF-02034,26,33,52,66,257,11,none
TRF-02035,17,8,34,16,148,23,EW
TRF-02036,3,12,6,24,203,253,none
TRF-02037,32,4,64,8,84,224,none
TRF-02038,24,35,48,70,199,205,none
TRF-02039,13,11,26,22,1,81,none
TRF-02040,37,0,74,0,262,233,none
TRF-02041,33,16,66,32,155,112,none
TRF-02042,17,35,34,70,60,87,none
TRF-02043,34,15,68,30,149,20,none
TRF-02044,17,8,34,16,138,26,none
TRF-02045,15,13,30,26,273,59,none
TRF-02046,22,40,44,80,188,166,none
TRF-02047,35,16,70,32,68,209,none
TRF-02048,18,20,36,40,29,5,none
TRF-02049,14,17,28,34,90,131,EW
TRF-02050,34,37,68,74,54,195,NS
TRF-02051,16,40,32,80,282,105,none
TRF-02052,14,20,28,40,137,104,none
TRF-02053,25,9,50,18,228,118,none
TRF-02054,27,23,54,46,75,245,none
TRF-02055,11,29,22,58,94,90,none
TRF-02056,31,11,62,22,144,10,none
TRF-02057,11,25,22,50,96,35,none
TRF-02058,27,15,54,30,232,206,none
TRF-02059,33,8,66,16,6,51,none
TRF-02060,1,7,2,14,6,22,none
TRF-02061,5,17,10,34,73,6,none
TRF-02062,0,6,0,12,277,173,none
TRF-02063,5,12,10,24,71,245,none
TRF-02064,28,10,56,20,157,169,none
TRF-02065,15,3,30,6,278,136,none
TRF-02066,7,1,14,2,22,52,none
TRF-02067,6,32,12,64,212,72,none
TRF-02068,14,1,28,2,116,218,none
TRF-02069,22,18,44,36,115,196,none
TRF-02070,7,31,14,62,86,56,none
TRF-02071,18,22,36,44,39,170,none
TRF-02072,5,2,10,4,77,91,none
TRF-02073,21,38,42,76,92,217,none
TRF-02074,19,39,38,78,146,178,none
TRF-02075,17,31,34,62,188,135,none
TRF-02076,4,0,8,0,76,75,none
TRF-02077,24,28,48,56,244,34,none
TRF-02078,27,17,54,34,74,46,none
TRF-02079,8,11,16,22,197,180,none
TRF-02080,27,30,54,60,211,170,none
TRF-02081,15,24,30,48,214,281,none
TRF-02082,34,31,68,62,272,274,none
TRF-02083,24,5,48,10,297,215,none
TRF-02084,14,5,28,10,120,185,none
TRF-02085,1,23,2,46,285,242,EW
TRF-02086,7,3,14,6,178,184,none
TRF-02087,8,18,16,36,235,73,none
TRF-02088,35,26,70,52,124,107,none
TRF-02089,3,8,6,16,60,73,none
TRF-02090,1,27,2,54,190,27,none
TRF-02091,37,4,74,8,244,80,none
TRF-02092,23,9,46,18,40,125,none
TRF-02093,36,26,72,52,76,93,none
TRF-02094,8,33,16,66,153,240,none
TRF-02095,21,28,42,56,6,146,none
TRF-02096,3,2,6,4,88,257,none
TRF-02097,25,27,50,54,232,283,none
TRF-02098,16,36,32,72,256,156,none
TRF-02099,27,10,54,20,139,47,none
TRF-02100,8,13,16,26,205,28,none
TRF-02101,11,35,22,70,39,239,none
TRF-02102,25,24,50,48,84,27,none
TRF-02103,27,12,54,24,138,55,none
TRF-02104,23,38,46,76,171,14,none
TRF-02105,10,34,20,68,54,33,none
TRF-02106,0,19,0,38,96,282,none
TRF-02107,2,15,4,30,137,43,EW
TRF-02108,36,2,72,4,288,247,none
TRF-02109,20,5,40,10,158,4,EW
TRF-02110,18,25,36,50,256,99,none
TRF-02111,25,22,50,44,66,49,none
TRF-02112,32,6,64,12,257,76,none
TRF-02113,24,30,48,60,300,19,none
TRF-02114,9,29,18,58,40,47,EW
TRF-02115,14,13,28,26,72,82,EW
TRF-02116,32,33,64,66,267,174,none
TRF-02117,8,21,16,42,148,184,none
TRF-02118,27,2,54,4,198,122,none
TRF-02119,39,38,78,76,38,78,none
TRF-02120,31,6,62,12,7,73,none
TRF-02121,19,35,38,70,44,255,none
TRF-02122,20,10,40,20,151,82,none
TRF-02123,36,23,72,46,180,45,none
TRF-02124,29,16,58,32,242,131,none
TRF-02125,28,8,56,16,63,291,none
TRF-02126,23,18,46,36,205,209,none
TRF-02127,8,28,16,56,187,262,none
TRF-02128,20,23,40,46,42,211,none
TRF-02129,16,2,32,4,29,125,none
TRF-02130,35,0,70,0,79,53,none
TRF-02131,10,36,20,72,204,37,none
TRF-02132,29,5,58,10,178,238,none
TRF-02133,34,29,68,58,55,43,none
TRF-02134,6,25,12,50,221,102,none
TRF-02135,4,20,8,40,175,248,none
TRF-02136,30,7,60,14,142,232,none
TRF-02137,9,30,18,60,74,109,none
TRF-02138,2,38,4,76,194,31,NS
TRF-02139,23,27,46,54,242,109,none
TRF-02140,1,27,2,54,138,129,none
TRF-02141,5,9,10,18,35,140,none
TRF-02142,19,28,38,56,214,268,none
TRF-02143,16,11,32,22,27,47,none
TRF-02144,27,21,54,42,152,84,none
TRF-02145,26,30,52,60,243,274,none
TRF-02146,10,27,20,54,181,292,none
TRF-02147,0,35,0,70,101,39,none
TRF-02148,37,39,74,78,74,165,none
TRF-02149,20,0,40,0,77,234,NS
TRF-02150,31,20,62,40,58,208,none
TRF-02151,0,28,0,56,64,230,none
TRF-02152,37,6,74,12,18,111,none
TRF-02153,12,26,24,52,279,85,none
TRF-02154,13,22,26,44,107,97,EW
TRF-02155,36,0,72,0,189,186,none
TRF-02156,19,32,38,64,63,255,none
TRF-02157,29,26,58,52,210,180,none
TRF-02158,34,27,68,54,267,171,none
TRF-02159,11,29,22,58,219,191,none
TRF-02160,38,10,76,20,277,223,none
TRF-02161,27,40,54,80,145,50,EW
TRF-02162,6,5,12,10,8,210,none
TRF-02163,39,34,78,68,51,227,none
TRF-02164,2,18,4,36,215,108,none
TRF-02165,29,35,58,70,195,58,none
TRF-02166,30,7,60,14,179,237,none
TRF-02167,25,0,50,0,191,114,none
TRF-02168,17,16,34,32,157,212,none
TRF-02169,0,26,0,52,16,7,none
TRF-02170,23,33,46,66,162,171,none
TRF-02171,36,27,72,54,123,284,EW
TRF-02172,12,39,24,78,201,26,none
TRF-02173,36,27,72,54,65,199,EW
TRF-02174,11,25,22,50,162,264,none
TRF-02175,14,6,28,12,64,258,none
TRF-02176,36,25,72,50,133,283,none
TRF-02177,20,13,40,26,47,47,none
TRF-02178,0,40,0,80,78,14,none
TRF-02179,34,5,68,10,292,195,none
TRF-02180,8,29,16,58,183,95,none
TRF-02181,14,19,28,38,99,274,none
TRF-02182,24,16,48,32,26,140,none
TRF-02183,9,40,18,80,11,296,none
TRF-02184,7,29,14,58,62,54,none
TRF-02185,16,11,32,22,47,39,none
TRF-02186,23,13,46,26,200,51,none
TRF-02187,1,26,2,52,37,249,EW
TRF-02188,4,13,8,26,214,192,none
TRF-02189,40,28,80,56,82,92,none
TRF-02190,11,36,22,72,16,60,EW
TRF-02191,22,30,44,60,279,2,none
TRF-02192,16,7,32,14,98,15,none
TRF-02193,33,32,66,64,78,110,none
TRF-02194,7,13,14,26,15,167,none
TRF-02195,5,8,10,16,137,140,none
TRF-02196,5,22,10,44,282,150,none
TRF-02197,31,27,62,54,262,204,NS
TRF-02198,16,11,32,22,101,143,EW
TRF-02199,6,37,12,74,300,159,none
TRF-02200,13,31,26,62,221,228,none
TRF-02201,17,20,34,40,55,196,none
TRF-02202,36,22,72,44,191,32,none
TRF-02203,2,32,4,64,129,300,none
TRF-02204,38,33,76,66,180,203,none
TRF-02205,11,20,22,40,219,95,none
TRF-02206,4,13,8,26,190,190,none
TRF-02207,20,7,40,14,4,163,none
TRF-02208,21,13,42,26,238,290,none
TRF-02209,14,35,28,70,33,197,none
TRF-02210,13,33,26,66,111,52,none
TRF-02211,38,4,76,8,293,215,none
TRF-02212,27,20,54,40,163,101,none
TRF-02213,31,31,62,62,23,140,none
TRF-02214,7,28,14,56,87,167,none
TRF-02215,15,36,30,72,10,145,none
TRF-02216,36,0,72,0,236,145,none
TRF-02217,25,2,50,4,273,270,none
TRF-02218,1,4,2,8,240,48,none
TRF-02219,26,19,52,38,140,162,none
TRF-02220,25,5,50,10,284,160,none
TRF-02221,3,25,6,50,152,232,none
TRF-02222,7,23,14,46,52,14,none
TRF-02223,0,8,0,16,53,165,none
TRF-02224,27,14,54,28,87,45,none
TRF-02225,23,34,46,68,2,26,none
TRF-02226,2,7,4,14,24,155,none
TRF-02227,21,39,42,78,194,138,none
TRF-02228,8,37,16,74,235,61,none
TRF-02229,9,37,18,74,211,228,none
TRF-02230,33,33,66,66,123,295,none
TRF-02231,31,17,62,34,164,247,none
TRF-02232,16,18,32,36,42,180,none
TRF-02233,15,13,30,26,39,38,EW
TRF-02234,3,13,6,26,6,110,none
TRF-02235,24,12,48,24,249,53,none
TRF-02236,37,33,74,66,263,160,none
TRF-02237,19,29,38,58,78,258,none
TRF-02238,8,14,16,28,186,197,EW
TRF-02239,39,32,78,64,103,204,none
TRF-02240,17,27,34,54,84,157,EW
TRF-02241,36,6,72,12,75,236,none
TRF-02242,7,15,14,30,8,235,none
TRF-02243,1,30,2,60,271,231,none
TRF-02244,7,35,14,70,43,181,none
TRF-02245,9,25,18,50,257,220,none
TRF-02246,3,28,6,56,139,189,none
TRF-02247,24,27,48,54,99,150,none
TRF-02248,11,38,22,76,141,271,none
TRF-02249,33,27,66,54,55,25,none
TRF-02250,7,14,14,28,58,27,none
TRF-02251,36,17,72,34,122,33,none
TRF-02252,17,14,34,28,207,200,none
TRF-02253,14,17,28,34,253,105,none
TRF-02254,13,22,26,44,147,147,none
TRF-02255,6,11,12,22,257,244,none
TRF-02256,15,10,30,20,161,35,none
TRF-02257,21,29,42,58,72,6,none
TRF-02258,27,21,54,42,10,90,EW
TRF-02259,4,10,8,20,4,180,EW
TRF-02260,37,0,74,0,250,126,none
TRF-02261,2,1,4,2,290,148,none
TRF-02262,33,32,66,64,85,75,none
TRF-02263,6,19,12,38,171,231,none
TRF-02264,22,34,44,68,131,249,none
TRF-02265,29,0,58,0,180,154,none
TRF-02266,33,38,66,76,247,57,none
TRF-02267,33,40,66,80,10,75,EW
TRF-02268,14,9,28,18,182,254,none
TRF-02269,36,27,72,54,184,105,none
TRF-02270,12,24,24,48,55,140,none
TRF-02271,34,28,68,56,269,89,none
TRF-02272,22,21,44,42,200,213,NS
TRF-02273,17,19,34,38,97,21,none
TRF-02274,21,39,42,78,62,221,none
TRF-02275,36,22,72,44,147,56,EW
TRF-02276,31,9,62,18,238,76,none
TRF-02277,18,39,36,78,285,83,none
TRF-02278,18,4,36,8,150,7,none
TRF-02279,13,18,26,36,63,27,none
TRF-02280,0,27,0,54,180,0,none
TRF-02281,8,22,16,44,145,257,none
TRF-02282,35,9,70,18,44,138,none
TRF-02283,12,27,24,54,299,41,none
TRF-02284,2,30,4,60,181,127,none
TRF-02285,40,24,80,48,216,204,EW
TRF-02286,6,16,12,32,154,159,none
TRF-02287,27,20,54,40,296,71,none
TRF-02288,12,16,24,32,69,213,none
TRF-02289,19,19,38,38,43,152,none
TRF-02290,40,29,80,58,279,93,none
TRF-02291,27,6,54,12,70,269,none
TRF-02292,20,32,40,64,183,239,none
TRF-02293,29,26,58,52,210,236,none
TRF-02294,35,1,70,2,215,45,none
TRF-02295,39,19,78,38,124,297,none
TRF-02296,8,39,16,78,278,289,none
TRF-02297,3,25,6,50,64,206,none
TRF-02298,29,33,58,66,235,27,none
TRF-02299,17,6,34,12,170,49,none
TRF-02300,36,30,72,60,169,31,none
TRF-02301,37,32,74,64,27,104,none
TRF-02302,35,31,70,62,69,114,none
TRF-02303,40,9,80,18,154,159,none
TRF-02304,0,31,0,62,102,58,none
TRF-02305,9,38,18,76,61,266,none
TRF-02306,13,6,26,12,242,12,none
TRF-02307,28,25,56,50,28,62,none
TRF-02308,30,11,60,22,120,279,none
TRF-02309,39,28,78,56,63,221,none
TRF-02310,1,11,2,22,72,123,none
TRF-02311,34,12,68,24,243,245,none
TRF-02312,6,37,12,74,252,188,none
TRF-02313,25,24,50,48,54,237,none
TRF-02314,27,9,54,18,14,145,none
TRF-02315,36,24,72,48,5,297,none
TRF-02316,39,28,78,56,21,181,EW
TRF-02317,29,29,58,58,141,4,EW
TRF-02318,22,32,44,64,257,107,none
TRF-02319,33,24,66,48,262,32,none
TRF-02320,9,22,18,44,288,173,none
TRF-02321,8,17,16,34,155,201,none
TRF-02322,30,24,60,48,241,92,none
TRF-02323,32,33,64,66,132,66,none
TRF-02324,37,37,74,74,178,299,none
TRF-02325,25,4,50,8,23,15,none
TRF-02326,10,14,20,28,49,54,none
TRF-02327,30,20,60,40,118,121,none
TRF-02328,11,24,22,48,215,32,none
TRF-02329,16,7,32,14,19,37,none
TRF-02330,23,38,46,76,15,89,none
TRF-02331,28,24,56,48,68,293,none
TRF-02332,12,16,24,32,251,224,none
TRF-02333,14,12,28,24,82,222,none
TRF-02334,12,5,24,10,298,12,none
TRF-02335,6,13,12,26,17,71,none
TRF-02336,23,26,46,52,290,279,none
TRF-02337,21,11,42,22,270,254,none
TRF-02338,13,36,26,72,242,256,none
TRF-02339,39,35,78,70,70,34,none
TRF-02340,40,24,80,48,36,291,none
TRF-02341,33,19,66,38,51,60,none
TRF-02342,3,38,6,76,276,169,none
TRF-02343,18,16,36,32,199,183,none
TRF-02344,10,18,20,36,38,273,none
TRF-02345,33,39,66,78,256,159,none
TRF-02346,3,34,6,68,56,298,none
TRF-02347,16,1,32,2,16,173,none
TRF-02348,12,21,24,42,30,71,none
TRF-02349,21,3,42,6,120,252,none
TRF-02350,36,39,72,78,18,177,EW
TRF-02351,26,38,52,76,41,282,none
TRF-02352,8,17,16,34,21,53,none
TRF-02353,32,14,64,28,179,220,none
TRF-02354,14,1,28,2,28,13,none
TRF-02355,12,34,24,68,194,9,none
TRF-02356,3,24,6,48,193,64,none
TRF-02357,27,35,54,70,70,59,none
TRF-02358,39,23,78,46,180,99,none
TRF-02359,3,15,6,30,118,47,none
TRF-02360,14,26,28,52,274,290,none
TRF-02361,0,15,0,30,29,39,none
TRF-02362,28,11,56,22,144,22,none
TRF-02363,38,15,76,30,149,66,none
TRF-02364,30,7,60,14,39,39,none
TRF-02365,34,13,68,26,253,182,none
TRF-02366,14,28,28,56,154,187,none
TRF-02367,18,15,36,30,269,136,none
TRF-02368,34,32,68,64,53,27,none
TRF-02369,26,39,52,78,248,143,none
TRF-02370,8,33,16,66,118,156,none
TRF-02371,13,7,26,14,190,72,none
TRF-02372,15,28,30,56,232,58,none
TRF-02373,2,17,4,34,142,196,none
TRF-02374,5,3,10,6,142,196,none
TRF-02375,24,24,48,48,227,22,none
TRF-02376,24,11,48,22,220,272,none
TRF-02377,19,2,38,4,277,178,NS
TRF-02378,38,21,76,42,134,110,none
TRF-02379,21,39,42,78,222,218,none
TRF-02380,3,6,6,12,283,198,EW
TRF-02381,18,34,36,68,237,217,none
TRF-02382,36,33,72,66,133,83,EW
TRF-02383,29,15,58,30,67,7,none
TRF-02384,17,5,34,10,127,277,none
TRF-02385,36,25,72,50,19,140,none
TRF-02386,16,38,32,76,6,63,none
TRF-02387,20,16,40,32,91,227,none
TRF-02388,28,0,56,0,238,18,EW
TRF-02389,30,40,60,80,284,111,none
TRF-02390,37,5,74,10,141,282,none
TRF-02391,4,28,8,56,92,132,none
TRF-02392,17,16,34,32,253,65,none
TRF-02393,11,9,22,18,25,119,none
TRF-02394,2,11,4,22,259,225,none
TRF-02395,2,35,4,70,116,31,EW
TRF-02396,16,16,32,32,8,180,none
TRF-02397,2,38,4,76,120,179,none
TRF-02398,32,28,64,56,57,261,none
TRF-02399,13,20,26,40,292,190,none
TRF-02400,26,4,52,8,218,144,none
TRF-02401,20,38,40,76,184,171,EW
TRF-02402,23,30,46,60,150,15,none
TRF-02403,2,18,4,36,76,13,none
TRF-02404,13,20,26,40,261,260,none
TRF-02405,22,13,44,26,193,298,none
TRF-02406,9,24,18,48,40,39,EW
TRF-02407,14,36,28,72,257,294,none
TRF-02408,26,34,52,68,62,270,none
TRF-02409,38,30,76,60,268,266,none
TRF-02410,17,12,34,24,294,150,NS
TRF-02411,21,15,42,30,185,118,none
TRF-02412,7,15,14,30,227,209,none
TRF-02413,22,35,44,70,258,39,NS
TRF-02414,30,38,60,76,117,229,none
TRF-02415,14,36,28,72,64,275,none
TRF-02416,26,37,52,74,70,133,none
TRF-02417,21,20,42,40,60,41,none
TRF-02418,32,9,64,18,294,253,none
TRF-02419,12,11,24,22,232,7,none
TRF-02420,26,16,52,32,283,240,none
TRF-02421,8,2,16,4,220,12,none
TRF-02422,4,8,8,16,263,271,NS
TRF-02423,27,22,54,44,65,205,none
TRF-02424,15,18,30,36,60,172,none
TRF-02425,21,37,42,74,55,23,none
TRF-02426,22,28,44,56,209,230,none
TRF-02427,27,18,54,36,244,68,none
TRF-02428,37,32,74,64,42,77,none
TRF-02429,37,37,74,74,189,232,none
TRF-02430,28,11,56,22,260,143,NS
TRF-02431,6,14,12,28,152,252,none
TRF-02432,36,33,72,66,268,296,none
TRF-02433,27,18,54,36,165,196,none
TRF-02434,11,9,22,18,21,107,none
TRF-02435,17,36,34,72,160,50,none
TRF-02436,10,7,20,14,147,140,none
TRF-02437,14,10,28,20,147,132,EW
TRF-02438,6,14,12,28,142,72,none
TRF-02439,35,32,70,64,86,14,none
TRF-02440,2,34,4,68,275,99,none
TRF-02441,1,23,2,46,104,144,NS
TRF-02442,36,27,72,54,227,266,none
TRF-02443,29,18,58,36,56,61,none
TRF-02444,27,31,54,62,134,44,none
TRF-02445,17,7,34,14,181,40,none
TRF-02446,14,4,28,8,167,80,none
TRF-02447,17,29,34,58,262,37,none
TRF-02448,20,2,40,4,221,51,NS
TRF-02449,33,20,66,40,97,285,none
TRF-02450,40,2,80,4,4,125,none
TRF-02451,24,14,48,28,100,135,none
TRF-02452,31,11,62,22,254,144,none
TRF-02453,40,5,80,10,264,109,none
TRF-02454,4,31,8,62,285,106,none
TRF-02455,2,26,4,52,134,194,none
TRF-02456,15,40,30,80,178,247,none
TRF-02457,11,19,22,38,118,149,none
TRF-02458,31,40,62,80,200,182,none
TRF-02459,18,6,36,12,112,57,EW
TRF-02460,18,26,36,52,228,166,none
TRF-02461,27,7,54,14,90,237,EW
TRF-02462,7,22,14,44,203,65,none
TRF-02463,30,31,60,62,210,120,none
TRF-02464,17,32,34,64,110,209,none
TRF-02465,20,16,40,32,162,210,none
TRF-02466,28,27,56,54,204,133,NS
TRF-02467,17,31,34,62,112,173,none
TRF-02468,2,19,4,38,229,209,none
TRF-02469,10,34,20,68,105,56,NS
TRF-02470,39,39,78,78,168,66,none
TRF-02471,1,1,2,2,194,46,none
TRF-02472,21,22,42,44,283,32,none
TRF-02473,33,13,66,26,185,274,none
TRF-02474,10,34,20,68,202,117,none
TRF-02475,10,23,20,46,169,211,none
TRF-02476,15,0,30,0,18,10,none
TRF-02477,33,6,66,12,256,203,none
TRF-02478,2,10,4,20,144,154,none
TRF-02479,40,15,80,30,17,139,none
TRF-02480,24,25,48,50,67,138,none
TRF-02481,4,4,8,8,258,212,none
TRF-02482,34,38,68,76,77,48,none
TRF-02483,25,12,50,24,159,165,none
TRF-02484,1,19,2,38,140,234,none
TRF-02485,16,36,32,72,241,192,none
TRF-02486,5,14,10,28,208,287,none
TRF-02487,18,34,36,68,259,125,none
TRF-02488,31,25,62,50,190,279,none
TRF-02489,28,14,56,28,295,12,none
TRF-02490,14,28,28,56,189,244,none
TRF-02491,19,21,38,42,73,42,none
TRF-02492,10,13,20,26,250,127,none
TRF-02493,25,39,50,78,242,267,none
TRF-02494,36,14,72,28,30,252,none
TRF-02495,19,21,38,42,77,18,none
TRF-02496,36,38,72,76,208,2,none
TRF-02497,13,35,26,70,250,279,none
TRF-02498,15,20,30,40,236,247,none
TRF-02499,5,6,10,12,217,39,none
TRF-02500,0,10,0,20,266,62,none
TRF-02501,28,7,56,14,19,217,none
TRF-02502,40,33,80,66,249,71,none
TRF-02503,35,26,70,52,204,4,none
TRF-02504,27,18,54,36,138,267,none
TRF-02505,23,36,46,72,84,72,none
TRF-02506,13,39,26,78,190,265,none
TRF-02507,30,29,60,58,107,169,NS
TRF-02508,8,10,16,20,268,242,none
TRF-02509,26,11,52,22,76,240,none
TRF-02510,0,19,0,38,96,102,none
TRF-02511,34,29,68,58,169,48,none
TRF-02512,29,38,58,76,80,34,none
TRF-02513,35,14,70,28,176,7,NS
TRF-02514,17,18,34,36,218,299,none
TRF-02515,23,39,46,78,206,130,none
TRF-02516,12,4,24,8,78,52,none
TRF-02517,17,11,34,22,134,288,none
TRF-02518,33,37,66,74,196,169,none
TRF-02519,37,38,74,76,141,242,none
TRF-02520,0,14,0,28,110,46,NS
TRF-02521,39,9,78,18,73,84,none
TRF-02522,0,20,0,40,39,26,none
TRF-02523,28,27,56,54,241,167,none
TRF-02524,7,15,14,30,286,201,none
TRF-02525,24,30,48,60,181,159,none
TRF-02526,20,33,40,66,40,109,EW
TRF-02527,40,17,80,34,73,223,none
TRF-02528,31,16,62,32,61,285,none
TRF-02529,22,11,44,22,12,187,none
TRF-02530,22,27,44,54,109,286,none
TRF-02531,12,24,24,48,191,91,NS
TRF-02532,0,12,0,24,226,184,none
TRF-02533,0,37,0,74,158,168,none
TRF-02534,23,16,46,32,257,6,none
TRF-02535,2,17,4,34,245,203,none
TRF-02536,16,17,32,34,29,292,none
TRF-02537,30,38,60,76,232,251,none
TRF-02538,34,6,68,12,19,189,none
TRF-02539,9,11,18,22,67,42,none
TRF-02540,7,3,14,6,227,31,none
TRF-02541,34,17,68,34,99,8,none
TRF-02542,20,10,40,20,300,187,none
TRF-02543,25,26,50,52,31,33,none
TRF-02544,32,9,64,18,136,42,none
TRF-02545,2,17,4,34,101,258,none
TRF-02546,40,0,80,0,159,140,none
TRF-02547,7,21,14,42,238,290,none
TRF-02548,5,36,10,72,237,45,none
TRF-02549,5,11,10,22,44,95,none
TRF-02550,40,1,80,2,86,5,none
TRF-02551,23,29,46,58,41,126,none
TRF-02552,12,8,24,16,158,27,none
TRF-02553,18,11,36,22,142,71,none
TRF-02554,26,14,52,28,96,139,none
TRF-02555,11,18,22,36,132,225,none
TRF-02556,31,22,62,44,296,186,none
TRF-02557,33,28,66,56,87,18,NS
TRF-02558,37,24,74,48,79,275,none
TRF-02559,27,22,54,44,147,106,none
TRF-02560,32,35,64,70,137,46,none
TRF-02561,13,16,26,32,111,239,none
TRF-02562,7,33,14,66,95,243,none
TRF-02563,37,20,74,40,190,288,none
TRF-02564,37,2,74,4,165,53,none
TRF-02565,0,10,0,20,215,243,none
TRF-02566,6,11,12,22,183,156,none
TRF-02567,34,11,68,22,11,224,none
TRF-02568,29,37,58,74,294,222,none
TRF-02569,30,15,60,30,129,191,none
TRF-02570,30,25,60,50,153,20,EW
TRF-02571,14,32,28,64,55,215,none
TRF-02572,17,36,34,72,205,14,none
TRF-02573,10,19,20,38,268,101,EW
TRF-02574,36,8,72,16,66,170,none
TRF-02575,3,5,6,10,158,72,none
TRF-02576,29,25,58,50,84,235,none
TRF-02577,9,12,18,24,88,154,none
TRF-02578,11,15,22,30,104,223,none
TRF-02579,15,9,30,18,284,191,none
TRF-02580,10,22,20,44,51,241,none
TRF-02581,25,13,50,26,241,192,none
TRF-02582,15,6,30,12,198,65,none
TRF-02583,8,25,16,50,167,144,none
TRF-02584,27,38,54,76,201,273,none
TRF-02585,31,37,62,74,13,113,none
TRF-02586,11,15,22,30,188,185,none
TRF-02587,0,39,0,78,203,39,none
TRF-02588,8,31,16,62,96,22,none
TRF-02589,27,5,54,10,173,196,none
TRF-02590,27,9,54,18,145,159,none
TRF-02591,30,2,60,4,133,215,none
TRF-02592,25,33,50,66,54,238,none
TRF-02593,22,6,44,12,207,6,none
TRF-02594,8,36,16,72,259,196,none
TRF-02595,0,31,0,62,205,216,none
TRF-02596,19,27,38,54,132,59,none
TRF-02597,28,32,56,64,190,242,none
TRF-02598,34,23,68,46,57,91,EW
TRF-02599,34,24,68,48,40,76,none
TRF-02600,37,16,74,32,101,263,none
TRF-02601,29,27,58,54,24,237,none
TRF-02602,7,31,14,62,235,187,none
TRF-02603,38,23,76,46,129,217,none
TRF-02604,18,1,36,2,277,136,none
TRF-02605,22,26,44,52,8,228,none
TRF-02606,40,2,80,4,57,182,none
TRF-02607,34,25,68,50,127,89,none
TRF-02608,6,8,12,16,74,252,none
TRF-02609,17,22,34,44,234,124,NS
TRF-02610,33,36,66,72,234,20,none
TRF-02611,23,2,46,4,75,51,none
TRF-02612,5,21,10,42,154,216,none
TRF-02613,11,16,22,32,40,221,EW
TRF-02614,12,36,24,72,133,155,none
TRF-02615,34,15,68,30,25,191,none
TRF-02616,13,27,26,54,140,95,none
TRF-02617,2,38,4,76,204,92,none
TRF-02618,17,0,34,0,208,106,none
TRF-02619,26,8,52,16,140,136,none
TRF-02620,40,20,80,40,49,113,none
TRF-02621,20,14,40,28,32,147,none
TRF-02622,38,29,76,58,215,168,none
TRF-02623,30,35,60,70,6,175,none
TRF-02624,22,28,44,56,77,236,none
TRF-02625,31,13,62,26,272,87,none
TRF-02626,16,25,32,50,16,292,EW
TRF-02627,40,31,80,62,287,176,none
TRF-02628,33,23,66,46,155,149,none
TRF-02629,28,29,56,58,15,79,none
TRF-02630,10,39,20,78,180,289,none
TRF-02631,1,18,2,36,284,251,EW
TRF-02632,24,34,48,68,67,193,none
TRF-02633,7,6,14,12,202,111,none
TRF-02634,7,36,14,72,148,91,none
TRF-02635,25,35,50,70,209,180,none
TRF-02636,26,38,52,76,142,163,none
TRF-02637,40,6,80,12,162,257,none
TRF-02638,25,14,50,28,206,253,none
TRF-02639,18,28,36,56,80,90,none
TRF-02640,0,34,0,68,171,237,none
TRF-02641,6,24,12,48,297,214,EW
TRF-02642,26,12,52,24,14,114,none
TRF-02643,39,32,78,64,41,292,none
TRF-02644,1,20,2,40,127,85,none
TRF-02645,30,5,60,10,189,11,none
TRF-02646,24,35,48,70,261,98,none
TRF-02647,10,29,20,58,188,122,none
TRF-02648,12,20,24,40,67,150,none
TRF-02649,1,13,2,26,295,236,none
TRF-02650,38,28,76,56,123,90,EW
TRF-02651,32,7,64,14,169,81,none
TRF-02652,4,0,8,0,16,208,none
TRF-02653,30,24,60,48,36,213,EW
TRF-02654,34,7,68,14,273,12,none
TRF-02655,3,18,6,36,203,20,none
TRF-02656,32,40,64,80,225,219,none
TRF-02657,6,9,12,18,134,296,none
TRF-02658,7,10,14,20,187,211,none
TRF-02659,9,15,18,30,247,107,none
TRF-02660,21,4,42,8,234,251,none
TRF-02661,16,21,32,42,151,227,none
TRF-02662,28,16,56,32,290,140,none
TRF-02663,8,9,16,18,267,147,none
TRF-02664,23,36,46,72,185,149,none
TRF-02665,10,36,20,72,156,243,none
TRF-02666,18,9,36,18,65,75,none
TRF-02667,24,16,48,32,116,14,none
TRF-02668,37,19,74,38,75,299,none
TRF-02669,23,32,46,64,264,207,none
TRF-02670,10,22,20,44,79,300,none
TRF-02671,20,33,40,66,191,193,none
TRF-02672,31,10,62,20,268,246,none
TRF-02673,24,0,48,0,33,175,none
TRF-02674,13,14,26,28,76,142,none
TRF-02675,7,12,14,24,182,255,none
TRF-02676,40,0,80,0,268,116,none
TRF-02677,23,2,46,4,204,50,EW
TRF-02678,32,4,64,8,138,283,EW
TRF-02679,34,5,68,10,28,228,none
TRF-02680,15,15,30,30,131,93,none
TRF-02681,15,14,30,28,233,90,none
TRF-02682,38,17,76,34,282,142,none
TRF-02683,12,4,24,8,67,267,none
TRF-02684,13,14,26,28,124,299,none
TRF-02685,30,29,60,58,50,274,none
TRF-02686,3,20,6,40,37,100,none
TRF-02687,28,5,56,10,243,101,none
TRF-02688,37,13,74,26,249,153,none
TRF-02689,37,27,74,54,57,226,none
TRF-02690,12,37,24,74,233,0,none
TRF-02691,26,38,52,76,138,252,none
TRF-02692,21,32,42,64,247,263,none
TRF-02693,19,16,38,32,272,127,none
TRF-02694,35,32,70,64,158,225,none
TRF-02695,11,31,22,62,3,163,none
TRF-02696,32,30,64,60,253,83,none
TRF-02697,27,19,54,38,48,226,none
TRF-02698,34,11,68,22,99,55,none
TRF-02699,13,19,26,38,256,156,none
TRF-02700,33,30,66,60,52,153,NS
TRF-02701,13,36,26,72,79,165,none
TRF-02702,25,10,50,20,80,80,none
TRF-02703,33,30,66,60,213,137,none
TRF-02704,16,30,32,60,155,189,none
TRF-02705,21,22,42,44,161,230,none
TRF-02706,36,25,72,50,213,2,none
TRF-02707,25,3,50,6,209,181,none
TRF-02708,8,29,16,58,140,9,none
TRF-02709,12,13,24,26,131,150,none
TRF-02710,1,20,2,40,218,195,none
TRF-02711,35,12,70,24,110,257,none
TRF-02712,17,6,34,12,38,124,none
TRF-02713,30,37,60,74,240,23,none
TRF-02714,24,31,48,62,127,143,EW
TRF-02715,37,24,74,48,30,51,none
TRF-02716,21,17,42,34,275,189,none
TRF-02717,18,7,36,14,241,68,none
TRF-02718,4,20,8,40,211,77,none
TRF-02719,37,19,74,38,293,102,none
TRF-02720,28,15,56,30,167,293,none
TRF-02721,16,35,32,70,271,149,none
TRF-02722,8,4,16,8,160,184,NS
TRF-02723,28,13,56,26,94,164,none
TRF-02724,29,23,58,46,170,101,none
TRF-02725,16,16,32,32,11,71,none
TRF-02726,26,27,52,54,202,249,none
TRF-02727,33,3,66,6,262,191,none
TRF-02728,27,2,54,4,258,167,none
TRF-02729,31,18,62,36,294,170,none
TRF-02730,4,36,8,72,47,285,none
TRF-02731,34,10,68,20,262,44,none
TRF-02732,29,39,58,78,97,37,none
TRF-02733,27,17,54,34,238,231,none
TRF-02734,9,21,18,42,37,93,none
TRF-02735,21,29,42,58,270,221,none
TRF-02736,25,36,50,72,150,3,none
TRF-02737,24,1,48,2,4,115,none
TRF-02738,9,16,18,32,114,299,none
TRF-02739,20,34,40,68,234,102,none
TRF-02740,36,22,72,44,295,78,none
TRF-02741,9,13,18,26,157,92,none
TRF-02742,34,38,68,76,20,65,none
TRF-02743,4,20,8,40,161,117,none
TRF-02744,12,19,24,38,83,217,EW
TRF-02745,14,13,28,26,181,13,none
TRF-02746,28,7,56,14,192,13,none
TRF-02747,13,24,26,48,25,228,none
TRF-02748,12,13,24,26,194,63,none
TRF-02749,11,32,22,64,296,264,none
TRF-02750,13,7,26,14,250,183,none
TRF-02751,20,26,40,52,97,107,EW
TRF-02752,32,23,64,46,244,130,none
TRF-02753,29,1,58,2,3,194,none
TRF-02754,25,6,50,12,181,184,NS
TRF-02755,4,27,8,54,153,117,EW
TRF-02756,5,24,10,48,241,8,EW
TRF-02757,17,20,34,40,23,72,none
TRF-02758,11,36,22,72,4,65,none
TRF-02759,8,30,16,60,19,31,none
TRF-02760,13,18,26,36,190,212,none
TRF-02761,26,11,52,22,89,265,EW
TRF-02762,11,23,22,46,56,83,none
TRF-02763,13,19,26,38,206,191,NS
TRF-02764,16,39,32,78,164,14,none
TRF-02765,21,1,42,2,240,17,none
TRF-02766,9,26,18,52,23,276,none
TRF-02767,38,33,76,66,86,80,none
TRF-02768,22,14,44,28,47,214,EW
TRF-02769,7,30,14,60,237,212,none
TRF-02770,34,28,68,56,68,0,none
TRF-02771,30,16,60,32,65,165,none
TRF-02772,23,39,46,78,49,244,none
TRF-02773,36,12,72,24,64,112,none
TRF-02774,9,14,18,28,42,48,none
TRF-02775,18,39,36,78,53,127,none
TRF-02776,11,19,22,38,168,236,none
TRF-02777,33,33,66,66,295,136,none
TRF-02778,8,20,16,40,216,191,none
TRF-02779,37,2,74,4,197,24,none
TRF-02780,11,0,22,0,73,17,none
TRF-02781,15,10,30,20,203,165,none
TRF-02782,30,30,60,60,176,96,none
TRF-02783,36,25,72,50,231,109,none
TRF-02784,16,34,32,68,225,60,none
TRF-02785,32,21,64,42,172,95,none
TRF-02786,31,35,62,70,233,49,none
TRF-02787,21,33,42,66,134,32,none
TRF-02788,27,1,54,2,278,64,none
TRF-02789,29,7,58,14,61,281,none
TRF-02790,8,22,16,44,157,231,none
TRF-02791,5,32,10,64,93,203,none
TRF-02792,32,12,64,24,72,113,none
TRF-02793,12,22,24,44,269,77,none
TRF-02794,33,33,66,66,24,272,none
TRF-02795,14,33,28,66,85,191,none
TRF-02796,10,40,20,80,115,77,none
TRF-02797,39,27,78,54,103,142,none
TRF-02798,25,18,50,36,199,267,EW
TRF-02799,30,29,60,58,164,69,none
TRF-02800,19,0,38,0,38,128,none
TRF-02801,19,13,38,26,34,30,none
TRF-02802,8,9,16,18,246,82,none
TRF-02803,15,25,30,50,81,214,none
TRF-02804,12,15,24,30,179,36,none
TRF-02805,17,8,34,16,205,63,none
TRF-02806,37,9,74,18,105,227,none
TRF-02807,17,20,34,40,5,60,none
TRF-02808,33,6,66,12,241,118,none
TRF-02809,19,7,38,14,277,232,none
TRF-02810,21,17,42,34,20,195,none
TRF-02811,16,7,32,14,238,218,none
TRF-02812,31,18,62,36,115,267,none
TRF-02813,38,38,76,76,185,123,none
TRF-02814,31,27,62,54,215,29,none
TRF-02815,17,17,34,34,128,260,none
TRF-02816,16,22,32,44,42,6,none
TRF-02817,31,15,62,30,299,253,none
TRF-02818,27,17,54,34,53,249,none
TRF-02819,36,24,72,48,265,195,none
TRF-02820,6,37,12,74,50,294,none
TRF-02821,15,23,30,46,297,215,none
TRF-02822,2,22,4,44,225,235,none
TRF-02823,33,2,66,4,204,221,none
TRF-02824,1,13,2,26,290,92,none
TRF-02825,21,6,42,12,149,211,none
TRF-02826,29,16,58,32,183,176,none
TRF-02827,15,17,30,34,228,24,none
TRF-02828,40,16,80,32,82,107,none
TRF-02829,35,20,70,40,205,178,none
TRF-02830,11,31,22,62,45,170,none
TRF-02831,34,14,68,28,162,156,none
TRF-02832,5,40,10,80,207,160,none
TRF-02833,40,11,80,22,195,103,none
TRF-02834,31,22,62,44,172,224,none
TRF-02835,10,10,20,20,165,8,none
TRF-02836,37,19,74,38,259,286,none
TRF-02837,35,34,70,68,91,203,none
TRF-02838,4,12,8,24,47,46,none
TRF-02839,25,16,50,32,74,174,none
TRF-02840,25,8,50,16,197,53,none
TRF-02841,18,39,36,78,291,42,none
TRF-02842,14,28,28,56,20,125,none
TRF-02843,17,1,34,2,253,114,none
TRF-02844,14,15,28,30,115,225,none
TRF-02845,13,9,26,18,6,151,none
TRF-02846,1,39,2,78,247,224,none
TRF-02847,35,36,70,72,98,211,none
TRF-02848,33,37,66,74,204,294,none
TRF-02849,24,16,48,32,186,134,none
TRF-02850,23,15,46,30,163,276,none
TRF-02851,8,20,16,40,126,275,none
TRF-02852,6,32,12,64,243,274,none
TRF-02853,38,14,76,28,178,283,none
TRF-02854,14,29,28,58,137,294,none
TRF-02855,29,39,58,78,224,254,none
TRF-02856,4,10,8,20,11,286,none
TRF-02857,3,22,6,44,244,75,none
TRF-02858,22,4,44,8,141,291,none
TRF-02859,1,38,2,76,251,220,none
TRF-02860,8,25,16,50,110,231,none
TRF-02861,19,21,38,42,119,291,none
TRF-02862,32,26,64,52,73,276,EW
TRF-02863,37,20,74,40,3,27,none
TRF-02864,22,37,44,74,61,36,none
TRF-02865,33,26,66,52,82,99,none
TRF-02866,38,11,76,22,92,15,none
TRF-02867,31,7,62,14,169,45,none
TRF-02868,25,36,50,72,198,208,none
TRF-02869,30,8,60,16,175,93,none
TRF-02870,22,11,44,22,220,129,none
TRF-02871,11,16,22,32,205,102,none
TRF-02872,40,5,80,10,173,231,none
TRF-02873,33,16,66,32,10,31,EW
TRF-02874,3,23,6,46,48,86,none
TRF-02875,33,0,66,0,2,167,none
TRF-02876,1,36,2,72,288,191,none
TRF-02877,11,12,22,24,255,93,none
TRF-02878,22,6,44,12,79,191,none
TRF-02879,28,11,56,22,259,76,none
TRF-02880,28,1,56,2,19,275,none
TRF-02881,7,19,14,38,149,55,none
TRF-02882,11,37,22,74,265,85,NS
TRF-02883,31,12,62,24,79,172,NS
TRF-02884,35,24,70,48,229,59,none
TRF-02885,4,21,8,42,126,187,none
TRF-02886,31,12,62,24,206,21,none
TRF-02887,30,37,60,74,50,266,none
TRF-02888,20,33,40,66,288,294,none
TRF-02889,33,25,66,50,279,102,none
TRF-02890,8,28,16,56,101,149,NS
TRF-02891,27,25,54,50,222,193,none
TRF-02892,1,31,2,62,53,164,none
TRF-02893,39,24,78,48,156,254,EW
TRF-02894,18,3,36,6,270,21,none
TRF-02895,5,19,10,38,300,292,none
TRF-02896,20,3,40,6,273,14,none
TRF-02897,19,24,38,48,96,180,EW
TRF-02898,3,27,6,54,260,268,none
TRF-02899,32,23,64,46,22,109,none
TRF-02900,11,14,22,28,163,37,none
TRF-02901,31,13,62,26,292,7,none
TRF-02902,24,13,48,26,59,148,none
TRF-02903,15,21,30,42,90,199,none
TRF-02904,23,25,46,50,22,79,none
TRF-02905,15,39,30,78,132,216,none
TRF-02906,40,19,80,38,104,139,none
TRF-02907,0,26,0,52,211,193,none
TRF-02908,12,31,24,62,129,5,none
TRF-02909,25,2,50,4,229,65,none
TRF-02910,14,4,28,8,58,59,none
TRF-02911,31,4,62,8,93,274,none
TRF-02912,16,25,32,50,145,274,none
TRF-02913,36,16,72,32,55,61,none
TRF-02914,12,5,24,10,284,254,none
TRF-02915,33,2,66,4,240,245,none
TRF-02916,14,2,28,4,198,94,none
TRF-02917,4,15,8,30,223,189,none
TRF-02918,9,28,18,56,21,257,none
TRF-02919,12,13,24,26,162,22,none
TRF-02920,9,21,18,42,128,89,none
TRF-02921,12,3,24,6,200,194,none
TRF-02922,18,32,36,64,32,115,none
TRF-02923,12,21,24,42,224,12,none
TRF-02924,4,15,8,30,270,147,none
TRF-02925,9,35,18,70,162,29,none
TRF-02926,4,26,8,52,265,273,none
TRF-02927,10,20,20,40,189,19,none
TRF-02928,6,14,12,28,3,195,none
TRF-02929,3,24,6,48,290,61,none
TRF-02930,40,2,80,4,288,279,none
TRF-02931,30,36,60,72,197,144,none
TRF-02932,24,28,48,56,121,251,none
TRF-02933,22,40,44,80,232,245,NS
TRF-02934,9,29,18,58,274,184,none
TRF-02935,18,40,36,80,89,198,EW
TRF-02936,10,23,20,46,10,221,none
TRF-02937,9,2,18,4,235,210,none
TRF-02938,34,14,68,28,205,64,none
TRF-02939,22,13,44,26,207,215,none
TRF-02940,29,28,58,56,227,198,none
TRF-02941,21,20,42,40,204,68,none
TRF-02942,13,15,26,30,111,97,none
TRF-02943,39,23,78,46,237,280,none
TRF-02944,26,23,52,46,157,109,none
TRF-02945,30,6,60,12,277,231,none
TRF-02946,39,26,78,52,26,102,none
TRF-02947,35,10,70,20,196,264,none
TRF-02948,28,1,56,2,105,197,none
TRF-02949,11,17,22,34,288,79,none
TRF-02950,36,12,72,24,77,210,none
TRF-02951,15,8,30,16,249,161,none
TRF-02952,39,33,78,66,18,49,none
TRF-02953,5,1,10,2,4,27,none
TRF-02954,5,20,10,40,182,103,none
TRF-02955,13,19,26,38,33,185,none
TRF-02956,20,37,40,74,228,243,none
TRF-02957,11,18,22,36,155,51,none
TRF-02958,10,9,20,18,83,212,none
TRF-02959,39,26,78,52,81,287,none
TRF-02960,30,17,60,34,127,58,none
TRF-02961,9,28,18,56,49,20,none
TRF-02962,24,30,48,60,194,244,none
TRF-02963,1,37,2,74,185,225,none
TRF-02964,11,28,22,56,10,251,NS
TRF-02965,36,22,72,44,173,43,none
TRF-02966,4,11,8,22,69,153,none
TRF-02967,9,7,18,14,100,164,none
TRF-02968,5,22,10,44,253,8,none
TRF-02969,37,26,74,52,86,186,none
TRF-02970,12,32,24,64,143,266,NS
TRF-02971,1,31,2,62,163,85,none
TRF-02972,15,19,30,38,134,229,EW
TRF-02973,21,2,42,4,139,234,none
TRF-02974,21,35,42,70,16,66,none
TRF-02975,39,0,78,0,293,9,none
TRF-02976,12,30,24,60,194,198,none
TRF-02977,17,24,34,48,171,187,none
TRF-02978,27,26,54,52,175,67,NS
TRF-02979,16,35,32,70,98,250,none
TRF-02980,5,28,10,56,43,163,none
TRF-02981,7,1,14,2,65,54,none
TRF-02982,11,23,22,46,33,78,none
TRF-02983,15,5,30,10,38,4,none
TRF-02984,21,39,42,78,36,79,none
TRF-02985,29,40,58,80,169,54,none
TRF-02986,3,8,6,16,102,41,none
TRF-02987,5,0,10,0,221,119,none
TRF-02988,5,24,10,48,164,271,none
TRF-02989,12,31,24,62,95,240,none
TRF-02990,37,3,74,6,226,94,none
TRF-02991,5,11,10,22,101,134,none
TRF-02992,34,36,68,72,96,63,none
TRF-02993,4,12,8,24,95,164,none
TRF-02994,14,10,28,20,202,151,none
TRF-02995,32,40,64,80,146,111,none
TRF-02996,22,15,44,30,271,3,none
TRF-02997,16,18,32,36,82,33,none
TRF-02998,31,22,62,44,30,220,none
TRF-02999,28,0,56,0,45,163,none
TRF-03000,23,38,46,76,33,291,none
TRF-03001,20,28,40,56,183,245,none
TRF-03002,19,31,38,62,160,279,EW
TRF-03003,12,14,24,28,300,87,none
TRF-03004,22,26,44,52,238,236,none
TRF-03005,25,29,50,58,237,231,none
TRF-03006,24,26,48,52,12,71,none
TRF-03007,24,40,48,80,76,204,none
TRF-03008,27,11,54,22,77,94,none
TRF-03009,1,25,2,50,241,76,none
TRF-03010,12,1,24,2,254,200,none
TRF-03011,35,17,70,34,116,97,none
TRF-03012,31,27,62,54,222,81,none
TRF-03013,3,22,6,44,54,34,EW
TRF-03014,30,38,60,76,148,72,none
TRF-03015,31,13,62,26,213,251,none
TRF-03016,19,40,38,80,81,173,none
TRF-03017,39,27,78,54,62,66,none
TRF-03018,21,23,42,46,65,189,none
TRF-03019,30,4,60,8,9,228,none
TRF-03020,15,13,30,26,167,119,NS
TRF-03021,20,40,40,80,243,143,none
TRF-03022,36,21,72,42,99,65,EW
TRF-03023,40,36,80,72,117,121,none
TRF-03024,15,31,30,62,288,240,none
TRF-03025,20,32,40,64,48,196,none
TRF-03026,39,20,78,40,41,270,none
TRF-03027,38,17,76,34,34,230,none
TRF-03028,12,17,24,34,73,186,none
TRF-03029,3,30,6,60,126,114,none
TRF-03030,20,22,40,44,247,287,none
TRF-03031,17,20,34,40,248,160,none
TRF-03032,34,12,68,24,96,61,none
TRF-03033,3,12,6,24,268,258,none
TRF-03034,24,27,48,54,5,152,none
TRF-03035,9,18,18,36,12,14,none
TRF-03036,26,5,52,10,188,238,none
TRF-03037,9,28,18,56,195,284,none
TRF-03038,28,20,56,40,55,140,none
TRF-03039,12,38,24,76,232,145,none
TRF-03040,8,20,16,40,8,63,none
TRF-03041,20,35,40,70,244,188,none
TRF-03042,24,35,48,70,13,222,none
TRF-03043,25,11,50,22,167,17,none
TRF-03044,20,36,40,72,291,20,none
TRF-03045,3,8,6,16,254,32,NS
TRF-03046,8,9,16,18,52,267,none
TRF-03047,15,5,30,10,184,182,none
TRF-03048,26,21,52,42,35,252,none
TRF-03049,3,33,6,66,213,202,none
TRF-03050,35,5,70,10,106,229,none
TRF-03051,16,14,32,28,122,28,none
TRF-03052,35,1,70,2,26,115,none
TRF-03053,2,14,4,28,119,78,EW
TRF-03054,8,32,16,64,163,165,none
TRF-03055,40,25,80,50,9,261,none
TRF-03056,31,1,62,2,212,281,none
TRF-03057,12,37,24,74,18,106,none
TRF-03058,31,0,62,0,178,41,none
TRF-03059,23,32,46,64,84,203,none
TRF-03060,34,0,68,0,144,136,none
TRF-03061,32,24,64,48,81,103,none
TRF-03062,16,21,32,42,100,167,none
TRF-03063,25,7,50,14,146,231,none
TRF-03064,38,32,76,64,207,104,none
TRF-03065,2,24,4,48,54,105,none
TRF-03066,36,19,72,38,109,155,none
TRF-03067,3,40,6,80,117,290,none
TRF-03068,16,13,32,26,261,12,none
TRF-03069,13,11,26,22,170,105,none
TRF-03070,24,20,48,40,234,200,none
TRF-03071,10,31,20,62,245,287,none
TRF-03072,15,4,30,8,54,0,none
TRF-03073,39,3,78,6,5,140,NS
TRF-03074,19,28,38,56,195,290,EW
TRF-03075,6,3,12,6,188,110,none
TRF-03076,27,23,54,46,38,143,none
TRF-03077,1,19,2,38,17,61,none
TRF-03078,16,29,32,58,104,61,NS
TRF-03079,1,30,2,60,89,7,none
TRF-03080,15,29,30,58,296,285,none
TRF-03081,1,36,2,72,245,32,none
TRF-03082,9,13,18,26,33,203,none
TRF-03083,1,2,2,4,254,221,none
TRF-03084,26,11,52,22,6,295,none
TRF-03085,4,17,8,34,144,245,none
TRF-03086,17,1,34,2,139,96,none
TRF-03087,28,0,56,0,22,288,none
TRF-03088,27,35,54,70,250,118,none
TRF-03089,3,18,6,36,186,45,none
TRF-03090,29,30,58,60,278,83,none
TRF-03091,23,35,46,70,276,74,none
TRF-03092,40,22,80,44,208,89,none
TRF-03093,23,29,46,58,177,149,none
TRF-03094,31,34,62,68,208,184,EW
TRF-03095,5,38,10,76,129,70,none
TRF-03096,22,29,44,58,230,276,none
TRF-03097,10,2,20,4,175,259,NS
TRF-03098,40,9,80,18,174,276,none
TRF-03099,10,36,20,72,71,105,none
TRF-03100,25,5,50,10,214,57,EW
TRF-03101,34,2,68,4,266,53,none
TRF-03102,16,35,32,70,84,116,none
TRF-03103,21,31,42,62,59,166,none
TRF-03104,23,35,46,70,202,267,none
TRF-03105,25,14,50,28,295,179,none
TRF-03106,6,14,12,28,232,79,none
TRF-03107,12,0,24,0,258,55,none
TRF-03108,4,19,8,38,123,207,none
TRF-03109,13,34,26,68,49,97,none
TRF-03110,1,18,2,36,61,106,none
TRF-03111,4,4,8,8,129,231,EW
TRF-03112,27,22,54,44,206,5,none
TRF-03113,19,21,38,42,198,191,none
TRF-03114,27,39,54,78,244,21,none
TRF-03115,2,31,4,62,163,179,none
TRF-03116,30,24,60,48,275,50,none
TRF-03117,37,39,74,78,179,251,EW
TRF-03118,24,2,48,4,249,44,none
TRF-03119,34,5,68,10,42,125,none
TRF-03120,40,6,80,12,232,194,none
TRF-03121,15,38,30,76,240,17,none
TRF-03122,35,28,70,56,110,210,none
TRF-03123,8,37,16,74,14,259,none
TRF-03124,32,11,64,22,237,140,none
TRF-03125,24,34,48,68,24,129,none
TRF-03126,33,31,66,62,89,231,none
TRF-03127,10,2,20,4,148,169,none
TRF-03128,9,4,18,8,101,246,none
TRF-03129,0,24,0,48,90,192,none
TRF-03130,11,14,22,28,174,298,none
TRF-03131,14,28,28,56,59,51,none
TRF-03132,8,38,16,76,288,12,none
TRF-03133,23,27,46,54,10,268,none
TRF-03134,23,40,46,80,278,54,none
TRF-03135,2,17,4,34,223,285,none
TRF-03136,4,4,8,8,44,134,none
TRF-03137,22,30,44,60,205,259,NS
TRF-03138,8,7,16,14,12,82,none
TRF-03139,11,12,22,24,228,279,none
TRF-03140,16,30,32,60,34,94,none
TRF-03141,7,35,14,70,20,118,none
TRF-03142,19,8,38,16,200,5,none
TRF-03143,32,0,64,0,57,268,none
TRF-03144,37,33,74,66,4,155,none
TRF-03145,8,20,16,40,124,245,none
TRF-03146,12,30,24,60,244,245,none
TRF-03147,11,24,22,48,283,277,none
TRF-03148,4,9,8,18,65,261,none
TRF-03149,4,30,8,60,262,37,none
TRF-03150,15,40,30,80,211,185,NS
TRF-03151,16,26,32,52,30,221,none
TRF-03152,20,25,40,50,14,98,none
TRF-03153,23,25,46,50,230,115,none
TRF-03154,8,30,16,60,260,208,none
TRF-03155,40,10,80,20,123,266,none
TRF-03156,4,27,8,54,15,213,none
TRF-03157,5,9,10,18,20,189,none
TRF-03158,17,29,34,58,174,155,none
TRF-03159,38,20,76,40,157,240,none
TRF-03160,24,37,48,74,286,293,none
TRF-03161,21,5,42,10,250,175,none
TRF-03162,39,40,78,80,32,128,none
TRF-03163,17,18,34,36,262,116,none
TRF-03164,20,15,40,30,289,97,none
TRF-03165,19,12,38,24,171,265,none
TRF-03166,17,16,34,32,217,96,none
TRF-03167,8,18,16,36,97,185,none
TRF-03168,35,20,70,40,104,236,none
TRF-03169,11,7,22,14,149,126,none
TRF-03170,40,21,80,42,93,254,none
TRF-03171,25,30,50,60,138,290,none
TRF-03172,21,9,42,18,130,36,none
TRF-03173,24,35,48,70,201,1,none
TRF-03174,16,31,32,62,232,281,none
TRF-03175,17,32,34,64,290,215,none
TRF-03176,3,27,6,54,250,55,none
TRF-03177,24,20,48,40,61,71,none
TRF-03178,23,3,46,6,21,35,none
TRF-03179,35,34,70,68,137,65,none
TRF-03180,27,13,54,26,20,290,none
TRF-03181,7,21,14,42,141,145,none
TRF-03182,14,14,28,28,292,136,NS
TRF-03183,22,15,44,30,77,11,none
TRF-03184,20,14,40,28,87,196,none
TRF-03185,39,1,78,2,82,46,none
TRF-03186,39,17,78,34,248,63,none
TRF-03187,26,14,52,28,123,235,none
TRF-03188,11,14,22,28,143,54,none
TRF-03189,19,27,38,54,296,197,none
TRF-03190,14,6,28,12,41,209,none
TRF-03191,28,9,56,18,196,194,none
TRF-03192,17,13,34,26,251,223,none
TRF-03193,33,21,66,42,164,10,none
TRF-03194,39,24,78,48,226,105,none
TRF-03195,4,38,8,76,193,86,none
TRF-03196,13,13,26,26,160,180,none
TRF-03197,15,18,30,36,118,194,none
TRF-03198,30,1,60,2,288,124,none
TRF-03199,4,28,8,56,11,199,none
TRF-03200,23,24,46,48,10,251,none
TRF-03201,28,27,56,54,45,223,none
TRF-03202,14,17,28,34,187,133,none
TRF-03203,10,14,20,28,299,264,none
TRF-03204,12,2,24,4,195,186,none
TRF-03205,14,5,28,10,81,47,none
TRF-03206,35,3,70,6,128,40,none
TRF-03207,16,28,32,56,76,150,none
TRF-03208,27,17,54,34,95,117,none
TRF-03209,10,33,20,66,34,118,none
TRF-03210,39,3,78,6,293,90,none
TRF-03211,30,27,60,54,85,120,none
TRF-03212,12,38,24,76,39,34,none
TRF-03213,17,11,34,22,273,63,none
TRF-03214,35,23,70,46,91,78,none
TRF-03215,11,15,22,30,4,166,none
TRF-03216,17,32,34,64,10,256,none
TRF-03217,3,25,6,50,69,85,none
TRF-03218,9,8,18,16,123,188,none
TRF-03219,17,29,34,58,125,232,none
TRF-03220,7,15,14,30,82,21,none
TRF-03221,24,8,48,16,0,147,none
TRF-03222,31,25,62,50,281,277,none
TRF-03223,33,29,66,58,266,181,none
TRF-03224,36,25,72,50,128,268,NS
TRF-03225,10,32,20,64,255,64,none
TRF-03226,13,4,26,8,188,152,none
TRF-03227,26,24,52,48,192,153,none
TRF-03228,20,31,40,62,101,8,none
TRF-03229,40,9,80,18,230,71,none
TRF-03230,19,25,38,50,125,72,none
TRF-03231,14,28,28,56,129,249,none
TRF-03232,29,23,58,46,104,237,none
TRF-03233,3,15,6,30,74,51,none
TRF-03234,3,22,6,44,238,197,none
TRF-03235,27,4,54,8,150,181,none
TRF-03236,35,30,70,60,20,245,none
TRF-03237,21,12,42,24,158,259,none
TRF-03238,6,9,12,18,287,138,none
TRF-03239,32,13,64,26,266,190,none
TRF-03240,25,21,50,42,235,177,none
TRF-03241,18,23,36,46,26,264,none
TRF-03242,28,31,56,62,221,263,none
TRF-03243,35,36,70,72,259,34,EW
TRF-03244,9,24,18,48,169,225,none
TRF-03245,40,17,80,34,73,72,none
TRF-03246,12,5,24,10,196,141,none
TRF-03247,2,2,4,4,155,6,EW
TRF-03248,12,26,24,52,291,99,none
TRF-03249,9,27,18,54,280,290,none
TRF-03250,13,0,26,0,33,83,none
TRF-03251,16,30,32,60,33,112,none
TRF-03252,10,31,20,62,58,40,none
TRF-03253,21,39,42,78,190,240,EW
TRF-03254,16,36,32,72,285,280,none
TRF-03255,21,40,42,80,167,269,none
TRF-03256,37,33,74,66,142,125,none
TRF-03257,1,27,2,54,247,139,none
TRF-03258,32,19,64,38,255,207,none
TRF-03259,37,19,74,38,131,54,none
TRF-03260,35,14,70,28,112,127,none
TRF-03261,9,6,18,12,277,258,none
TRF-03262,25,26,50,52,290,169,none
TRF-03263,15,10,30,20,246,33,none
TRF-03264,3,27,6,54,207,221,none
TRF-03265,30,1,60,2,170,189,none
TRF-03266,15,31,30,62,251,202,none
TRF-03267,25,27,50,54,120,146,none
TRF-03268,10,21,20,42,81,167,none
TRF-03269,5,6,10,12,42,42,none
TRF-03270,0,9,0,18,276,219,none
TRF-03271,5,9,10,18,26,1,none
TRF-03272,2,8,4,16,149,187,none
TRF-03273,22,36,44,72,44,20,none
TRF-03274,19,21,38,42,51,19,EW
TRF-03275,5,2,10,4,0,98,none
TRF-03276,25,31,50,62,55,136,none
TRF-03277,39,33,78,66,36,145,none
TRF-03278,29,38,58,76,133,80,none
TRF-03279,32,6,64,12,254,114,none
TRF-03280,2,25,4,50,173,83,none
TRF-03281,28,22,56,44,260,156,none
TRF-03282,25,26,50,52,120,158,none
TRF-03283,13,15,26,30,236,76,none
TRF-03284,2,5,4,10,30,300,none
TRF-03285,9,6,18,12,229,64,none
TRF-03286,4,18,8,36,170,163,none
TRF-03287,30,27,60,54,209,62,NS
TRF-03288,35,37,70,74,154,107,none
TRF-03289,2,23,4,46,80,200,none
TRF-03290,4,3,8,6,16,129,none
TRF-03291,31,29,62,58,203,165,none
TRF-03292,20,27,40,54,161,290,none
TRF-03293,11,0,22,0,84,128,none
TRF-03294,31,21,62,42,75,21,none
TRF-03295,15,32,30,64,253,142,NS
TRF-03296,11,26,22,52,19,4,none
TRF-03297,21,39,42,78,190,172,none
TRF-03298,30,32,60,64,103,108,none
TRF-03299,32,17,64,34,271,200,none
TRF-03300,37,39,74,78,100,222,none
TRF-03301,2,29,4,58,280,148,none
TRF-03302,29,2,58,4,145,170,none
TRF-03303,37,40,74,80,32,242,none
TRF-03304,26,29,52,58,292,118,NS
TRF-03305,37,14,74,28,230,135,none
TRF-03306,2,14,4,28,296,130,none
TRF-03307,0,33,0,66,117,20,none
TRF-03308,28,15,56,30,203,1,none
TRF-03309,4,17,8,34,274,279,NS
TRF-03310,1,32,2,64,156,26,none
TRF-03311,37,13,74,26,273,282,none
TRF-03312,7,15,14,30,199,287,none
TRF-03313,11,34,22,68,102,7,none
TRF-03314,5,21,10,42,125,245,none
TRF-03315,8,16,16,32,86,149,none
TRF-03316,26,10,52,20,218,104,none
TRF-03317,23,6,46,12,147,158,EW
TRF-03318,35,40,70,80,35,39,EW
TRF-03319,7,0,14,0,122,33,none
TRF-03320,17,11,34,22,58,231,none
TRF-03321,32,34,64,68,238,261,none
TRF-03322,39,17,78,34,42,182,none
TRF-03323,22,11,44,22,198,96,none
TRF-03324,16,1,32,2,44,32,none
TRF-03325,21,10,42,20,267,273,none
TRF-03326,40,22,80,44,15,174,none
TRF-03327,27,6,54,12,262,206,none
TRF-03328,12,39,24,78,247,300,none
TRF-03329,4,14,8,28,253,285,none
TRF-03330,24,20,48,40,188,101,none
TRF-03331,2,28,4,56,96,1,none
TRF-03332,1,23,2,46,173,212,none
TRF-03333,0,20,0,40,237,43,none
TRF-03334,6,38,12,76,266,287,none
TRF-03335,37,8,74,16,242,253,none
TRF-03336,35,21,70,42,61,16,none
TRF-03337,40,20,80,40,125,159,none
TRF-03338,27,18,54,36,19,54,none
TRF-03339,19,8,38,16,132,194,EW
TRF-03340,17,21,34,42,210,38,EW
TRF-03341,23,4,46,8,255,157,none
TRF-03342,26,1,52,2,13,145,none
TRF-03343,5,8,10,16,268,51,none
TRF-03344,6,16,12,32,170,162,none
TRF-03345,11,36,22,72,108,298,none
TRF-03346,14,3,28,6,141,159,none
TRF-03347,35,34,70,68,40,281,NS
TRF-03348,34,19,68,38,282,152,none
TRF-03349,25,2,50,4,159,215,none
TRF-03350,21,17,42,34,26,70,none
TRF-03351,37,0,74,0,54,244,none
TRF-03352,23,25,46,50,277,54,none
TRF-03353,37,35,74,70,126,41,none
TRF-03354,11,36,22,72,53,8,none
TRF-03355,8,10,16,20,260,122,EW
TRF-03356,0,33,0,66,139,295,none
TRF-03357,12,31,24,62,280,121,none
TRF-03358,13,39,26,78,198,98,none
TRF-03359,18,22,36,44,69,207,EW
TRF-03360,26,37,52,74,147,137,none
TRF-03361,7,26,14,52,130,254,none
TRF-03362,7,25,14,50,97,129,none
TRF-03363,36,11,72,22,297,61,EW
TRF-03364,15,8,30,16,20,118,EW
TRF-03365,2,4,4,8,202,68,EW
TRF-03366,17,7,34,14,294,1,none
TRF-03367,7,0,14,0,211,54,none
TRF-03368,28,9,56,18,75,63,none
TRF-03369,20,26,40,52,193,265,none
TRF-03370,28,12,56,24,74,105,none
TRF-03371,12,15,24,30,250,250,NS
TRF-03372,27,3,54,6,129,1,none
TRF-03373,10,3,20,6,30,234,none
TRF-03374,13,26,26,52,56,147,none
TRF-03375,17,11,34,22,218,7,none
TRF-03376,33,4,66,8,300,232,none
TRF-03377,14,28,28,56,102,141,none
TRF-03378,24,17,48,34,82,245,none
TRF-03379,8,1,16,2,120,248,none
TRF-03380,35,32,70,64,74,56,none
TRF-03381,23,33,46,66,130,50,none
TRF-03382,33,19,66,38,206,10,none
TRF-03383,6,15,12,30,144,129,none
TRF-03384,35,39,70,78,294,271,NS
TRF-03385,40,31,80,62,270,1,none
TRF-03386,1,20,2,40,283,214,none
TRF-03387,0,30,0,60,99,95,none
TRF-03388,19,27,38,54,128,139,none
TRF-03389,40,25,80,50,289,288,none
TRF-03390,24,30,48,60,100,125,none
TRF-03391,21,22,42,44,241,123,none
TRF-03392,31,14,62,28,220,287,none
TRF-03393,4,6,8,12,289,70,none
TRF-03394,2,13,4,26,239,211,none
TRF-03395,4,6,8,12,280,225,none
TRF-03396,14,13,28,26,111,189,none
TRF-03397,16,0,32,0,300,209,none
TRF-03398,17,37,34,74,230,107,none
TRF-03399,15,39,30,78,60,47,none
TRF-03400,38,34,76,68,123,22,none
TRF-03401,17,34,34,68,85,3,NS
TRF-03402,31,13,62,26,210,169,none
TRF-03403,32,37,64,74,117,294,none
TRF-03404,27,22,54,44,182,231,none
TRF-03405,10,1,20,2,49,292,none
TRF-03406,17,12,34,24,88,80,none
TRF-03407,2,11,4,22,100,107,none
TRF-03408,18,29,36,58,31,230,none
TRF-03409,8,2,16,4,60,104,none
TRF-03410,19,27,38,54,78,32,none
TRF-03411,10,30,20,60,193,3,none
TRF-03412,2,34,4,68,89,215,none
TRF-03413,10,13,20,26,37,78,none
TRF-03414,27,14,54,28,85,136,none
TRF-03415,35,33,70,66,299,168,none
TRF-03416,10,38,20,76,272,290,none
TRF-03417,28,27,56,54,88,227,none
TRF-03418,16,38,32,76,109,10,none
TRF-03419,18,24,36,48,274,238,NS
TRF-03420,37,7,74,14,64,27,none
TRF-03421,34,7,68,14,286,245,none
TRF-03422,37,8,74,16,27,265,none
TRF-03423,14,8,28,16,123,25,none
TRF-03424,38,34,76,68,37,123,none
TRF-03425,5,21,10,42,268,275,none
TRF-03426,16,21,32,42,281,69,none
TRF-03427,2,27,4,54,251,105,none
TRF-03428,14,40,28,80,45,265,none
TRF-03429,28,4,56,8,216,279,none
TRF-03430,20,29,40,58,84,141,EW
TRF-03431,21,1,42,2,16,5,none
TRF-03432,1,1,2,2,42,165,none
TRF-03433,40,37,80,74,41,42,none
TRF-03434,30,6,60,12,224,275,none
TRF-03435,3,40,6,80,13,76,EW
TRF-03436,20,24,40,48,58,258,none
TRF-03437,18,16,36,32,81,43,none
TRF-03438,9,38,18,76,295,276,none
TRF-03439,31,33,62,66,39,77,none
TRF-03440,18,32,36,64,21,160,none
TRF-03441,2,32,4,64,222,239,none
TRF-03442,38,3,76,6,1,133,none
TRF-03443,24,22,48,44,174,45,none
TRF-03444,33,17,66,34,271,76,none
TRF-03445,36,7,72,14,120,211,none
TRF-03446,17,32,34,64,116,164,none
TRF-03447,3,23,6,46,158,87,none
TRF-03448,24,2,48,4,282,20,none
TRF-03449,3,26,6,52,106,123,none
TRF-03450,39,35,78,70,235,181,none
TRF-03451,1,39,2,78,269,94,none
TRF-03452,3,17,6,34,24,62,none
TRF-03453,16,33,32,66,63,284,NS
TRF-03454,0,16,0,32,132,90,none
TRF-03455,30,31,60,62,127,264,none
TRF-03456,12,33,24,66,32,204,none
TRF-03457,9,4,18,8,72,204,none
TRF-03458,18,10,36,20,267,292,none
TRF-03459,19,26,38,52,152,81,none
TRF-03460,26,8,52,16,188,270,none
TRF-03461,6,19,12,38,128,42,none
TRF-03462,2,24,4,48,149,199,none
TRF-03463,23,18,46,36,21,95,none
TRF-03464,14,23,28,46,174,278,none
TRF-03465,18,12,36,24,11,43,none
TRF-03466,19,26,38,52,143,148,none
TRF-03467,33,32,66,64,11,115,none
TRF-03468,23,15,46,30,284,256,none
TRF-03469,17,21,34,42,68,238,none
TRF-03470,3,21,6,42,19,148,none
TRF-03471,3,18,6,36,122,104,NS
TRF-03472,13,22,26,44,99,269,none
TRF-03473,20,7,40,14,202,113,none
TRF-03474,6,5,12,10,48,232,none
TRF-03475,7,34,14,68,24,101,none
TRF-03476,5,40,10,80,101,252,none
TRF-03477,25,20,50,40,115,20,none
TRF-03478,2,4,4,8,42,258,none
TRF-03479,20,24,40,48,48,236,EW
TRF-03480,26,35,52,70,268,4,none
TRF-03481,11,13,22,26,13,15,none
TRF-03482,21,26,42,52,57,281,none
TRF-03483,38,33,76,66,6,125,none
TRF-03484,21,30,42,60,254,135,none
TRF-03485,38,7,76,14,212,1,none
TRF-03486,13,25,26,50,188,177,none
TRF-03487,3,4,6,8,159,36,none
TRF-03488,33,40,66,80,294,146,none
TRF-03489,18,14,36,28,118,203,none
TRF-03490,21,1,42,2,300,71,none
TRF-03491,26,12,52,24,87,80,NS
TRF-03492,38,38,76,76,258,75,none
TRF-03493,28,17,56,34,171,172,none
TRF-03494,5,16,10,32,18,150,none
TRF-03495,34,26,68,52,21,187,none
TRF-03496,21,15,42,30,252,202,none
TRF-03497,2,33,4,66,49,59,none
TRF-03498,27,1,54,2,21,98,none
TRF-03499,3,33,6,66,104,184,none
TRF-03500,38,5,76,10,13,197,none
TRF-03501,29,4,58,8,164,108,none
TRF-03502,11,13,22,26,130,174,none
TRF-03503,27,32,54,64,281,93,none
TRF-03504,6,31,12,62,248,217,none
TRF-03505,9,39,18,78,107,268,none
TRF-03506,18,2,36,4,59,123,none
TRF-03507,35,0,70,0,270,229,none
TRF-03508,21,19,42,38,121,244,none
TRF-03509,35,33,70,66,69,208,none
TRF-03510,14,23,28,46,63,27,none
TRF-03511,23,28,46,56,9,24,none
TRF-03512,36,37,72,74,33,148,none
TRF-03513,11,1,22,2,231,130,none
TRF-03514,10,25,20,50,293,215,none
TRF-03515,36,24,72,48,151,282,none
TRF-03516,38,29,76,58,45,267,none
TRF-03517,34,23,68,46,296,196,none
TRF-03518,36,15,72,30,75,169,none
TRF-03519,18,1,36,2,256,158,none
TRF-03520,12,11,24,22,97,55,none
TRF-03521,14,18,28,36,72,220,none
TRF-03522,35,3,70,6,208,11,EW
TRF-03523,30,9,60,18,203,60,none
TRF-03524,26,1,52,2,226,89,none
TRF-03525,19,35,38,70,116,266,none
TRF-03526,20,38,40,76,185,124,none
TRF-03527,33,8,66,16,287,8,none
TRF-03528,18,0,36,0,176,208,none
TRF-03529,7,9,14,18,289,222,none
TRF-03530,35,9,70,18,207,183,none
TRF-03531,9,27,18,54,136,47,none
TRF-03532,24,36,48,72,193,176,none
TRF-03533,4,13,8,26,7,287,none
TRF-03534,27,6,54,12,74,97,none
TRF-03535,20,36,40,72,172,61,none
TRF-03536,12,17,24,34,204,277,none
TRF-03537,37,19,74,38,260,139,none
TRF-03538,2,1,4,2,84,244,none
TRF-03539,0,0,0,0,263,222,none
TRF-03540,24,4,48,8,28,59,none
TRF-03541,24,32,48,64,103,38,none
TRF-03542,12,39,24,78,171,13,none
TRF-03543,4,24,8,48,270,28,none
TRF-03544,17,5,34,10,150,37,none
TRF-03545,20,3,40,6,232,208,none
TRF-03546,40,33,80,66,100,298,NS
TRF-03547,26,40,52,80,73,25,none
TRF-03548,14,40,28,80,143,138,none
TRF-03549,31,28,62,56,226,144,none
TRF-03550,3,28,6,56,71,206,none
TRF-03551,26,8,52,16,70,176,none
TRF-03552,5,31,10,62,242,196,NS
TRF-03553,10,36,20,72,34,134,none
TRF-03554,33,34,66,68,134,34,EW
TRF-03555,12,12,24,24,232,118,none
TRF-03556,8,20,16,40,183,87,none
TRF-03557,25,6,50,12,239,278,NS
TRF-03558,29,0,58,0,104,84,none
TRF-03559,5,38,10,76,83,0,none
TRF-03560,14,27,28,54,121,262,EW
TRF-03561,20,8,40,16,239,253,none
TRF-03562,22,24,44,48,62,97,none
TRF-03563,4,34,8,68,151,157,none
TRF-03564,3,10,6,20,296,165,none
TRF-03565,25,18,50,36,261,22,EW
TRF-03566,6,27,12,54,141,145,EW
TRF-03567,15,28,30,56,104,128,none
TRF-03568,25,30,50,60,273,55,NS
TRF-03569,29,31,58,62,262,87,NS
TRF-03570,4,0,8,0,82,47,none
TRF-03571,37,34,74,68,93,52,none
TRF-03572,16,33,32,66,214,87,none
TRF-03573,21,31,42,62,224,119,none
TRF-03574,14,34,28,68,124,58,none
TRF-03575,11,34,22,68,163,209,none
TRF-03576,14,36,28,72,230,11,none
TRF-03577,37,34,74,68,219,206,none
TRF-03578,7,29,14,58,244,31,none
TRF-03579,31,15,62,30,207,265,none
TRF-03580,9,0,18,0,186,1,none
TRF-03581,9,5,18,10,87,92,none
TRF-03582,22,20,44,40,81,44,EW
TRF-03583,23,0,46,0,171,276,EW
TRF-03584,6,16,12,32,207,291,none
TRF-03585,4,33,8,66,89,37,EW
TRF-03586,8,20,16,40,290,203,EW
TRF-03587,38,2,76,4,285,273,none
TRF-03588,17,15,34,30,220,277,none
TRF-03589,34,1,68,2,81,64,none
TRF-03590,2,21,4,42,17,117,none
TRF-03591,34,27,68,54,128,259,EW
TRF-03592,8,19,16,38,172,262,none
TRF-03593,4,5,8,10,145,177,none
TRF-03594,34,32,68,64,234,18,none
TRF-03595,28,5,56,10,182,91,none
TRF-03596,34,25,68,50,229,199,none
TRF-03597,34,11,68,22,13,231,none
TRF-03598,4,39,8,78,32,236,none
TRF-03599,34,31,68,62,196,277,none
TRF-03600,39,36,78,72,223,258,none
TRF-03601,9,8,18,16,163,264,none
TRF-03602,31,2,62,4,272,162,none
TRF-03603,0,25,0,50,95,121,none
TRF-03604,17,1,34,2,184,199,none
TRF-03605,39,21,78,42,233,291,none
TRF-03606,7,10,14,20,143,277,none
TRF-03607,21,23,42,46,137,128,none
TRF-03608,33,25,66,50,235,201,none
TRF-03609,22,39,44,78,150,95,none
TRF-03610,40,8,80,16,272,294,none
TRF-03611,25,14,50,28,99,279,EW
TRF-03612,36,6,72,12,174,207,none
TRF-03613,5,20,10,40,95,272,none
TRF-03614,30,11,60,22,175,199,none
TRF-03615,36,10,72,20,206,113,none
TRF-03616,14,21,28,42,271,189,none
TRF-03617,32,6,64,12,286,200,none
TRF-03618,1,31,2,62,265,134,EW
TRF-03619,35,20,70,40,8,164,none
TRF-03620,18,16,36,32,114,3,none
TRF-03621,40,39,80,78,61,262,none
TRF-03622,4,7,8,14,246,247,none
TRF-03623,12,33,24,66,170,297,none
TRF-03624,2,5,4,10,186,107,none
TRF-03625,5,20,10,40,150,232,none
TRF-03626,20,12,40,24,54,110,none
TRF-03627,23,39,46,78,109,214,none
TRF-03628,33,6,66,12,121,218,none
TRF-03629,20,2,40,4,8,136,EW
TRF-03630,9,6,18,12,145,44,none
TRF-03631,22,11,44,22,233,196,none
TRF-03632,7,37,14,74,268,242,none
TRF-03633,38,8,76,16,244,3,none
TRF-03634,8,15,16,30,263,269,none
TRF-03635,22,25,44,50,83,70,NS
TRF-03636,35,27,70,54,213,29,EW
TRF-03637,37,32,74,64,212,230,none
TRF-03638,17,19,34,38,85,70,none
TRF-03639,21,32,42,64,172,143,none
TRF-03640,21,37,42,74,216,186,none
TRF-03641,20,39,40,78,147,91,none
TRF-03642,19,39,38,78,60,42,none
TRF-03643,27,21,54,42,13,69,NS
TRF-03644,0,2,0,4,21,79,none
TRF-03645,23,40,46,80,117,300,none
TRF-03646,14,4,28,8,121,67,none
TRF-03647,7,20,14,40,162,35,none
TRF-03648,20,21,40,42,246,17,none
TRF-03649,40,40,80,80,217,284,none
TRF-03650,6,18,12,36,155,145,none
TRF-03651,33,39,66,78,196,197,none
TRF-03652,31,9,62,18,255,113,none
TRF-03653,40,28,80,56,149,211,none
TRF-03654,0,8,0,16,187,263,EW
TRF-03655,10,23,20,46,147,107,NS
TRF-03656,4,33,8,66,111,88,none
TRF-03657,6,8,12,16,97,32,none
TRF-03658,38,9,76,18,3,156,none
TRF-03659,3,24,6,48,4,46,none
TRF-03660,26,16,52,32,250,81,none
TRF-03661,35,29,70,58,176,12,none
TRF-03662,30,25,60,50,265,44,none
TRF-03663,11,11,22,22,179,245,none
TRF-03664,16,23,32,46,287,136,none
TRF-03665,24,9,48,18,292,16,none
TRF-03666,39,5,78,10,261,232,none
TRF-03667,35,15,70,30,52,200,none
TRF-03668,11,28,22,56,61,240,none
TRF-03669,29,13,58,26,101,226,none
TRF-03670,13,36,26,72,298,95,EW
TRF-03671,1,20,2,40,93,88,none
TRF-03672,36,39,72,78,109,210,none
TRF-03673,6,27,12,54,167,299,none
TRF-03674,19,15,38,30,283,281,none
TRF-03675,10,20,20,40,186,125,none
TRF-03676,34,13,68,26,163,284,NS
TRF-03677,17,26,34,52,62,250,none
TRF-03678,29,31,58,62,112,82,none
TRF-03679,18,15,36,30,10,292,none
TRF-03680,16,36,32,72,255,59,none
TRF-03681,28,38,56,76,298,224,none
TRF-03682,36,11,72,22,225,35,none
TRF-03683,21,15,42,30,239,269,NS
TRF-03684,7,13,14,26,251,167,none
TRF-03685,35,33,70,66,124,66,none
TRF-03686,6,8,12,16,186,203,none
TRF-03687,3,35,6,70,96,88,none
TRF-03688,2,16,4,32,283,250,none
TRF-03689,29,33,58,66,257,259,none
TRF-03690,28,22,56,44,107,190,none
TRF-03691,22,11,44,22,121,273,none
TRF-03692,3,2,6,4,103,8,none
TRF-03693,19,15,38,30,198,41,none
TRF-03694,36,20,72,40,56,235,none
TRF-03695,10,13,20,26,292,47,none
TRF-03696,9,36,18,72,85,300,none
TRF-03697,1,5,2,10,155,101,none
TRF-03698,32,12,64,24,29,100,NS
TRF-03699,36,26,72,52,240,42,none
TRF-03700,37,31,74,62,47,58,none
TRF-03701,3,40,6,80,77,77,none
TRF-03702,10,7,20,14,235,209,none
TRF-03703,8,3,16,6,58,45,none
TRF-03704,24,25,48,50,53,66,NS
TRF-03705,2,7,4,14,16,228,none
TRF-03706,21,33,42,66,224,127,none
TRF-03707,39,13,78,26,18,150,none
TRF-03708,27,24,54,48,172,106,none
TRF-03709,11,29,22,58,154,266,none
TRF-03710,18,11,36,22,51,46,none
TRF-03711,35,25,70,50,268,71,NS
TRF-03712,0,36,0,72,167,68,none
TRF-03713,18,24,36,48,65,8,none
TRF-03714,37,12,74,24,187,179,none
TRF-03715,4,0,8,0,109,291,none
TRF-03716,8,37,16,74,254,8,none
TRF-03717,14,29,28,58,60,72,none
TRF-03718,27,22,54,44,281,167,none
TRF-03719,24,19,48,38,66,108,none
TRF-03720,16,4,32,8,79,13,none
TRF-03721,30,3,60,6,216,63,none
TRF-03722,10,30,20,60,118,285,none
TRF-03723,3,10,6,20,31,226,none
TRF-03724,5,27,10,54,218,11,none
TRF-03725,8,8,16,16,144,271,none
TRF-03726,6,21,12,42,163,133,EW
TRF-03727,10,40,20,80,3,113,none
TRF-03728,18,2,36,4,127,30,none
TRF-03729,39,23,78,46,207,254,none
TRF-03730,40,28,80,56,188,216,none
TRF-03731,19,39,38,78,33,189,none
TRF-03732,22,23,44,46,145,217,none
TRF-03733,15,16,30,32,245,54,none
TRF-03734,16,29,32,58,222,1,none
TRF-03735,35,3,70,6,60,263,none
TRF-03736,13,1,26,2,211,283,none
TRF-03737,28,25,56,50,141,46,none
TRF-03738,27,33,54,66,21,278,none
TRF-03739,6,23,12,46,229,54,none
TRF-03740,1,6,2,12,175,31,none
TRF-03741,12,32,24,64,21,209,none
TRF-03742,15,3,30,6,236,117,none
TRF-03743,3,18,6,36,184,271,EW
TRF-03744,31,19,62,38,102,205,none
TRF-03745,12,1,24,2,8,289,none
TRF-03746,22,34,44,68,270,181,none
TRF-03747,27,38,54,76,129,254,none
TRF-03748,7,35,14,70,2,170,none
TRF-03749,12,38,24,76,206,80,none
TRF-03750,28,16,56,32,223,201,none
TRF-03751,9,5,18,10,180,299,none
TRF-03752,15,8,30,16,243,9,none
TRF-03753,17,25,34,50,212,217,none
TRF-03754,21,40,42,80,12,34,none
TRF-03755,3,28,6,56,248,239,none
TRF-03756,16,2,32,4,10,134,none
TRF-03757,34,35,68,70,34,288,none
TRF-03758,40,17,80,34,293,1,none
TRF-03759,4,20,8,40,88,21,none
TRF-03760,38,32,76,64,19,152,none
TRF-03761,38,31,76,62,202,270,EW
TRF-03762,40,14,80,28,33,101,none
TRF-03763,28,7,56,14,212,195,none
TRF-03764,18,6,36,12,210,195,EW
TRF-03765,9,13,18,26,248,146,EW
TRF-03766,31,30,62,60,292,136,none
TRF-03767,11,20,22,40,223,93,none
TRF-03768,32,37,64,74,148,298,none
TRF-03769,7,39,14,78,228,7,none
TRF-03770,16,10,32,20,220,71,none
TRF-03771,29,3,58,6,263,235,none
TRF-03772,34,10,68,20,54,45,none
TRF-03773,10,1,20,2,132,48,none
TRF-03774,34,5,68,10,120,189,none
TRF-03775,39,36,78,72,262,258,none
TRF-03776,37,28,74,56,75,57,none
TRF-03777,28,1,56,2,275,257,none
TRF-03778,18,32,36,64,15,36,EW
TRF-03779,25,16,50,32,155,273,none
TRF-03780,7,28,14,56,182,267,none
TRF-03781,14,36,28,72,225,259,none
TRF-03782,0,34,0,68,88,31,none
TRF-03783,16,34,32,68,23,214,none
TRF-03784,30,5,60,10,92,96,none
TRF-03785,5,19,10,38,206,46,none
TRF-03786,5,10,10,20,261,255,none
TRF-03787,37,17,74,34,84,216,none
TRF-03788,32,9,64,18,237,200,none
TRF-03789,30,40,60,80,25,136,none
TRF-03790,22,14,44,28,60,132,NS
TRF-03791,5,37,10,74,216,57,none
TRF-03792,2,31,4,62,282,127,none
TRF-03793,18,35,36,70,285,114,none
TRF-03794,24,22,48,44,54,235,none
TRF-03795,25,11,50,22,149,23,none
TRF-03796,26,40,52,80,144,192,none
TRF-03797,15,16,30,32,219,13,none
TRF-03798,32,19,64,38,77,33,none
TRF-03799,9,35,18,70,173,52,none
TRF-03800,10,22,20,44,296,124,none
TRF-03801,26,17,52,34,277,279,none
TRF-03802,32,36,64,72,113,136,none
TRF-03803,34,32,68,64,116,21,none
TRF-03804,8,16,16,32,202,245,none
TRF-03805,33,28,66,56,294,34,none
TRF-03806,39,4,78,8,45,153,none
TRF-03807,7,37,14,74,127,183,none
TRF-03808,38,40,76,80,83,104,none
TRF-03809,6,14,12,28,109,243,none
TRF-03810,0,21,0,42,95,127,none
TRF-03811,16,20,32,40,284,261,none
TRF-03812,21,1,42,2,84,184,NS
TRF-03813,17,19,34,38,253,74,none
TRF-03814,39,6,78,12,219,162,none
TRF-03815,12,18,24,36,140,14,none
TRF-03816,26,25,52,50,32,240,none
TRF-03817,30,4,60,8,264,64,none
TRF-03818,38,34,76,68,293,279,none
TRF-03819,34,34,68,68,1,205,none
TRF-03820,35,9,70,18,49,139,none
TRF-03821,17,26,34,52,264,53,none
TRF-03822,20,39,40,78,94,201,none
TRF-03823,16,34,32,68,216,275,none
TRF-03824,15,37,30,74,202,281,none
TRF-03825,32,24,64,48,290,159,none
TRF-03826,5,20,10,40,174,133,EW
TRF-03827,3,7,6,14,63,69,none
TRF-03828,11,3,22,6,244,184,none
TRF-03829,24,2,48,4,179,58,none
TRF-03830,5,27,10,54,31,116,none
TRF-03831,34,35,68,70,202,106,none
TRF-03832,15,26,30,52,64,51,none
TRF-03833,16,20,32,40,190,28,none
TRF-03834,0,3,0,6,12,293,none
TRF-03835,8,19,16,38,271,297,none
TRF-03836,3,18,6,36,192,192,none
TRF-03837,17,35,34,70,222,220,none
TRF-03838,3,20,6,40,223,134,none
TRF-03839,19,20,38,40,216,186,none
TRF-03840,28,21,56,42,275,14,none
TRF-03841,19,20,38,40,113,98,none
TRF-03842,38,1,76,2,217,66,none
TRF-03843,23,16,46,32,207,195,none
TRF-03844,40,11,80,22,214,172,none
TRF-03845,3,6,6,12,203,171,none
TRF-03846,22,14,44,28,27,4,none
TRF-03847,27,10,54,20,95,60,none
TRF-03848,18,11,36,22,231,219,EW
TRF-03849,30,30,60,60,159,205,none
TRF-03850,20,39,40,78,34,199,none
TRF-03851,5,11,10,22,143,51,none
TRF-03852,32,16,64,32,273,264,none
TRF-03853,3,0,6,0,274,7,none
TRF-03854,37,33,74,66,202,246,none
TRF-03855,35,8,70,16,100,40,none
TRF-03856,38,22,76,44,227,6,NS
TRF-03857,17,28,34,56,69,209,none
TRF-03858,10,40,20,80,217,38,none
TRF-03859,7,10,14,20,27,104,none
TRF-03860,14,30,28,60,175,116,none
TRF-03861,37,24,74,48,272,24,none
TRF-03862,22,40,44,80,86,188,EW
TRF-03863,32,11,64,22,158,65,none
TRF-03864,35,14,70,28,257,166,none
TRF-03865,23,17,46,34,24,16,none
TRF-03866,27,16,54,32,156,188,none
TRF-03867,29,21,58,42,74,100,none
TRF-03868,4,7,8,14,71,99,none
TRF-03869,28,18,56,36,275,251,none
TRF-03870,39,5,78,10,230,224,NS
TRF-03871,25,13,50,26,124,150,none
TRF-03872,10,31,20,62,86,15,none
TRF-03873,35,34,70,68,194,86,none
TRF-03874,30,22,60,44,6,277,none
TRF-03875,4,38,8,76,198,126,none
TRF-03876,16,21,32,42,99,16,none
TRF-03877,14,20,28,40,279,257,none
TRF-03878,17,39,34,78,117,169,none
TRF-03879,19,0,38,0,18,53,none
TRF-03880,25,28,50,56,242,258,none
TRF-03881,4,27,8,54,176,88,none
TRF-03882,16,23,32,46,133,134,none
TRF-03883,34,13,68,26,273,185,none
TRF-03884,30,38,60,76,111,230,none
TRF-03885,35,6,70,12,7,164,none
TRF-03886,38,7,76,14,75,274,none
TRF-03887,32,32,64,64,130,275,none
TRF-03888,39,36,78,72,296,217,EW
TRF-03889,33,32,66,64,79,31,none
TRF-03890,20,30,40,60,296,68,none
TRF-03891,6,17,12,34,230,70,none
TRF-03892,14,2,28,4,45,276,none
TRF-03893,24,16,48,32,89,137,none
TRF-03894,13,35,26,70,115,230,none
TRF-03895,15,15,30,30,290,52,none
TRF-03896,7,35,14,70,255,15,none
TRF-03897,10,36,20,72,107,88,none
TRF-03898,32,3,64,6,295,285,NS
TRF-03899,10,9,20,18,62,22,none
TRF-03900,0,11,0,22,117,89,none
TRF-03901,1,4,2,8,267,197,none
TRF-03902,24,7,48,14,23,15,none
TRF-03903,40,38,80,76,285,246,none
TRF-03904,7,0,14,0,280,42,none
TRF-03905,12,23,24,46,196,47,none
TRF-03906,15,35,30,70,148,163,none
TRF-03907,5,37,10,74,261,24,none
TRF-03908,17,26,34,52,281,70,none
TRF-03909,19,26,38,52,161,50,none
TRF-03910,12,1,24,2,234,206,NS
TRF-03911,0,23,0,46,142,168,EW
TRF-03912,37,24,74,48,224,38,none
TRF-03913,2,27,4,54,221,199,none
TRF-03914,5,4,10,8,6,201,NS
TRF-03915,19,5,38,10,46,115,EW
TRF-03916,0,28,0,56,277,165,none
TRF-03917,39,37,78,74,137,240,none
TRF-03918,39,0,78,0,188,287,none
TRF-03919,27,26,54,52,280,103,none
TRF-03920,9,24,18,48,273,290,none
TRF-03921,25,10,50,20,198,235,none
TRF-03922,33,14,66,28,276,221,none
TRF-03923,33,40,66,80,289,60,none
TRF-03924,31,39,62,78,37,186,none
TRF-03925,37,27,74,54,92,185,none
TRF-03926,4,36,8,72,232,193,none
TRF-03927,38,15,76,30,64,11,NS
TRF-03928,8,27,16,54,183,232,none
TRF-03929,40,33,80,66,295,286,none
TRF-03930,11,24,22,48,7,154,EW
TRF-03931,35,0,70,0,292,188,NS
TRF-03932,4,29,8,58,184,171,none
TRF-03933,7,29,14,58,249,233,none
TRF-03934,5,8,10,16,249,151,none
TRF-03935,11,4,22,8,49,277,none
TRF-03936,35,9,70,18,143,47,none
TRF-03937,37,25,74,50,70,223,none
TRF-03938,10,9,20,18,244,171,none
TRF-03939,4,28,8,56,27,135,none
TRF-03940,23,17,46,34,67,53,none
TRF-03941,22,18,44,36,190,248,none
TRF-03942,2,20,4,40,222,258,none
TRF-03943,36,9,72,18,64,187,none
TRF-03944,0,36,0,72,9,25,none
TRF-03945,25,14,50,28,175,209,none
TRF-03946,3,29,6,58,87,108,none
TRF-03947,17,30,34,60,90,257,none
TRF-03948,35,39,70,78,167,143,none
TRF-03949,5,31,10,62,266,264,none
TRF-03950,16,28,32,56,123,46,none
TRF-03951,26,4,52,8,199,277,NS
TRF-03952,23,0,46,0,246,33,none
TRF-03953,22,35,44,70,30,46,none
TRF-03954,23,0,46,0,91,237,none
TRF-03955,6,5,12,10,161,95,none
TRF-03956,2,23,4,46,116,225,none
TRF-03957,36,8,72,16,102,22,none
TRF-03958,4,27,8,54,160,7,none
TRF-03959,30,16,60,32,44,258,none
TRF-03960,19,35,38,70,167,150,none
TRF-03961,9,36,18,72,267,239,none
TRF-03962,35,36,70,72,109,211,none
TRF-03963,38,16,76,32,142,241,none
TRF-03964,26,5,52,10,263,72,EW
TRF-03965,12,19,24,38,275,42,none
TRF-03966,4,2,8,4,132,170,none
TRF-03967,22,35,44,70,206,113,none
TRF-03968,4,29,8,58,151,109,EW
TRF-03969,23,28,46,56,131,268,none
TRF-03970,15,21,30,42,77,215,none
TRF-03971,25,17,50,34,279,222,none
TRF-03972,27,28,54,56,99,280,none
TRF-03973,16,19,32,38,277,257,none
TRF-03974,19,11,38,22,162,116,none
TRF-03975,40,19,80,38,207,70,none
TRF-03976,21,21,42,42,27,228,none
TRF-03977,17,3,34,6,201,184,none
TRF-03978,21,22,42,44,40,186,EW
TRF-03979,10,13,20,26,289,93,none
TRF-03980,0,38,0,76,17,276,NS
TRF-03981,20,6,40,12,21,252,none
TRF-03982,19,1,38,2,52,119,none
TRF-03983,5,6,10,12,236,259,NS
TRF-03984,6,38,12,76,9,72,none
TRF-03985,18,28,36,56,199,27,none
TRF-03986,11,10,22,20,12,207,none
TRF-03987,23,14,46,28,161,137,none
TRF-03988,5,11,10,22,0,42,none
TRF-03989,11,28,22,56,160,289,none
TRF-03990,3,0,6,0,80,213,none
TRF-03991,3,5,6,10,163,56,none
TRF-03992,11,22,22,44,132,225,none
TRF-03993,39,21,78,42,16,224,none
TRF-03994,31,6,62,12,226,97,none
TRF-03995,29,38,58,76,281,25,NS
TRF-03996,37,23,74,46,14,118,none
TRF-03997,4,3,8,6,4,201,none
TRF-03998,39,13,78,26,155,6,none
TRF-03999,37,7,74,14,1,142,none
TRF-04000,2,13,4,26,219,23,none
TRF-04001,18,4,36,8,36,277,none
TRF-04002,39,6,78,12,113,172,none
TRF-04003,39,11,78,22,279,183,none
TRF-04004,15,23,30,46,290,174,none
TRF-04005,23,24,46,48,36,17,none
TRF-04006,31,36,62,72,295,6,none
TRF-04007,25,36,50,72,219,280,none
TRF-04008,34,24,68,48,224,244,none
TRF-04009,15,30,30,60,256,136,none
TRF-04010,8,13,16,26,99,291,none
TRF-04011,19,37,38,74,191,115,none
TRF-04012,25,31,50,62,234,193,none
TRF-04013,10,21,20,42,167,4,none
TRF-04014,40,22,80,44,5,37,none
TRF-04015,24,20,48,40,130,66,none
TRF-04016,11,18,22,36,54,235,none
TRF-04017,11,37,22,74,31,95,none
TRF-04018,36,9,72,18,112,113,none
TRF-04019,6,4,12,8,7,16,none
TRF-04020,26,2,52,4,182,125,none
TRF-04021,34,35,68,70,211,261,none
TRF-04022,0,9,0,18,59,45,none
TRF-04023,28,14,56,28,69,3,none
TRF-04024,21,29,42,58,171,288,none
TRF-04025,34,28,68,56,165,289,none
TRF-04026,5,10,10,20,216,159,none
TRF-04027,2,14,4,28,123,214,none
TRF-04028,11,0,22,0,72,234,none
TRF-04029,33,11,66,22,39,130,none
TRF-04030,29,1,58,2,64,0,NS
TRF-04031,7,5,14,10,176,82,none
TRF-04032,35,0,70,0,92,96,none
TRF-04033,10,6,20,12,87,34,none
TRF-04034,33,7,66,14,267,293,NS
TRF-04035,0,23,0,46,289,48,none
TRF-04036,7,32,14,64,223,108,none
TRF-04037,21,35,42,70,281,41,none
TRF-04038,20,36,40,72,237,240,none
TRF-04039,6,24,12,48,284,264,none
TRF-04040,3,21,6,42,121,245,none
TRF-04041,38,13,76,26,34,280,EW
TRF-04042,38,9,76,18,260,297,none
TRF-04043,11,32,22,64,141,169,EW
TRF-04044,19,3,38,6,49,263,none
TRF-04045,30,10,60,20,0,27,none
TRF-04046,13,39,26,78,150,274,none
TRF-04047,14,8,28,16,79,30,none
TRF-04048,17,17,34,34,249,142,none
TRF-04049,8,33,16,66,56,33,none
TRF-04050,23,36,46,72,100,5,none
TRF-04051,40,0,80,0,65,18,none
TRF-04052,3,17,6,34,76,112,none
TRF-04053,8,28,16,56,254,183,none
TRF-04054,8,6,16,12,124,190,none
TRF-04055,2,8,4,16,257,47,none
TRF-04056,3,26,6,52,129,202,none
TRF-04057,3,22,6,44,118,225,none
TRF-04058,22,25,44,50,299,49,none
TRF-04059,14,8,28,16,36,11,none
TRF-04060,38,5,76,10,212,37,none
TRF-04061,24,38,48,76,20,81,none
TRF-04062,33,13,66,26,61,14,none
TRF-04063,34,17,68,34,34,198,none
TRF-04064,9,36,18,72,41,103,NS
TRF-04065,26,31,52,62,7,256,none
TRF-04066,25,35,50,70,188,213,none
TRF-04067,25,29,50,58,20,196,none
TRF-04068,25,9,50,18,43,292,none
TRF-04069,25,23,50,46,185,30,none
TRF-04070,18,16,36,32,153,18,none
TRF-04071,27,25,54,50,100,156,none
TRF-04072,12,14,24,28,290,213,none
TRF-04073,19,38,38,76,192,85,none
TRF-04074,8,10,16,20,197,68,none
TRF-04075,7,5,14,10,151,75,none
TRF-04076,26,8,52,16,175,284,none
TRF-04077,17,9,34,18,51,263,none
TRF-04078,40,2,80,4,273,252,NS
TRF-04079,38,39,76,78,50,208,none
TRF-04080,15,19,30,38,43,292,none
TRF-04081,16,14,32,28,102,286,none
TRF-04082,15,8,30,16,144,235,EW
TRF-04083,11,23,22,46,29,186,none
TRF-04084,14,15,28,30,133,103,NS
TRF-04085,2,15,4,30,39,40,none
TRF-04086,23,33,46,66,255,207,none
TRF-04087,17,23,34,46,239,199,NS
TRF-04088,36,17,72,34,255,169,none
TRF-04089,25,37,50,74,137,171,NS
TRF-04090,23,15,46,30,223,189,none
TRF-04091,17,25,34,50,197,257,none
TRF-04092,4,27,8,54,106,143,none
TRF-04093,11,21,22,42,146,189,none
TRF-04094,0,36,0,72,170,156,none
TRF-04095,21,11,42,22,204,73,none
TRF-04096,23,36,46,72,195,203,none
TRF-04097,28,11,56,22,57,122,none
TRF-04098,17,8,34,16,122,188,none
TRF-04099,37,7,74,14,136,92,none
TRF-04100,18,3,36,6,135,278,none
TRF-04101,15,10,30,20,212,59,none
TRF-04102,20,19,40,38,109,28,none
TRF-04103,26,14,52,28,234,115,none
TRF-04104,1,1,2,2,273,62,none
TRF-04105,33,22,66,44,85,72,NS
TRF-04106,5,23,10,46,281,228,none
TRF-04107,35,17,70,34,162,80,none
TRF-04108,17,11,34,22,221,258,none
TRF-04109,16,17,32,34,255,24,none
TRF-04110,12,10,24,20,12,270,none
TRF-04111,21,9,42,18,113,227,none
TRF-04112,8,36,16,72,220,204,none
TRF-04113,26,12,52,24,99,239,none
TRF-04114,17,3,34,6,23,182,none
TRF-04115,28,34,56,68,32,12,NS
TRF-04116,23,20,46,40,265,23,none
TRF-04117,9,30,18,60,91,65,none
TRF-04118,11,20,22,40,237,99,none
TRF-04119,1,38,2,76,154,116,EW
TRF-04120,7,13,14,26,203,270,none
TRF-04121,5,31,10,62,84,17,none
TRF-04122,12,24,24,48,177,179,none
TRF-04123,33,25,66,50,90,13,none
TRF-04124,11,36,22,72,248,126,none
TRF-04125,23,39,46,78,180,109,NS
TRF-04126,9,10,18,20,77,226,none
TRF-04127,39,12,78,24,267,89,none
TRF-04128,23,30,46,60,113,181,none
TRF-04129,14,27,28,54,218,44,none
TRF-04130,2,30,4,60,203,46,NS
TRF-04131,35,29,70,58,23,261,none
TRF-04132,38,31,76,62,61,258,none
TRF-04133,12,24,24,48,19,50,none
TRF-04134,7,9,14,18,202,51,none
TRF-04135,35,14,70,28,285,286,none
TRF-04136,11,5,22,10,252,222,NS
TRF-04137,16,34,32,68,132,206,none
TRF-04138,20,28,40,56,134,67,none
TRF-04139,13,9,26,18,72,82,NS
TRF-04140,32,1,64,2,54,149,none
TRF-04141,9,22,18,44,286,289,none
TRF-04142,40,11,80,22,91,181,none
TRF-04143,24,11,48,22,172,108,none
TRF-04144,3,24,6,48,124,245,none
TRF-04145,15,4,30,8,58,272,none
TRF-04146,25,31,50,62,141,53,none
TRF-04147,0,31,0,62,161,117,none
TRF-04148,19,7,38,14,287,165,none
TRF-04149,4,14,8,28,197,89,none
TRF-04150,3,32,6,64,146,204,none
TRF-04151,30,23,60,46,197,32,none
TRF-04152,17,30,34,60,23,185,none
TRF-04153,36,4,72,8,89,34,none
TRF-04154,27,17,54,34,36,39,none
TRF-04155,21,21,42,42,219,139,none
TRF-04156,5,36,10,72,192,108,none
TRF-04157,28,35,56,70,254,183,none
TRF-04158,3,30,6,60,0,70,none
TRF-04159,10,27,20,54,81,7,none
TRF-04160,31,6,62,12,69,45,none
TRF-04161,4,12,8,24,292,124,none
TRF-04162,27,39,54,78,206,236,none
TRF-04163,29,25,58,50,18,289,EW
TRF-04164,30,13,60,26,37,84,none
TRF-04165,30,14,60,28,40,94,none
TRF-04166,24,1,48,2,235,173,none
TRF-04167,33,34,66,68,243,278,none
TRF-04168,15,40,30,80,106,292,NS
TRF-04169,19,12,38,24,59,46,none
TRF-04170,24,21,48,42,158,96,none
TRF-04171,32,37,64,74,171,93,none
TRF-04172,9,2,18,4,81,61,none
TRF-04173,22,1,44,2,178,248,none
TRF-04174,17,18,34,36,288,233,none
TRF-04175,18,30,36,60,3,25,none
TRF-04176,26,35,52,70,237,202,none
TRF-04177,34,27,68,54,254,205,none
TRF-04178,28,37,56,74,230,158,none
TRF-04179,5,26,10,52,103,197,none
TRF-04180,27,2,54,4,131,169,none
TRF-04181,26,15,52,30,180,161,none
TRF-04182,30,12,60,24,19,197,EW
TRF-04183,36,27,72,54,95,237,none
TRF-04184,7,40,14,80,289,183,none
TRF-04185,24,14,48,28,164,105,none
TRF-04186,23,37,46,74,238,4,none
TRF-04187,22,7,44,14,82,270,none
TRF-04188,26,13,52,26,218,153,none
TRF-04189,5,20,10,40,148,268,none
TRF-04190,35,36,70,72,171,201,none
TRF-04191,18,26,36,52,222,126,none
TRF-04192,21,16,42,32,149,113,none
TRF-04193,16,4,32,8,156,62,none
TRF-04194,38,37,76,74,125,124,none
TRF-04195,16,17,32,34,296,230,none
TRF-04196,36,17,72,34,209,135,none
TRF-04197,35,10,70,20,74,114,none
TRF-04198,21,32,42,64,215,65,none
TRF-04199,30,13,60,26,294,272,none
TRF-04200,33,37,66,74,138,51,none
TRF-04201,6,0,12,0,292,228,none
TRF-04202,11,7,22,14,245,22,none
TRF-04203,19,33,38,66,178,98,none
TRF-04204,26,23,52,46,172,241,none
TRF-04205,8,8,16,16,19,125,none
TRF-04206,19,17,38,34,290,221,none
TRF-04207,24,4,48,8,75,114,none
TRF-04208,1,9,2,18,182,54,none
TRF-04209,7,13,14,26,236,170,none
TRF-04210,22,33,44,66,200,97,none
TRF-04211,21,40,42,80,241,1,none
TRF-04212,27,5,54,10,293,111,NS
TRF-04213,16,23,32,46,282,152,none
TRF-04214,20,25,40,50,198,113,none
TRF-04215,14,34,28,68,281,189,none
TRF-04216,13,18,26,36,93,97,none
TRF-04217,10,8,20,16,17,127,none
TRF-04218,29,18,58,36,93,135,none
TRF-04219,6,1,12,2,154,118,none
TRF-04220,37,26,74,52,258,202,none
TRF-04221,34,1,68,2,16,282,none
TRF-04222,20,9,40,18,291,143,none
TRF-04223,37,3,74,6,78,45,none
TRF-04224,31,28,62,56,146,32,none
TRF-04225,12,2,24,4,154,106,none
TRF-04226,3,9,6,18,116,274,none
TRF-04227,23,3,46,6,83,82,none
TRF-04228,39,17,78,34,216,200,none
TRF-04229,28,21,56,42,81,101,none
TRF-04230,33,9,66,18,119,4,none
TRF-04231,8,21,16,42,205,293,EW
TRF-04232,13,13,26,26,5,117,none
TRF-04233,12,16,24,32,209,239,none
TRF-04234,7,27,14,54,233,186,NS
TRF-04235,0,28,0,56,218,72,none
TRF-04236,39,39,78,78,177,161,none
TRF-04237,3,11,6,22,142,189,none
TRF-04238,5,11,10,22,118,297,none
TRF-04239,16,31,32,62,87,120,none
TRF-04240,17,8,34,16,23,65,none
TRF-04241,29,4,58,8,297,8,none
TRF-04242,10,10,20,20,67,149,none
TRF-04243,23,3,46,6,224,211,NS
TRF-04244,16,34,32,68,236,52,none
TRF-04245,30,40,60,80,253,164,none
TRF-04246,26,6,52,12,93,135,none
TRF-04247,23,40,46,80,277,116,none
TRF-04248,28,9,56,18,240,75,none
TRF-04249,4,11,8,22,79,162,none
TRF-04250,37,21,74,42,197,201,none
TRF-04251,18,16,36,32,259,75,NS
TRF-04252,31,15,62,30,96,231,none
TRF-04253,4,11,8,22,51,66,none
TRF-04254,3,7,6,14,271,234,EW
TRF-04255,2,15,4,30,177,283,none
TRF-04256,39,3,78,6,37,232,none
TRF-04257,31,18,62,36,18,115,none
TRF-04258,22,6,44,12,300,128,none
TRF-04259,11,38,22,76,162,56,none
TRF-04260,11,11,22,22,72,252,NS
TRF-04261,16,15,32,30,112,285,none
TRF-04262,10,1,20,2,184,148,none
TRF-04263,7,24,14,48,90,192,none
TRF-04264,16,37,32,74,195,98,NS
TRF-04265,0,34,0,68,100,103,EW
TRF-04266,18,19,36,38,226,9,none
TRF-04267,33,31,66,62,260,297,NS
TRF-04268,0,17,0,34,237,10,none
TRF-04269,0,23,0,46,193,259,none
TRF-04270,4,39,8,78,160,97,none
TRF-04271,28,31,56,62,131,93,none
TRF-04272,40,13,80,26,81,162,none
TRF-04273,17,11,34,22,231,254,none
TRF-04274,10,10,20,20,183,290,none
TRF-04275,26,5,52,10,204,178,none
TRF-04276,9,38,18,76,68,14,none
TRF-04277,36,10,72,20,77,146,none
TRF-04278,20,26,40,52,111,21,none
TRF-04279,20,20,40,40,297,205,none
TRF-04280,15,29,30,58,78,209,none
TRF-04281,39,18,78,36,92,21,none
TRF-04282,4,21,8,42,132,263,none
TRF-04283,35,21,70,42,49,99,none
TRF-04284,6,14,12,28,275,20,none
TRF-04285,36,34,72,68,114,80,none
TRF-04286,5,11,10,22,77,48,NS
TRF-04287,11,4,22,8,190,151,none
TRF-04288,7,23,14,46,275,78,none
TRF-04289,34,26,68,52,274,255,EW
TRF-04290,19,0,38,0,53,298,none
TRF-04291,20,16,40,32,284,275,none
TRF-04292,19,19,38,38,68,0,none
TRF-04293,24,11,48,22,291,257,NS
TRF-04294,31,28,62,56,268,245,none
TRF-04295,20,33,40,66,167,198,none
TRF-04296,18,25,36,50,159,60,none
TRF-04297,8,13,16,26,151,92,none
TRF-04298,9,27,18,54,74,91,none
TRF-04299,11,1,22,2,156,32,none
TRF-04300,10,39,20,78,129,272,none
TRF-04301,7,18,14,36,248,261,NS
TRF-04302,36,7,72,14,46,241,none
TRF-04303,28,9,56,18,208,142,none
TRF-04304,33,6,66,12,82,263,none
TRF-04305,7,35,14,70,10,29,none
TRF-04306,27,27,54,54,209,10,none
TRF-04307,10,0,20,0,31,2,none
TRF-04308,12,10,24,20,276,172,none
TRF-04309,25,12,50,24,49,1,none
TRF-04310,2,20,4,40,91,138,none
TRF-04311,33,15,66,30,281,0,NS
TRF-04312,35,10,70,20,213,87,none
TRF-04313,36,39,72,78,31,30,none
TRF-04314,34,27,68,54,83,234,none
TRF-04315,15,14,30,28,90,284,EW
TRF-04316,13,32,26,64,197,104,none
TRF-04317,30,26,60,52,42,258,none
TRF-04318,7,40,14,80,277,206,none
TRF-04319,29,6,58,12,126,222,none
TRF-04320,6,0,12,0,38,97,none
TRF-04321,32,10,64,20,102,115,none
TRF-04322,9,6,18,12,276,260,none
TRF-04323,14,22,28,44,95,236,none
TRF-04324,4,33,8,66,244,166,none
TRF-04325,1,25,2,50,246,252,none
TRF-04326,2,27,4,54,189,297,none
TRF-04327,40,34,80,68,267,51,none
TRF-04328,17,15,34,30,38,65,none
TRF-04329,28,26,56,52,59,235,NS
TRF-04330,7,22,14,44,214,296,none
TRF-04331,15,34,30,68,153,179,none
TRF-04332,11,1,22,2,77,200,none
TRF-04333,25,34,50,68,196,87,none
TRF-04334,22,36,44,72,48,70,none
TRF-04335,13,19,26,38,259,289,none
TRF-04336,10,21,20,42,166,114,none
TRF-04337,27,40,54,80,4,227,none
TRF-04338,8,37,16,74,11,227,none
TRF-04339,30,9,60,18,210,216,none
TRF-04340,19,4,38,8,224,293,none
TRF-04341,31,1,62,2,287,1,none
TRF-04342,38,29,76,58,157,254,none
TRF-04343,22,39,44,78,292,145,none
TRF-04344,4,32,8,64,99,258,none
TRF-04345,7,26,14,52,236,124,none
TRF-04346,29,33,58,66,175,105,none
TRF-04347,37,34,74,68,273,54,EW
TRF-04348,18,37,36,74,273,14,none
TRF-04349,20,0,40,0,85,263,none
TRF-04350,0,20,0,40,87,60,none
TRF-04351,2,10,4,20,204,71,EW
TRF-04352,2,25,4,50,204,148,none
TRF-04353,3,1,6,2,278,91,none
TRF-04354,16,22,32,44,266,53,none
TRF-04355,0,35,0,70,276,293,none
TRF-04356,2,21,4,42,247,156,none
TRF-04357,34,35,68,70,121,242,none
TRF-04358,6,35,12,70,177,212,EW
TRF-04359,15,0,30,0,76,228,none
TRF-04360,0,3,0,6,0,108,none
TRF-04361,22,24,44,48,206,52,none
TRF-04362,38,22,76,44,104,8,NS
TRF-04363,22,24,44,48,149,49,none
TRF-04364,36,12,72,24,224,277,none
TRF-04365,18,27,36,54,229,291,none
TRF-04366,30,1,60,2,60,271,none
TRF-04367,26,2,52,4,15,57,none
TRF-04368,13,27,26,54,190,62,none
TRF-04369,17,18,34,36,155,129,none
TRF-04370,38,2,76,4,201,247,none
TRF-04371,21,27,42,54,286,205,none
TRF-04372,23,10,46,20,154,19,none
TRF-04373,8,7,16,14,165,176,none
TRF-04374,27,30,54,60,70,161,NS
TRF-04375,11,11,22,22,92,63,none
TRF-04376,21,15,42,30,110,150,none
TRF-04377,1,16,2,32,255,157,none
TRF-04378,24,19,48,38,277,147,none
TRF-04379,20,23,40,46,114,223,none
TRF-04380,6,14,12,28,273,115,none
TRF-04381,31,5,62,10,70,147,none
TRF-04382,22,13,44,26,52,85,none
TRF-04383,38,3,76,6,1,127,none
TRF-04384,11,5,22,10,34,241,none
TRF-04385,40,9,80,18,237,253,none
TRF-04386,17,34,34,68,279,126,none
TRF-04387,35,20,70,40,164,283,none
TRF-04388,11,37,22,74,156,87,none
TRF-04389,22,8,44,16,160,51,none
TRF-04390,32,20,64,40,250,188,none
TRF-04391,28,4,56,8,28,172,NS
TRF-04392,33,40,66,80,24,185,none
TRF-04393,5,16,10,32,229,232,none
TRF-04394,30,14,60,28,187,109,none
TRF-04395,9,19,18,38,224,270,none
TRF-04396,18,7,36,14,236,60,none
TRF-04397,19,36,38,72,235,102,none
TRF-04398,38,13,76,26,18,170,none
TRF-04399,32,34,64,68,15,113,none
TRF-04400,33,13,66,26,215,42,none
TRF-04401,4,12,8,24,122,266,NS
TRF-04402,11,27,22,54,19,262,none
TRF-04403,34,11,68,22,285,34,none
TRF-04404,11,30,22,60,278,243,none
TRF-04405,18,35,36,70,222,94,none
TRF-04406,4,20,8,40,92,62,none
TRF-04407,19,26,38,52,167,108,NS
TRF-04408,14,30,28,60,262,25,none
TRF-04409,36,6,72,12,182,217,none
TRF-04410,12,18,24,36,142,195,none
TRF-04411,30,28,60,56,193,83,none
TRF-04412,25,37,50,74,33,158,none
TRF-04413,25,8,50,16,300,294,none
TRF-04414,24,40,48,80,220,134,EW
TRF-04415,21,3,42,6,300,294,none
TRF-04416,1,2,2,4,57,24,none
TRF-04417,35,21,70,42,245,116,none
TRF-04418,34,14,68,28,174,83,none
TRF-04419,5,34,10,68,209,267,none
TRF-04420,18,10,36,20,150,199,none
TRF-04421,32,33,64,66,152,234,none
TRF-04422,28,10,56,20,287,189,none
TRF-04423,31,21,62,42,292,178,none
TRF-04424,8,33,16,66,56,26,none
TRF-04425,4,28,8,56,298,236,none
TRF-04426,38,40,76,80,37,70,none
TRF-04427,34,12,68,24,231,41,none
TRF-04428,21,37,42,74,270,153,NS
TRF-04429,16,21,32,42,50,136,none
TRF-04430,13,27,26,54,254,81,none
TRF-04431,25,33,50,66,53,42,none
TRF-04432,13,40,26,80,15,107,none
TRF-04433,21,27,42,54,274,58,none
TRF-04434,36,15,72,30,251,275,none
TRF-04435,21,36,42,72,5,11,none
TRF-04436,39,36,78,72,85,53,none
TRF-04437,36,3,72,6,189,161,none
TRF-04438,27,27,54,54,299,106,none
TRF-04439,23,5,46,10,160,258,none
TRF-04440,1,29,2,58,6,163,none
TRF-04441,25,1,50,2,62,62,none
TRF-04442,37,5,74,10,5,127,EW
TRF-04443,34,8,68,16,293,242,none
TRF-04444,20,22,40,44,62,124,none
TRF-04445,2,36,4,72,30,271,none
TRF-04446,34,6,68,12,257,62,none
TRF-04447,20,3,40,6,69,153,none
TRF-04448,29,13,58,26,205,35,NS
TRF-04449,33,31,66,62,105,194,none
TRF-04450,8,28,16,56,40,111,none
TRF-04451,32,38,64,76,205,290,none
TRF-04452,22,15,44,30,30,3,none
TRF-04453,34,20,68,40,220,46,none
TRF-04454,18,28,36,56,126,44,none
TRF-04455,24,24,48,48,122,299,none
TRF-04456,11,22,22,44,177,59,none
TRF-04457,18,15,36,30,201,21,none
TRF-04458,32,15,64,30,241,248,none
TRF-04459,1,10,2,20,278,215,EW
TRF-04460,24,26,48,52,2,175,NS
TRF-04461,18,11,36,22,266,42,none
TRF-04462,16,16,32,32,35,211,none
TRF-04463,6,39,12,78,236,165,none
TRF-04464,13,21,26,42,274,153,none
TRF-04465,16,2,32,4,191,63,none
TRF-04466,35,34,70,68,0,69,none
TRF-04467,13,0,26,0,135,73,none
TRF-04468,13,27,26,54,68,260,none
TRF-04469,16,40,32,80,132,138,none
TRF-04470,33,37,66,74,117,162,none
TRF-04471,1,36,2,72,210,294,none
TRF-04472,26,31,52,62,205,133,none
TRF-04473,38,40,76,80,1,291,none
TRF-04474,32,34,64,68,142,260,none
TRF-04475,17,20,34,40,179,57,none
TRF-04476,15,21,30,42,275,232,none
TRF-04477,31,7,62,14,232,136,none
TRF-04478,1,27,2,54,283,286,EW
TRF-04479,6,24,12,48,138,17,none
TRF-04480,13,37,26,74,257,267,NS
TRF-04481,32,31,64,62,105,280,none
TRF-04482,22,32,44,64,113,119,none
TRF-04483,18,30,36,60,230,7,none
TRF-04484,6,14,12,28,4,6,none
TRF-04485,7,22,14,44,98,262,none
TRF-04486,26,1,52,2,95,279,none
TRF-04487,8,22,16,44,135,85,EW
TRF-04488,16,4,32,8,87,119,none
TRF-04489,39,2,78,4,182,230,none
TRF-04490,0,17,0,34,143,33,none
TRF-04491,31,37,62,74,139,51,none
TRF-04492,10,17,20,34,190,122,none
TRF-04493,4,3,8,6,247,158,none
TRF-04494,40,9,80,18,73,141,none
TRF-04495,29,1,58,2,300,285,none
TRF-04496,24,16,48,32,294,208,none
TRF-04497,11,23,22,46,40,253,none
TRF-04498,9,11,18,22,148,7,none
TRF-04499,13,11,26,22,214,51,none
TRF-04500,39,3,78,6,18,98,none
TRF-04501,33,27,66,54,50,195,none
TRF-04502,30,0,60,0,76,279,none
TRF-04503,10,3,20,6,77,17,none
TRF-04504,21,15,42,30,200,212,none
TRF-04505,4,36,8,72,184,100,none
TRF-04506,34,37,68,74,15,5,none
TRF-04507,30,38,60,76,160,15,none
TRF-04508,31,15,62,30,69,170,EW
TRF-04509,36,0,72,0,13,236,none
TRF-04510,29,5,58,10,97,17,none
TRF-04511,10,10,20,20,47,55,none
TRF-04512,24,36,48,72,21,260,none
TRF-04513,4,24,8,48,253,72,none
TRF-04514,1,16,2,32,161,143,none
TRF-04515,7,31,14,62,56,291,none
TRF-04516,4,30,8,60,3,232,none
TRF-04517,15,26,30,52,27,74,none
TRF-04518,19,18,38,36,67,94,none
TRF-04519,5,25,10,50,7,73,none
TRF-04520,13,37,26,74,138,42,none
TRF-04521,1,37,2,74,139,156,none
TRF-04522,28,30,56,60,92,192,none
TRF-04523,13,11,26,22,215,180,none
TRF-04524,14,8,28,16,240,209,none
TRF-04525,29,38,58,76,153,285,none
TRF-04526,8,17,16,34,176,183,none
TRF-04527,22,7,44,14,195,18,none
TRF-04528,6,36,12,72,56,163,EW
TRF-04529,34,37,68,74,46,87,none
TRF-04530,34,25,68,50,146,274,none
TRF-04531,16,30,32,60,284,219,none
TRF-04532,32,26,64,52,64,109,none
TRF-04533,3,0,6,0,256,269,none
TRF-04534,29,16,58,32,12,261,none
TRF-04535,28,35,56,70,45,289,none
TRF-04536,2,31,4,62,149,290,none
TRF-04537,27,19,54,38,22,25,none
TRF-04538,33,12,66,24,201,65,none
TRF-04539,20,14,40,28,142,276,none
TRF-04540,27,17,54,34,229,20,none
TRF-04541,7,14,14,28,293,270,none
TRF-04542,17,27,34,54,95,75,none
TRF-04543,0,10,0,20,33,85,none
TRF-04544,31,9,62,18,7,183,NS
TRF-04545,0,13,0,26,111,1,none
TRF-04546,1,35,2,70,265,192,none
TRF-04547,18,25,36,50,232,122,none
TRF-04548,39,0,78,0,1,264,none
TRF-04549,36,5,72,10,62,129,none
TRF-04550,0,1,0,2,296,47,none
TRF-04551,40,9,80,18,120,71,none
TRF-04552,12,29,24,58,297,272,NS
TRF-04553,36,29,72,58,22,198,none
TRF-04554,21,19,42,38,278,42,NS
TRF-04555,35,27,70,54,245,132,none
TRF-04556,2,3,4,6,11,263,none
TRF-04557,14,15,28,30,222,60,none
TRF-04558,15,28,30,56,42,49,none
TRF-04559,5,20,10,40,47,284,none
TRF-04560,16,21,32,42,256,72,none
TRF-04561,19,9,38,18,9,96,none
TRF-04562,0,4,0,8,185,104,none
TRF-04563,15,17,30,34,211,210,none
TRF-04564,20,24,40,48,294,128,none
TRF-04565,17,25,34,50,221,226,none
TRF-04566,3,6,6,12,29,281,none
TRF-04567,1,8,2,16,276,46,none
TRF-04568,9,8,18,16,113,262,none
TRF-04569,18,0,36,0,76,200,none
TRF-04570,33,22,66,44,256,35,none
TRF-04571,20,8,40,16,239,116,none
TRF-04572,22,40,44,80,98,210,none
TRF-04573,14,22,28,44,232,8,none
TRF-04574,5,10,10,20,48,286,EW
TRF-04575,35,21,70,42,54,281,none
TRF-04576,26,4,52,8,90,167,none
TRF-04577,1,18,2,36,203,58,none
TRF-04578,3,29,6,58,88,112,none
TRF-04579,27,26,54,52,12,27,none
TRF-04580,35,15,70,30,267,73,none
TRF-04581,1,5,2,10,89,102,EW
TRF-04582,8,36,16,72,218,35,none
TRF-04583,8,1,16,2,135,272,none
TRF-04584,0,31,0,62,219,222,none
TRF-04585,14,16,28,32,159,195,none
TRF-04586,19,11,38,22,73,225,none
TRF-04587,14,40,28,80,153,196,none
TRF-04588,1,6,2,12,45,170,none
TRF-04589,23,31,46,62,104,158,none
TRF-04590,9,16,18,32,120,179,none
TRF-04591,26,5,52,10,251,209,none
TRF-04592,10,20,20,40,51,64,none
TRF-04593,11,25,22,50,231,1,none
TRF-04594,26,24,52,48,179,204,EW
TRF-04595,8,17,16,34,39,226,none
TRF-04596,26,34,52,68,226,261,none
TRF-04597,17,39,34,78,150,242,none
TRF-04598,5,10,10,20,296,30,none
TRF-04599,23,0,46,0,18,211,EW
TRF-04600,6,32,12,64,155,256,none
TRF-04601,19,9,38,18,64,120,none
TRF-04602,17,13,34,26,157,27,none
TRF-04603,26,24,52,48,280,78,NS
TRF-04604,9,5,18,10,172,221,none
TRF-04605,38,22,76,44,83,182,none
TRF-04606,11,1,22,2,204,141,none
TRF-04607,5,7,10,14,51,252,none
TRF-04608,34,35,68,70,41,271,none
TRF-04609,15,0,30,0,219,119,none
TRF-04610,21,37,42,74,147,256,none
TRF-04611,32,11,64,22,33,270,none
TRF-04612,37,26,74,52,274,11,EW
TRF-04613,25,16,50,32,9,177,none
TRF-04614,6,2,12,4,93,46,none
TRF-04615,23,19,46,38,100,142,none
TRF-04616,11,15,22,30,15,60,none
TRF-04617,3,19,6,38,270,217,none
TRF-04618,15,31,30,62,72,51,none
TRF-04619,32,24,64,48,27,29,none
TRF-04620,3,12,6,24,53,228,none
TRF-04621,37,39,74,78,25,41,none
TRF-04622,17,2,34,4,6,107,none
TRF-04623,30,7,60,14,123,54,none
TRF-04624,31,6,62,12,238,284,none
TRF-04625,6,40,12,80,198,79,none
TRF-04626,22,39,44,78,26,259,none
TRF-04627,37,18,74,36,238,268,none
TRF-04628,23,0,46,0,61,39,none
TRF-04629,28,21,56,42,114,172,none
TRF-04630,7,1,14,2,241,85,none
TRF-04631,28,33,56,66,1,241,none
TRF-04632,29,38,58,76,28,116,none
TRF-04633,26,6,52,12,218,14,none
TRF-04634,32,7,64,14,240,79,none
TRF-04635,12,38,24,76,196,128,none
TRF-04636,7,34,14,68,101,248,none
TRF-04637,14,2,28,4,229,214,none
TRF-04638,6,0,12,0,93,146,none
TRF-04639,35,23,70,46,180,238,none
TRF-04640,32,2,64,4,7,86,none
TRF-04641,18,12,36,24,69,109,none
TRF-04642,11,10,22,20,62,200,none
TRF-04643,24,38,48,76,195,282,none
TRF-04644,29,16,58,32,203,241,none
TRF-04645,28,22,56,44,33,223,none
TRF-04646,7,15,14,30,295,186,none
TRF-04647,9,5,18,10,164,28,none
TRF-04648,26,19,52,38,74,198,none
TRF-04649,30,0,60,0,111,101,none
TRF-04650,33,16,66,32,80,144,none
TRF-04651,7,39,14,78,275,113,none
TRF-04652,18,34,36,68,149,257,none
TRF-04653,1,0,2,0,154,54,none
TRF-04654,38,4,76,8,7,161,none
TRF-04655,2,9,4,18,51,188,NS
TRF-04656,24,30,48,60,186,281,EW
TRF-04657,18,25,36,50,125,118,none
TRF-04658,39,21,78,42,119,158,none
TRF-04659,5,0,10,0,166,8,none
TRF-04660,17,31,34,62,215,132,none
TRF-04661,9,31,18,62,258,299,none
TRF-04662,7,20,14,40,241,126,none
TRF-04663,20,7,40,14,70,279,none
TRF-04664,28,31,56,62,168,50,none
TRF-04665,37,23,74,46,288,254,none
TRF-04666,21,23,42,46,132,79,none
TRF-04667,40,2,80,4,236,82,none
TRF-04668,24,1,48,2,78,151,none
TRF-04669,27,23,54,46,143,216,none
TRF-04670,29,9,58,18,18,183,none
TRF-04671,6,1,12,2,235,104,none
TRF-04672,32,29,64,58,62,185,none
TRF-04673,16,30,32,60,272,117,none
TRF-04674,3,13,6,26,50,249,none
TRF-04675,14,33,28,66,8,95,none
TRF-04676,18,4,36,8,154,257,none
TRF-04677,29,11,58,22,196,25,none
TRF-04678,11,21,22,42,132,201,none
TRF-04679,25,9,50,18,230,95,none
TRF-04680,19,2,38,4,229,213,none
TRF-04681,8,0,16,0,228,193,none
TRF-04682,9,30,18,60,34,105,NS
TRF-04683,13,35,26,70,205,243,none
TRF-04684,8,22,16,44,64,111,none
TRF-04685,27,32,54,64,243,26,none
TRF-04686,1,16,2,32,264,267,EW
TRF-04687,37,14,74,28,90,29,none
TRF-04688,23,15,46,30,132,3,none
TRF-04689,1,33,2,66,74,242,none
TRF-04690,26,5,52,10,167,230,none
TRF-04691,16,0,32,0,160,98,none
TRF-04692,20,26,40,52,230,29,none
TRF-04693,32,38,64,76,237,255,none
TRF-04694,22,16,44,32,81,223,none
TRF-04695,37,1,74,2,123,269,none
TRF-04696,11,30,22,60,107,206,none
TRF-04697,8,29,16,58,105,92,none
TRF-04698,11,11,22,22,75,246,none
TRF-04699,4,29,8,58,189,250,none
TRF-04700,7,31,14,62,54,216,none
TRF-04701,18,10,36,20,278,190,none
TRF-04702,17,35,34,70,206,295,none
TRF-04703,2,23,4,46,89,53,none
TRF-04704,37,0,74,0,106,299,none
TRF-04705,11,11,22,22,15,92,none
TRF-04706,36,35,72,70,7,48,EW
TRF-04707,17,11,34,22,203,137,none
TRF-04708,4,3,8,6,216,279,none
TRF-04709,4,28,8,56,237,9,NS
TRF-04710,5,25,10,50,99,228,none
TRF-04711,2,21,4,42,5,16,none
TRF-04712,12,13,24,26,94,211,none
TRF-04713,11,16,22,32,143,192,none
TRF-04714,7,28,14,56,81,288,none
TRF-04715,28,27,56,54,123,284,none
TRF-04716,14,36,28,72,16,203,none
TRF-04717,20,16,40,32,31,80,none
TRF-04718,39,39,78,78,281,166,none
TRF-04719,38,14,76,28,115,65,none
TRF-04720,10,31,20,62,92,276,none
TRF-04721,10,36,20,72,60,198,none
TRF-04722,3,19,6,38,288,219,none
TRF-04723,27,26,54,52,231,202,none
TRF-04724,10,29,20,58,85,283,none
TRF-04725,22,13,44,26,250,135,none
TRF-04726,40,37,80,74,191,11,none
TRF-04727,0,32,0,64,279,222,none
TRF-04728,0,26,0,52,253,186,none
TRF-04729,1,10,2,20,22,279,none
TRF-04730,6,36,12,72,87,23,none
TRF-04731,4,23,8,46,153,121,none
TRF-04732,17,16,34,32,277,293,NS
TRF-04733,37,14,74,28,88,80,none
TRF-04734,12,15,24,30,105,88,none
TRF-04735,10,15,20,30,183,34,none
TRF-04736,23,21,46,42,176,30,none
TRF-04737,14,21,28,42,145,168,none
TRF-04738,2,14,4,28,207,297,none
TRF-04739,35,35,70,70,145,106,none
TRF-04740,15,12,30,24,83,150,none
TRF-04741,25,10,50,20,218,67,none
TRF-04742,34,1,68,2,177,288,none
TRF-04743,34,14,68,28,62,64,none
TRF-04744,17,17,34,34,46,82,none
TRF-04745,3,28,6,56,170,201,none
TRF-04746,39,38,78,76,68,28,none
TRF-04747,15,31,30,62,205,101,none
TRF-04748,29,19,58,38,190,142,none
TRF-04749,0,24,0,48,93,137,none
TRF-04750,36,13,72,26,229,175,none
TRF-04751,6,37,12,74,67,92,none
TRF-04752,4,14,8,28,51,246,none
TRF-04753,25,8,50,16,216,140,none
TRF-04754,9,32,18,64,204,128,none
TRF-04755,9,1,18,2,217,61,none
TRF-04756,14,1,28,2,2,292,none
TRF-04757,34,17,68,34,161,70,none
TRF-04758,12,10,24,20,54,32,none
TRF-04759,14,21,28,42,181,5,none
TRF-04760,17,13,34,26,71,51,none
TRF-04761,6,19,12,38,121,25,none
TRF-04762,28,31,56,62,236,71,none
TRF-04763,38,8,76,16,191,128,none
TRF-04764,9,5,18,10,256,279,none
TRF-04765,16,40,32,80,164,276,none
TRF-04766,37,11,74,22,3,154,none
TRF-04767,30,31,60,62,21,220,none
TRF-04768,24,36,48,72,101,106,none
TRF-04769,10,37,20,74,285,220,none
TRF-04770,22,39,44,78,29,84,none
TRF-04771,34,18,68,36,221,140,none
TRF-04772,33,21,66,42,257,183,none
TRF-04773,33,12,66,24,277,87,EW
TRF-04774,20,27,40,54,244,69,none
TRF-04775,11,1,22,2,260,136,none
TRF-04776,8,37,16,74,86,185,none
TRF-04777,13,40,26,80,163,191,none
TRF-04778,37,25,74,50,86,284,none
TRF-04779,11,22,22,44,4,54,none
TRF-04780,22,40,44,80,207,86,none
TRF-04781,19,28,38,56,88,282,none
TRF-04782,37,16,74,32,92,6,none
TRF-04783,10,10,20,20,125,140,none
TRF-04784,36,36,72,72,89,5,none
TRF-04785,38,26,76,52,201,87,none
TRF-04786,28,2,56,4,68,209,none
TRF-04787,16,21,32,42,26,297,none
TRF-04788,12,11,24,22,34,244,none
TRF-04789,2,1,4,2,118,38,none
TRF-04790,5,36,10,72,112,125,none
TRF-04791,12,34,24,68,90,68,none
TRF-04792,29,5,58,10,44,113,none
TRF-04793,0,2,0,4,214,10,NS
TRF-04794,9,29,18,58,248,19,none
TRF-04795,17,25,34,50,56,214,none
TRF-04796,3,30,6,60,223,66,none
TRF-04797,13,33,26,66,181,5,none
TRF-04798,20,14,40,28,237,88,none
TRF-04799,27,5,54,10,227,217,none
TRF-04800,14,7,28,14,105,101,none
TRF-04801,7,0,14,0,132,144,none
TRF-04802,27,19,54,38,70,102,none
TRF-04803,24,22,48,44,141,147,none
TRF-04804,12,29,24,58,91,237,none
TRF-04805,24,33,48,66,185,244,EW
TRF-04806,2,27,4,54,106,128,none
TRF-04807,11,39,22,78,23,142,none
TRF-04808,4,30,8,60,167,174,none
TRF-04809,35,28,70,56,10,44,none
TRF-04810,31,39,62,78,289,96,none
TRF-04811,11,2,22,4,86,146,none
TRF-04812,28,19,56,38,136,136,none
TRF-04813,31,10,62,20,112,137,none
TRF-04814,21,12,42,24,256,199,none
TRF-04815,28,36,56,72,5,84,none
TRF-04816,18,34,36,68,189,115,none
TRF-04817,8,26,16,52,286,290,none
TRF-04818,29,11,58,22,101,264,none
TRF-04819,17,4,34,8,6,1,none
TRF-04820,14,32,28,64,172,160,none
TRF-04821,17,11,34,22,46,200,none
TRF-04822,15,20,30,40,8,16,none
TRF-04823,14,30,28,60,273,39,none
TRF-04824,27,3,54,6,156,250,none
TRF-04825,40,26,80,52,48,150,none
TRF-04826,32,33,64,66,134,141,none
TRF-04827,3,25,6,50,192,42,none
TRF-04828,28,22,56,44,212,131,none
TRF-04829,29,8,58,16,198,119,none
TRF-04830,4,23,8,46,152,44,none
TRF-04831,33,38,66,76,292,17,NS
TRF-04832,9,28,18,56,243,85,none
TRF-04833,7,0,14,0,264,157,none
TRF-04834,29,35,58,70,197,10,none
TRF-04835,15,23,30,46,210,219,none
TRF-04836,2,14,4,28,126,227,none
TRF-04837,27,37,54,74,260,125,none
TRF-04838,25,30,50,60,225,108,none
TRF-04839,25,30,50,60,61,280,NS
TRF-04840,11,11,22,22,215,210,none
TRF-04841,30,36,60,72,143,41,none
TRF-04842,32,28,64,56,260,259,none
TRF-04843,13,32,26,64,168,23,none
TRF-04844,13,36,26,72,212,104,none
TRF-04845,10,32,20,64,257,246,EW
TRF-04846,1,20,2,40,165,11,none
TRF-04847,40,19,80,38,292,70,none
TRF-04848,7,29,14,58,30,134,none
TRF-04849,35,27,70,54,39,279,none
TRF-04850,28,1,56,2,208,200,none
TRF-04851,3,4,6,8,205,83,none
TRF-04852,0,30,0,60,98,297,none
TRF-04853,32,39,64,78,41,290,none
TRF-04854,10,31,20,62,61,287,none
TRF-04855,20,13,40,26,119,237,none
TRF-04856,0,34,0,68,216,157,none
TRF-04857,10,25,20,50,300,149,none
TRF-04858,13,37,26,74,274,120,EW
TRF-04859,5,15,10,30,167,154,none
TRF-04860,40,38,80,76,9,57,none
TRF-04861,36,39,72,78,214,230,none
TRF-04862,24,38,48,76,91,32,none
TRF-04863,34,28,68,56,97,1,none
TRF-04864,38,33,76,66,83,139,none
TRF-04865,32,17,64,34,125,27,none
TRF-04866,4,29,8,58,275,57,none
TRF-04867,32,0,64,0,197,192,EW
TRF-04868,17,14,34,28,58,175,none
TRF-04869,33,37,66,74,26,52,none
TRF-04870,16,37,32,74,72,261,none
TRF-04871,0,12,0,24,229,23,none
TRF-04872,3,38,6,76,79,211,none
TRF-04873,2,28,4,56,24,104,none
TRF-04874,40,34,80,68,16,265,none
TRF-04875,4,29,8,58,81,205,none
TRF-04876,10,38,20,76,212,281,none
TRF-04877,18,19,36,38,269,167,none
TRF-04878,1,1,2,2,234,75,none
TRF-04879,37,21,74,42,289,94,none
TRF-04880,29,40,58,80,141,45,none
TRF-04881,34,0,68,0,216,57,none
TRF-04882,24,7,48,14,87,241,none
TRF-04883,8,0,16,0,285,16,none
TRF-04884,1,15,2,30,61,233,none
TRF-04885,11,26,22,52,99,135,none
TRF-04886,13,20,26,40,195,94,none
TRF-04887,21,33,42,66,248,3,none
TRF-04888,0,18,0,36,73,152,none
TRF-04889,23,13,46,26,208,9,none
TRF-04890,9,14,18,28,234,186,none
TRF-04891,11,35,22,70,136,291,none
TRF-04892,3,15,6,30,192,229,none
TRF-04893,18,15,36,30,192,162,none
TRF-04894,19,2,38,4,180,181,none
TRF-04895,27,16,54,32,256,40,none
TRF-04896,28,23,56,46,142,8,EW
TRF-04897,25,17,50,34,261,279,none
TRF-04898,22,36,44,72,231,255,none
TRF-04899,23,17,46,34,204,210,none
TRF-04900,12,8,24,16,118,219,none
TRF-04901,25,29,50,58,270,208,none
TRF-04902,4,8,8,16,190,297,none
TRF-04903,31,11,62,22,69,25,EW
TRF-04904,11,38,22,76,268,198,none
TRF-04905,26,36,52,72,65,5,none
TRF-04906,25,4,50,8,232,291,none
TRF-04907,11,12,22,24,176,193,none
TRF-04908,37,38,74,76,79,280,none
TRF-04909,20,35,40,70,244,204,none
TRF-04910,29,31,58,62,230,95,none
TRF-04911,27,0,54,0,154,62,none
TRF-04912,33,11,66,22,25,267,NS
TRF-04913,16,38,32,76,126,48,none
TRF-04914,38,33,76,66,97,43,none
TRF-04915,8,25,16,50,5,15,none
TRF-04916,4,18,8,36,152,25,none
TRF-04917,29,25,58,50,75,34,EW
TRF-04918,19,14,38,28,17,145,none
TRF-04919,36,4,72,8,111,153,none
TRF-04920,13,33,26,66,294,253,none
TRF-04921,40,34,80,68,240,67,none
TRF-04922,39,34,78,68,222,167,none
TRF-04923,24,19,48,38,81,69,none
TRF-04924,0,21,0,42,77,28,none
TRF-04925,14,21,28,42,118,15,none
TRF-04926,31,27,62,54,219,52,none
TRF-04927,16,35,32,70,205,64,NS
TRF-04928,36,34,72,68,17,189,none
TRF-04929,8,0,16,0,43,242,none
TRF-04930,15,40,30,80,1,229,none
TRF-04931,26,6,52,12,269,220,none
TRF-04932,30,9,60,18,148,3,none
TRF-04933,19,31,38,62,131,61,none
TRF-04934,20,14,40,28,37,99,none
TRF-04935,39,20,78,40,207,49,none
TRF-04936,31,31,62,62,253,100,none
TRF-04937,4,31,8,62,179,31,none
TRF-04938,5,36,10,72,91,23,none
TRF-04939,21,39,42,78,298,36,none
TRF-04940,33,30,66,60,99,107,none
TRF-04941,12,19,24,38,94,150,none
TRF-04942,19,17,38,34,229,146,none
TRF-04943,0,17,0,34,252,220,none
TRF-04944,34,26,68,52,65,115,none
TRF-04945,4,0,8,0,240,211,none
TRF-04946,38,4,76,8,241,17,EW
TRF-04947,35,22,70,44,45,247,none
TRF-04948,10,34,20,68,177,40,none
TRF-04949,24,12,48,24,130,18,none
TRF-04950,4,35,8,70,181,260,none
TRF-04951,22,34,44,68,40,48,none
TRF-04952,28,16,56,32,138,200,none
TRF-04953,15,38,30,76,59,203,none
TRF-04954,31,30,62,60,1,25,none
TRF-04955,37,15,74,30,6,159,none
TRF-04956,19,7,38,14,276,141,EW
TRF-04957,15,38,30,76,279,76,none
TRF-04958,34,1,68,2,107,195,none
TRF-04959,10,2,20,4,122,263,none
TRF-04960,34,35,68,70,204,142,none
TRF-04961,1,28,2,56,273,276,none
TRF-04962,25,20,50,40,80,173,none
TRF-04963,24,18,48,36,223,105,none
TRF-04964,15,21,30,42,213,67,none
TRF-04965,12,38,24,76,239,153,none
TRF-04966,1,32,2,64,259,27,none
TRF-04967,27,31,54,62,21,258,none
TRF-04968,38,35,76,70,247,21,none
TRF-04969,2,7,4,14,47,276,none
TRF-04970,40,18,80,36,113,40,none
TRF-04971,9,24,18,48,193,51,none
TRF-04972,34,17,68,34,283,173,none
TRF-04973,21,10,42,20,204,123,none
TRF-04974,7,7,14,14,206,16,none
TRF-04975,29,10,58,20,75,9,none
TRF-04976,38,30,76,60,3,243,none
TRF-04977,17,23,34,46,142,151,none
TRF-04978,3,34,6,68,70,100,none
TRF-04979,4,18,8,36,199,37,none
TRF-04980,36,21,72,42,124,295,none
TRF-04981,31,24,62,48,208,67,none
TRF-04982,11,15,22,30,167,295,none
TRF-04983,0,23,0,46,118,6,none
TRF-04984,24,4,48,8,273,154,none
TRF-04985,23,31,46,62,284,229,none
TRF-04986,24,33,48,66,205,24,none
TRF-04987,3,25,6,50,121,21,none
TRF-04988,15,27,30,54,4,189,none
TRF-04989,33,5,66,10,219,136,none
TRF-04990,39,34,78,68,300,61,none
TRF-04991,13,37,26,74,22,60,EW
TRF-04992,3,15,6,30,14,73,none
TRF-04993,1,38,2,76,134,173,none
TRF-04994,12,29,24,58,189,291,none
TRF-04995,38,23,76,46,118,57,none
TRF-04996,11,25,22,50,21,25,none
TRF-04997,34,27,68,54,22,68,none
TRF-04998,29,22,58,44,252,151,none
TRF-04999,16,17,32,34,70,22,none
TRF-05000,35,38,70,76,144,146,NS
TRF-05001,14,32,28,64,46,63,none
TRF-05002,40,35,80,70,61,280,none
TRF-05003,22,40,44,80,179,271,none
TRF-05004,18,21,36,42,203,207,none
TRF-05005,10,38,20,76,189,76,none
TRF-05006,39,31,78,62,26,161,none
TRF-05007,24,0,48,0,120,209,none
TRF-05008,26,8,52,16,158,277,none
TRF-05009,28,0,56,0,151,229,none
TRF-05010,9,26,18,52,207,8,none
TRF-05011,22,4,44,8,187,258,none
TRF-05012,4,23,8,46,101,2,none
TRF-05013,14,40,28,80,46,216,none
TRF-05014,6,20,12,40,216,27,none
TRF-05015,28,36,56,72,31,191,none
TRF-05016,16,19,32,38,38,107,none
TRF-05017,20,19,40,38,226,290,none
TRF-05018,24,16,48,32,187,109,none
TRF-05019,20,29,40,58,298,27,none
TRF-05020,29,7,58,14,293,40,none
TRF-05021,33,40,66,80,294,272,none
TRF-05022,19,25,38,50,297,109,none
TRF-05023,24,7,48,14,283,120,none
TRF-05024,20,38,40,76,253,135,none
TRF-05025,35,29,70,58,202,280,EW
TRF-05026,23,29,46,58,25,95,EW
TRF-05027,30,30,60,60,45,277,none
TRF-05028,0,6,0,12,288,95,none
TRF-05029,38,23,76,46,221,250,none
TRF-05030,12,9,24,18,245,108,none
TRF-05031,8,13,16,26,289,207,none
TRF-05032,2,11,4,22,287,68,none
TRF-05033,10,25,20,50,235,192,none
TRF-05034,37,11,74,22,132,84,none
TRF-05035,15,39,30,78,81,114,none
TRF-05036,21,9,42,18,23,69,none
TRF-05037,11,1,22,2,294,48,none
TRF-05038,0,4,0,8,216,96,none
TRF-05039,11,33,22,66,142,150,none
TRF-05040,19,31,38,62,36,268,none
TRF-05041,38,0,76,0,247,169,none
TRF-05042,5,21,10,42,137,175,none
TRF-05043,24,3,48,6,226,165,none
TRF-05044,38,39,76,78,35,103,none
TRF-05045,14,7,28,14,15,1,none
TRF-05046,25,18,50,36,125,109,none
TRF-05047,11,27,22,54,77,65,none
TRF-05048,29,29,58,58,111,104,NS
TRF-05049,26,32,52,64,17,203,none
TRF-05050,19,30,38,60,14,226,none
TRF-05051,35,23,70,46,26,121,none
TRF-05052,2,21,4,42,160,86,none
TRF-05053,19,8,38,16,147,43,none
TRF-05054,2,40,4,80,242,152,none
TRF-05055,8,31,16,62,138,9,none
TRF-05056,27,30,54,60,187,259,none
TRF-05057,29,26,58,52,70,190,none
TRF-05058,0,27,0,54,81,7,none
TRF-05059,15,25,30,50,97,260,none
TRF-05060,22,40,44,80,206,134,NS
TRF-05061,4,18,8,36,293,229,none
TRF-05062,38,31,76,62,300,106,none
TRF-05063,13,37,26,74,292,248,none
TRF-05064,34,17,68,34,39,131,none
TRF-05065,32,27,64,54,17,161,none
TRF-05066,0,18,0,36,106,73,none
TRF-05067,27,18,54,36,110,65,none
TRF-05068,14,37,28,74,131,195,none
TRF-05069,6,10,12,20,280,299,none
TRF-05070,34,4,68,8,53,168,none
TRF-05071,35,21,70,42,116,128,none
TRF-05072,4,11,8,22,230,223,none
TRF-05073,10,8,20,16,98,271,none
TRF-05074,19,31,38,62,153,88,none
TRF-05075,40,10,80,20,174,203,none
TRF-05076,32,31,64,62,32,262,none
TRF-05077,33,9,66,18,65,104,none
TRF-05078,34,30,68,60,29,168,none
TRF-05079,18,4,36,8,198,267,none
TRF-05080,4,12,8,24,130,294,none
TRF-05081,25,19,50,38,239,294,none
TRF-05082,17,25,34,50,12,166,none
TRF-05083,28,39,56,78,137,290,none
TRF-05084,24,12,48,24,277,123,EW
TRF-05085,39,28,78,56,78,103,none
TRF-05086,7,3,14,6,278,30,none
TRF-05087,9,26,18,52,42,196,none
TRF-05088,0,6,0,12,214,165,none
TRF-05089,20,28,40,56,259,208,EW
TRF-05090,21,31,42,62,267,204,none
TRF-05091,22,31,44,62,180,51,EW
TRF-05092,11,16,22,32,240,220,none
TRF-05093,0,3,0,6,197,268,none
TRF-05094,33,26,66,52,271,67,none
TRF-05095,3,22,6,44,36,212,none
TRF-05096,16,20,32,40,54,78,none
TRF-05097,16,19,32,38,133,35,none
TRF-05098,37,39,74,78,241,151,none
TRF-05099,12,12,24,24,270,208,NS
TRF-05100,27,1,54,2,262,119,none
TRF-05101,30,2,60,4,32,231,none
TRF-05102,15,26,30,52,99,23,none
TRF-05103,19,17,38,34,78,108,none
TRF-05104,26,3,52,6,88,23,none
TRF-05105,21,3,42,6,276,273,none
TRF-05106,38,17,76,34,35,108,none
TRF-05107,37,0,74,0,298,221,none
TRF-05108,38,30,76,60,248,294,none
TRF-05109,8,17,16,34,172,78,none
TRF-05110,7,13,14,26,185,199,none
TRF-05111,33,0,66,0,152,162,NS
TRF-05112,29,13,58,26,181,193,none
TRF-05113,31,19,62,38,260,7,none
TRF-05114,31,40,62,80,114,293,none
TRF-05115,1,21,2,42,299,280,none
TRF-05116,27,0,54,0,86,128,none
TRF-05117,2,14,4,28,46,181,NS
TRF-05118,38,8,76,16,170,266,none
TRF-05119,1,29,2,58,97,159,none
TRF-05120,14,6,28,12,288,225,none
TRF-05121,30,18,60,36,272,223,none
TRF-05122,39,23,78,46,58,158,none
TRF-05123,27,17,54,34,267,81,none
TRF-05124,32,33,64,66,66,163,none
TRF-05125,33,25,66,50,263,141,none
TRF-05126,26,10,52,20,125,112,none
TRF-05127,27,1,54,2,184,280,none
TRF-05128,39,17,78,34,84,235,none
TRF-05129,30,18,60,36,264,107,none
TRF-05130,28,12,56,24,1,196,none
TRF-05131,37,13,74,26,44,190,none
TRF-05132,33,5,66,10,239,276,none
TRF-05133,18,9,36,18,195,185,none
TRF-05134,36,19,72,38,212,280,none
TRF-05135,1,26,2,52,78,120,none
TRF-05136,9,14,18,28,242,60,none
TRF-05137,32,37,64,74,13,77,none
TRF-05138,14,30,28,60,293,28,none
TRF-05139,27,20,54,40,139,277,none
TRF-05140,28,3,56,6,282,143,none
TRF-05141,28,37,56,74,165,132,none
TRF-05142,28,26,56,52,254,160,none
TRF-05143,37,33,74,66,39,278,none
TRF-05144,2,28,4,56,107,236,none
TRF-05145,22,37,44,74,33,164,none
TRF-05146,3,35,6,70,297,154,none
TRF-05147,38,40,76,80,199,85,none
TRF-05148,35,13,70,26,258,134,none
TRF-05149,28,26,56,52,105,268,none
TRF-05150,9,1,18,2,245,204,none
TRF-05151,15,37,30,74,204,55,none
TRF-05152,40,38,80,76,14,170,none
TRF-05153,35,34,70,68,51,79,NS
TRF-05154,34,33,68,66,198,50,none
TRF-05155,8,1,16,2,250,3,NS
TRF-05156,24,38,48,76,18,60,none
TRF-05157,37,8,74,16,112,246,none
TRF-05158,37,35,74,70,73,198,none
TRF-05159,14,14,28,28,140,261,none
TRF-05160,27,19,54,38,232,23,none
TRF-05161,20,2,40,4,215,251,none
TRF-05162,32,39,64,78,211,265,none
TRF-05163,14,12,28,24,173,181,none
TRF-05164,0,31,0,62,226,120,none
TRF-05165,10,13,20,26,51,165,none
TRF-05166,40,2,80,4,162,225,none
TRF-05167,2,22,4,44,65,47,none
TRF-05168,39,38,78,76,113,264,none
TRF-05169,17,16,34,32,22,159,none
TRF-05170,32,34,64,68,107,53,EW
TRF-05171,19,4,38,8,157,247,EW
TRF-05172,6,9,12,18,116,165,none
TRF-05173,12,25,24,50,274,227,none
TRF-05174,40,25,80,50,273,38,none
TRF-05175,37,40,74,80,224,230,none
TRF-05176,34,3,68,6,72,118,none
TRF-05177,19,40,38,80,136,182,none
TRF-05178,18,16,36,32,210,242,none
TRF-05179,18,1,36,2,118,216,none
TRF-05180,27,19,54,38,11,33,none
TRF-05181,8,39,16,78,163,245,none
TRF-05182,31,32,62,64,106,60,none
TRF-05183,31,23,62,46,231,82,none
TRF-05184,9,28,18,56,119,53,none
TRF-05185,35,13,70,26,19,69,none
TRF-05186,5,21,10,42,286,188,NS
TRF-05187,19,10,38,20,116,116,none
TRF-05188,5,24,10,48,190,35,none
TRF-05189,40,16,80,32,275,126,none
TRF-05190,24,1,48,2,238,106,none
TRF-05191,24,30,48,60,130,199,none
TRF-05192,7,22,14,44,293,182,none
TRF-05193,5,40,10,80,249,137,none
TRF-05194,39,7,78,14,217,32,none
TRF-05195,21,0,42,0,82,84,none
TRF-05196,6,25,12,50,289,282,none
TRF-05197,18,6,36,12,116,153,none
TRF-05198,30,24,60,48,29,130,none
TRF-05199,13,31,26,62,230,147,none
TRF-05200,8,37,16,74,64,274,none
TRF-05201,40,15,80,30,103,14,none
TRF-05202,27,40,54,80,178,15,none
TRF-05203,37,24,74,48,95,59,none
TRF-05204,12,26,24,52,193,231,none
TRF-05205,38,24,76,48,212,211,none
TRF-05206,4,0,8,0,71,160,none
TRF-05207,15,17,30,34,89,16,none
TRF-05208,8,8,16,16,112,137,none
TRF-05209,34,2,68,4,37,106,none
TRF-05210,27,35,54,70,113,215,none
TRF-05211,39,1,78,2,48,242,none
TRF-05212,39,4,78,8,167,76,none
TRF-05213,17,25,34,50,61,140,none
TRF-05214,39,10,78,20,108,125,none
TRF-05215,22,4,44,8,234,155,none
TRF-05216,23,27,46,54,157,71,none
TRF-05217,24,3,48,6,56,281,none
TRF-05218,31,8,62,16,194,111,none
TRF-05219,37,22,74,44,195,171,none
TRF-05220,10,40,20,80,93,248,none
TRF-05221,24,16,48,32,47,152,none
TRF-05222,1,13,2,26,280,165,none
TRF-05223,11,21,22,42,175,32,none
TRF-05224,13,17,26,34,147,130,none
TRF-05225,25,30,50,60,72,92,none
TRF-05226,34,14,68,28,293,0,none
TRF-05227,15,14,30,28,33,129,NS
TRF-05228,17,24,34,48,42,191,none
TRF-05229,18,37,36,74,101,76,none
TRF-05230,7,16,14,32,234,269,none
TRF-05231,37,20,74,40,109,32,none
TRF-05232,0,18,0,36,7,298,none
TRF-05233,15,28,30,56,253,222,none
TRF-05234,32,12,64,24,26,270,none
TRF-05235,32,3,64,6,30,51,none
TRF-05236,34,30,68,60,124,43,none
TRF-05237,37,5,74,10,166,47,NS
TRF-05238,16,14,32,28,221,246,none
TRF-05239,10,40,20,80,53,7,none
TRF-05240,35,4,70,8,280,233,none
TRF-05241,39,25,78,50,268,163,none
TRF-05242,8,21,16,42,232,27,none
TRF-05243,35,0,70,0,73,219,none
TRF-05244,12,15,24,30,36,190,NS
TRF-05245,11,12,22,24,6,206,none
TRF-05246,11,12,22,24,27,94,EW
TRF-05247,27,21,54,42,171,9,none
TRF-05248,8,10,16,20,147,48,none
TRF-05249,9,1,18,2,206,209,none
TRF-05250,6,20,12,40,38,131,none
TRF-05251,37,36,74,72,72,9,none
TRF-05252,25,27,50,54,127,105,none
TRF-05253,33,9,66,18,65,69,none
TRF-05254,17,2,34,4,16,163,none
TRF-05255,37,8,74,16,94,90,none
TRF-05256,24,8,48,16,14,48,EW
TRF-05257,39,2,78,4,38,58,none
TRF-05258,16,34,32,68,157,107,none
TRF-05259,6,12,12,24,116,89,none
TRF-05260,33,24,66,48,59,109,none
TRF-05261,38,16,76,32,171,210,none
TRF-05262,21,8,42,16,110,155,none
TRF-05263,25,19,50,38,152,226,none
TRF-05264,0,11,0,22,135,298,none
TRF-05265,27,12,54,24,137,89,none
TRF-05266,37,22,74,44,126,223,none
TRF-05267,40,30,80,60,124,141,none
TRF-05268,35,40,70,80,184,90,none
TRF-05269,14,22,28,44,207,47,none
TRF-05270,11,24,22,48,206,189,none
TRF-05271,36,4,72,8,136,249,none
TRF-05272,24,10,48,20,189,126,none
TRF-05273,32,3,64,6,213,213,none
TRF-05274,17,30,34,60,189,112,none
TRF-05275,37,23,74,46,81,147,none
TRF-05276,17,25,34,50,222,162,none
TRF-05277,21,13,42,26,287,297,none
TRF-05278,26,8,52,16,295,282,none
TRF-05279,15,9,30,18,148,103,none
TRF-05280,24,31,48,62,77,152,none
TRF-05281,30,5,60,10,80,234,none
TRF-05282,26,12,52,24,280,114,none
TRF-05283,13,18,26,36,210,280,none
TRF-05284,27,15,54,30,295,13,none
TRF-05285,6,25,12,50,275,75,none
TRF-05286,30,37,60,74,121,279,none
TRF-05287,4,26,8,52,49,181,none
TRF-05288,32,5,64,10,51,201,none
TRF-05289,32,12,64,24,236,45,none
TRF-05290,1,31,2,62,106,242,none
TRF-05291,3,30,6,60,85,2,NS
TRF-05292,17,34,34,68,216,246,EW
TRF-05293,1,35,2,70,71,197,none
TRF-05294,36,13,72,26,60,67,EW
TRF-05295,18,25,36,50,100,152,none
TRF-05296,28,25,56,50,94,165,none
TRF-05297,9,37,18,74,84,198,none
TRF-05298,18,22,36,44,207,105,NS
TRF-05299,12,38,24,76,55,235,none
TRF-05300,37,37,74,74,153,5,none
TRF-05301,36,16,72,32,258,40,EW
TRF-05302,7,11,14,22,211,196,none
TRF-05303,36,29,72,58,45,209,none
TRF-05304,1,26,2,52,281,114,none
TRF-05305,14,38,28,76,56,16,none
TRF-05306,24,6,48,12,86,179,none
TRF-05307,36,1,72,2,58,205,none
TRF-05308,15,36,30,72,139,299,none
TRF-05309,5,12,10,24,115,118,none
TRF-05310,17,13,34,26,243,214,none
TRF-05311,13,17,26,34,273,51,none
TRF-05312,36,34,72,68,135,45,none
TRF-05313,4,27,8,54,252,110,none
TRF-05314,16,34,32,68,46,53,none
TRF-05315,18,37,36,74,42,12,none
TRF-05316,19,10,38,20,19,77,none
TRF-05317,26,26,52,52,60,206,NS
TRF-05318,2,4,4,8,20,126,none
TRF-05319,7,12,14,24,132,256,none
TRF-05320,21,19,42,38,283,133,none
TRF-05321,3,13,6,26,163,101,none
TRF-05322,3,30,6,60,289,49,none
TRF-05323,37,6,74,12,105,278,none
TRF-05324,5,20,10,40,246,50,none
TRF-05325,5,31,10,62,59,104,none
TRF-05326,6,37,12,74,158,8,EW
TRF-05327,19,29,38,58,2,82,EW
TRF-05328,33,35,66,70,45,148,none
TRF-05329,8,34,16,68,235,153,none
TRF-05330,31,4,62,8,109,223,none
TRF-05331,32,23,64,46,251,194,none
TRF-05332,27,12,54,24,36,122,none
TRF-05333,5,2,10,4,255,154,none
TRF-05334,7,24,14,48,62,295,EW
TRF-05335,10,15,20,30,77,60,none
TRF-05336,3,4,6,8,121,42,NS
TRF-05337,13,21,26,42,26,210,none
TRF-05338,27,11,54,22,198,34,none
TRF-05339,16,22,32,44,172,85,EW
TRF-05340,11,31,22,62,159,38,none
TRF-05341,40,23,80,46,144,249,none
TRF-05342,4,29,8,58,298,277,none
TRF-05343,39,17,78,34,266,269,NS
TRF-05344,22,27,44,54,199,144,none
TRF-05345,38,14,76,28,29,15,none
TRF-05346,37,40,74,80,174,221,none
TRF-05347,25,13,50,26,187,186,none
TRF-05348,18,9,36,18,94,229,none
TRF-05349,5,29,10,58,79,199,none
TRF-05350,23,25,46,50,187,13,none
TRF-05351,0,30,0,60,11,21,none
TRF-05352,17,7,34,14,113,2,EW
TRF-05353,24,32,48,64,215,92,none
TRF-05354,32,28,64,56,52,2,none
TRF-05355,40,26,80,52,209,277,none
TRF-05356,17,6,34,12,248,69,none
TRF-05357,0,30,0,60,208,86,none
TRF-05358,7,7,14,14,179,82,none
TRF-05359,9,35,18,70,75,92,none
TRF-05360,9,18,18,36,6,274,none
TRF-05361,20,9,40,18,269,98,none
TRF-05362,38,37,76,74,152,16,none
TRF-05363,5,2,10,4,283,137,none
TRF-05364,7,14,14,28,190,52,none
TRF-05365,15,22,30,44,15,160,none
TRF-05366,28,9,56,18,84,271,none
TRF-05367,0,27,0,54,148,60,none
TRF-05368,23,31,46,62,284,20,none
TRF-05369,29,33,58,66,123,14,none
TRF-05370,34,1,68,2,37,12,none
TRF-05371,6,39,12,78,147,168,none
TRF-05372,4,39,8,78,170,64,none
TRF-05373,32,6,64,12,134,147,none
TRF-05374,26,29,52,58,147,65,none
TRF-05375,11,5,22,10,261,284,NS
TRF-05376,14,1,28,2,197,113,none
TRF-05377,31,35,62,70,12,116,none
TRF-05378,37,7,74,14,74,49,none
TRF-05379,39,28,78,56,128,122,none
TRF-05380,25,38,50,76,294,7,none
TRF-05381,21,35,42,70,165,176,NS
TRF-05382,23,37,46,74,292,156,none
TRF-05383,1,34,2,68,142,95,none
TRF-05384,0,26,0,52,220,290,none
TRF-05385,19,22,38,44,78,266,none
TRF-05386,34,27,68,54,7,193,none
TRF-05387,3,24,6,48,169,215,none
TRF-05388,14,28,28,56,139,190,none
TRF-05389,2,5,4,10,204,162,none
TRF-05390,26,5,52,10,114,214,none
TRF-05391,4,19,8,38,300,282,none
TRF-05392,22,14,44,28,10,262,none
TRF-05393,30,25,60,50,82,203,none
TRF-05394,19,29,38,58,255,92,none
TRF-05395,0,34,0,68,144,94,none
TRF-05396,9,16,18,32,89,108,none
TRF-05397,0,2,0,4,140,40,none
TRF-05398,8,19,16,38,56,169,none
TRF-05399,25,38,50,76,55,167,none
TRF-05400,20,29,40,58,144,299,NS
TRF-05401,24,11,48,22,255,288,none
TRF-05402,0,10,0,20,142,84,none
TRF-05403,3,15,6,30,109,113,none
TRF-05404,39,21,78,42,149,183,none
TRF-05405,14,5,28,10,164,275,NS
TRF-05406,8,33,16,66,198,115,none
TRF-05407,1,8,2,16,222,200,none
TRF-05408,39,38,78,76,46,226,none
TRF-05409,31,18,62,36,80,71,none
TRF-05410,1,19,2,38,44,208,none
TRF-05411,11,7,22,14,183,123,none
TRF-05412,25,24,50,48,107,243,none
TRF-05413,0,25,0,50,113,64,none
TRF-05414,2,13,4,26,62,118,none
TRF-05415,32,2,64,4,154,272,none
TRF-05416,22,0,44,0,94,77,none
TRF-05417,6,37,12,74,24,54,none
TRF-05418,15,13,30,26,191,115,none
TRF-05419,31,5,62,10,31,1,none
TRF-05420,1,11,2,22,297,174,none
TRF-05421,24,9,48,18,94,174,none
TRF-05422,17,31,34,62,32,263,none
TRF-05423,22,38,44,76,158,1,none
TRF-05424,37,39,74,78,73,116,none
TRF-05425,22,13,44,26,69,119,none
TRF-05426,24,40,48,80,239,238,NS
TRF-05427,34,4,68,8,145,169,none
TRF-05428,28,18,56,36,125,227,none
TRF-05429,7,39,14,78,151,180,none
TRF-05430,39,6,78,12,41,231,EW
TRF-05431,27,26,54,52,219,174,none
TRF-05432,11,30,22,60,214,34,none
TRF-05433,36,10,72,20,283,44,none
TRF-05434,20,30,40,60,280,28,none
TRF-05435,4,39,8,78,30,79,none
TRF-05436,4,7,8,14,200,244,none
TRF-05437,28,1,56,2,197,244,none
TRF-05438,13,21,26,42,125,69,none
TRF-05439,31,7,62,14,276,182,none
TRF-05440,4,8,8,16,193,264,none
TRF-05441,32,23,64,46,212,112,NS
TRF-05442,5,5,10,10,146,77,none
TRF-05443,12,1,24,2,20,14,NS
TRF-05444,15,29,30,58,172,125,none
TRF-05445,34,36,68,72,76,124,none
TRF-05446,4,13,8,26,73,132,none
TRF-05447,38,40,76,80,257,194,none
TRF-05448,13,8,26,16,245,274,none
TRF-05449,6,31,12,62,283,103,none
TRF-05450,31,26,62,52,175,291,none
TRF-05451,21,13,42,26,268,71,none
TRF-05452,6,17,12,34,15,198,none
TRF-05453,10,27,20,54,201,149,none
TRF-05454,28,14,56,28,188,32,none
TRF-05455,31,11,62,22,143,161,NS
TRF-05456,14,15,28,30,250,187,none
TRF-05457,20,24,40,48,240,210,none
TRF-05458,28,32,56,64,150,218,none
TRF-05459,17,36,34,72,147,188,none
TRF-05460,1,19,2,38,208,70,none
TRF-05461,26,37,52,74,66,290,none
TRF-05462,24,34,48,68,170,56,none
TRF-05463,3,26,6,52,64,229,none
TRF-05464,31,11,62,22,118,163,none
TRF-05465,39,28,78,56,299,110,none
TRF-05466,17,8,34,16,37,67,none
TRF-05467,19,27,38,54,190,2,none
TRF-05468,12,18,24,36,252,236,none
TRF-05469,0,18,0,36,176,252,none
TRF-05470,29,8,58,16,191,59,none
TRF-05471,18,3,36,6,234,12,none
TRF-05472,39,33,78,66,68,47,none
TRF-05473,35,9,70,18,124,98,none
TRF-05474,9,3,18,6,290,138,none
TRF-05475,25,31,50,62,204,227,none
TRF-05476,12,26,24,52,112,71,none
TRF-05477,33,27,66,54,102,2,none
TRF-05478,8,9,16,18,13,25,none
TRF-05479,33,18,66,36,257,137,none
TRF-05480,16,34,32,68,104,104,EW
TRF-05481,13,27,26,54,231,295,none
TRF-05482,32,10,64,20,276,207,none
TRF-05483,40,5,80,10,105,195,none
TRF-05484,21,40,42,80,129,146,none
TRF-05485,38,8,76,16,12,287,EW
TRF-05486,26,17,52,34,290,26,none
TRF-05487,12,9,24,18,133,189,none
TRF-05488,5,36,10,72,110,191,none
TRF-05489,0,4,0,8,55,169,none
TRF-05490,7,30,14,60,176,271,none
TRF-05491,3,34,6,68,24,110,EW
TRF-05492,32,36,64,72,18,146,none
TRF-05493,4,3,8,6,144,31,none
TRF-05494,4,22,8,44,207,197,none
TRF-05495,21,4,42,8,109,169,none
TRF-05496,40,6,80,12,140,263,none
TRF-05497,30,19,60,38,234,163,none
TRF-05498,3,12,6,24,21,6,none
TRF-05499,25,33,50,66,162,195,none
TRF-05500,7,31,14,62,230,281,none
TRF-05501,5,38,10,76,19,79,none
TRF-05502,6,25,12,50,269,286,none
TRF-05503,13,30,26,60,52,223,none
TRF-05504,23,33,46,66,199,217,EW
TRF-05505,33,27,66,54,57,43,none
TRF-05506,30,24,60,48,224,182,none
TRF-05507,33,12,66,24,101,81,none
TRF-05508,30,2,60,4,164,14,none
TRF-05509,34,13,68,26,191,97,none
TRF-05510,34,4,68,8,178,216,none
TRF-05511,9,34,18,68,189,126,none
TRF-05512,15,15,30,30,296,260,none
TRF-05513,10,24,20,48,204,72,none
TRF-05514,30,21,60,42,286,22,none
TRF-05515,21,34,42,68,137,217,none
TRF-05516,31,38,62,76,106,2,none
TRF-05517,12,0,24,0,77,263,none
TRF-05518,10,29,20,58,91,245,none
TRF-05519,27,37,54,74,286,113,none
TRF-05520,4,40,8,80,189,31,none
TRF-05521,8,33,16,66,189,153,none
TRF-05522,15,0,30,0,278,239,none
TRF-05523,0,34,0,68,288,241,none
TRF-05524,0,40,0,80,233,114,none
TRF-05525,10,30,20,60,243,240,none
TRF-05526,7,7,14,14,256,149,none
TRF-05527,8,30,16,60,258,199,none
TRF-05528,38,3,76,6,4,226,NS
TRF-05529,9,4,18,8,24,72,none
TRF-05530,17,9,34,18,99,151,none
TRF-05531,31,13,62,26,26,178,none
TRF-05532,30,28,60,56,240,48,none
TRF-05533,27,7,54,14,296,298,none
TRF-05534,6,24,12,48,186,222,none
TRF-05535,25,25,50,50,233,208,none
TRF-05536,38,39,76,78,193,268,none
TRF-05537,12,18,24,36,136,8,none
TRF-05538,23,9,46,18,82,144,NS
TRF-05539,24,23,48,46,100,234,none
TRF-05540,11,8,22,16,45,296,none
TRF-05541,16,15,32,30,6,234,none
TRF-05542,18,30,36,60,124,215,none
TRF-05543,7,21,14,42,252,300,none
TRF-05544,21,2,42,4,49,22,none
TRF-05545,9,26,18,52,4,15,none
TRF-05546,8,25,16,50,178,286,none
TRF-05547,13,16,26,32,239,172,none
TRF-05548,35,13,70,26,112,163,none
TRF-05549,32,13,64,26,183,251,none
TRF-05550,38,11,76,22,55,145,none
TRF-05551,30,36,60,72,46,129,none
TRF-05552,32,26,64,52,198,145,none
TRF-05553,15,9,30,18,11,106,none
TRF-05554,31,8,62,16,208,216,none
TRF-05555,33,9,66,18,158,201,none
TRF-05556,16,37,32,74,85,255,none
TRF-05557,18,0,36,0,20,17,none
TRF-05558,9,1,18,2,279,200,none
TRF-05559,5,19,10,38,193,8,none
TRF-05560,37,1,74,2,286,173,none
TRF-05561,9,31,18,62,58,205,EW
TRF-05562,12,3,24,6,101,120,none
TRF-05563,26,13,52,26,195,102,none
TRF-05564,5,3,10,6,29,19,none
TRF-05565,33,38,66,76,120,33,none
TRF-05566,33,7,66,14,1,158,none
TRF-05567,34,2,68,4,88,269,none
TRF-05568,14,21,28,42,142,33,none
TRF-05569,38,11,76,22,25,117,none
TRF-05570,16,14,32,28,227,213,none
TRF-05571,15,26,30,52,201,87,none
TRF-05572,1,32,2,64,42,71,EW
TRF-05573,40,27,80,54,266,34,none
TRF-05574,36,19,72,38,234,131,none
TRF-05575,0,22,0,44,112,37,EW
TRF-05576,5,2,10,4,178,280,NS
TRF-05577,15,0,30,0,221,254,NS
TRF-05578,38,28,76,56,257,148,EW
TRF-05579,6,35,12,70,299,63,none
TRF-05580,8,27,16,54,119,242,EW
TRF-05581,22,1,44,2,53,207,none
TRF-05582,27,30,54,60,50,260,none
TRF-05583,25,8,50,16,271,277,none
TRF-05584,13,26,26,52,120,221,none
TRF-05585,22,1,44,2,44,203,none
TRF-05586,40,10,80,20,235,205,none
TRF-05587,10,11,20,22,217,221,none
TRF-05588,32,32,64,64,5,291,none
TRF-05589,12,28,24,56,203,43,NS
TRF-05590,20,10,40,20,95,281,NS
TRF-05591,38,34,76,68,0,237,none
TRF-05592,37,15,74,30,162,289,none
TRF-05593,8,20,16,40,174,244,none
TRF-05594,9,27,18,54,165,253,none
TRF-05595,1,35,2,70,96,285,none
TRF-05596,34,1,68,2,162,15,NS
TRF-05597,18,7,36,14,225,55,none
TRF-05598,24,21,48,42,247,282,none
TRF-05599,36,4,72,8,71,180,none
TRF-05600,22,5,44,10,273,272,none
TRF-05601,7,19,14,38,269,219,none
TRF-05602,23,2,46,4,2,94,none
TRF-05603,38,40,76,80,92,267,NS
TRF-05604,35,31,70,62,178,237,EW
TRF-05605,40,14,80,28,8,72,none
TRF-05606,1,7,2,14,52,76,none
TRF-05607,0,4,0,8,259,200,none
TRF-05608,2,31,4,62,140,87,none
TRF-05609,1,25,2,50,176,76,EW
TRF-05610,10,14,20,28,96,208,none
TRF-05611,7,40,14,80,287,8,none
TRF-05612,2,0,4,0,255,100,none
TRF-05613,8,16,16,32,88,197,none
TRF-05614,27,8,54,16,132,293,none
TRF-05615,15,30,30,60,147,12,none
TRF-05616,20,31,40,62,47,141,none
TRF-05617,38,23,76,46,208,253,none
TRF-05618,24,34,48,68,252,106,none
TRF-05619,19,16,38,32,190,112,none
TRF-05620,4,17,8,34,194,219,none
TRF-05621,34,26,68,52,181,263,none
TRF-05622,17,32,34,64,101,151,none
TRF-05623,14,22,28,44,280,219,none
TRF-05624,26,31,52,62,110,222,EW
TRF-05625,19,33,38,66,160,123,none
TRF-05626,29,30,58,60,186,268,none
TRF-05627,32,38,64,76,148,124,none
TRF-05628,26,39,52,78,287,111,none
TRF-05629,16,19,32,38,124,220,EW
TRF-05630,21,34,42,68,16,182,none
TRF-05631,19,20,38,40,30,184,EW
TRF-05632,2,38,4,76,89,272,none
TRF-05633,29,10,58,20,4,26,none
TRF-05634,17,11,34,22,100,290,none
TRF-05635,29,28,58,56,116,250,NS
TRF-05636,37,20,74,40,138,176,none
TRF-05637,0,15,0,30,287,14,none
TRF-05638,8,21,16,42,286,179,none
TRF-05639,2,8,4,16,2,153,EW
TRF-05640,1,11,2,22,287,48,none
TRF-05641,21,14,42,28,33,71,NS
TRF-05642,38,16,76,32,119,114,none
TRF-05643,39,21,78,42,96,40,none
TRF-05644,6,7,12,14,72,122,none
TRF-05645,36,1,72,2,140,85,none
TRF-05646,11,29,22,58,135,76,none
TRF-05647,24,11,48,22,176,56,none
TRF-05648,33,23,66,46,253,114,none
TRF-05649,35,22,70,44,178,149,none
TRF-05650,5,16,10,32,220,20,none
TRF-05651,40,5,80,10,299,118,none
TRF-05652,5,30,10,60,155,176,none
TRF-05653,20,14,40,28,232,16,NS
TRF-05654,26,8,52,16,242,95,none
TRF-05655,6,26,12,52,233,102,none
TRF-05656,16,24,32,48,48,71,none
TRF-05657,20,30,40,60,191,216,none
TRF-05658,10,27,20,54,131,51,none
TRF-05659,27,1,54,2,263,131,none
TRF-05660,32,28,64,56,200,81,none
TRF-05661,39,3,78,6,217,292,none
TRF-05662,38,27,76,54,123,10,none
TRF-05663,15,39,30,78,172,37,none
TRF-05664,31,3,62,6,159,171,none
TRF-05665,21,39,42,78,276,73,NS
TRF-05666,8,26,16,52,225,116,none
TRF-05667,6,11,12,22,110,143,none
TRF-05668,33,35,66,70,271,19,none
TRF-05669,22,5,44,10,149,77,none
TRF-05670,23,38,46,76,124,205,none
TRF-05671,2,9,4,18,283,89,none
TRF-05672,15,6,30,12,126,130,none
TRF-05673,23,23,46,46,226,193,none
TRF-05674,38,39,76,78,32,56,none
TRF-05675,18,37,36,74,12,146,none
TRF-05676,12,5,24,10,266,103,none
TRF-05677,15,27,30,54,190,115,NS
TRF-05678,5,2,10,4,80,299,none
TRF-05679,7,6,14,12,164,8,none
TRF-05680,37,7,74,14,239,64,none
TRF-05681,21,4,42,8,231,109,none
TRF-05682,32,7,64,14,218,72,none
TRF-05683,5,3,10,6,257,250,none
TRF-05684,39,9,78,18,80,50,none
TRF-05685,15,25,30,50,290,38,none
TRF-05686,28,13,56,26,235,222,none
TRF-05687,7,1,14,2,183,70,none
TRF-05688,28,31,56,62,0,226,none
TRF-05689,22,38,44,76,41,191,none
TRF-05690,3,16,6,32,140,162,none
TRF-05691,11,0,22,0,67,193,none
TRF-05692,33,15,66,30,286,253,none
TRF-05693,2,13,4,26,158,177,none
TRF-05694,10,38,20,76,161,257,none
TRF-05695,25,3,50,6,121,24,none
TRF-05696,38,13,76,26,139,208,none
TRF-05697,29,22,58,44,152,35,none
TRF-05698,9,15,18,30,217,277,none
TRF-05699,2,4,4,8,124,281,none
TRF-05700,28,11,56,22,36,24,none
TRF-05701,20,6,40,12,124,125,none
TRF-05702,3,6,6,12,279,158,none
TRF-05703,0,6,0,12,120,274,none
TRF-05704,10,23,20,46,120,88,none
TRF-05705,35,12,70,24,39,198,none
TRF-05706,40,26,80,52,113,212,none
TRF-05707,15,34,30,68,289,44,none
TRF-05708,30,15,60,30,194,6,none
TRF-05709,32,37,64,74,156,248,none
TRF-05710,11,2,22,4,21,11,none
TRF-05711,5,16,10,32,51,25,EW
TRF-05712,0,29,0,58,58,222,none
TRF-05713,35,23,70,46,14,272,none
TRF-05714,20,6,40,12,92,110,none
TRF-05715,33,23,66,46,41,56,none
TRF-05716,37,5,74,10,135,155,none
TRF-05717,23,26,46,52,241,72,none
TRF-05718,22,21,44,42,199,58,none
TRF-05719,29,27,58,54,255,40,none
TRF-05720,28,7,56,14,256,256,none
TRF-05721,9,27,18,54,123,299,none
TRF-05722,6,8,12,16,205,195,NS
TRF-05723,28,34,56,68,112,12,none
TRF-05724,31,13,62,26,234,50,none
TRF-05725,33,30,66,60,146,23,none
TRF-05726,8,13,16,26,147,194,EW
TRF-05727,19,19,38,38,200,195,none
TRF-05728,27,13,54,26,111,0,none
TRF-05729,7,4,14,8,234,213,none
TRF-05730,19,11,38,22,52,191,none
TRF-05731,32,14,64,28,57,203,EW
TRF-05732,26,13,52,26,212,134,none
TRF-05733,16,24,32,48,160,193,none
TRF-05734,36,24,72,48,261,247,NS
TRF-05735,13,24,26,48,282,286,none
TRF-05736,14,0,28,0,14,142,none
TRF-05737,31,38,62,76,116,205,none
TRF-05738,5,22,10,44,295,92,none
TRF-05739,9,38,18,76,58,85,none
TRF-05740,3,24,6,48,168,114,none
TRF-05741,2,16,4,32,25,193,none
TRF-05742,9,37,18,74,48,41,none
TRF-05743,10,8,20,16,262,80,none
TRF-05744,7,33,14,66,98,10,none
TRF-05745,7,28,14,56,298,205,none
TRF-05746,30,21,60,42,229,269,none
TRF-05747,33,16,66,32,295,244,none
TRF-05748,37,39,74,78,229,29,none
TRF-05749,8,6,16,12,251,63,none
TRF-05750,34,26,68,52,171,213,none
TRF-05751,6,35,12,70,273,52,EW
TRF-05752,0,27,0,54,39,252,none
TRF-05753,20,26,40,52,124,48,EW
TRF-05754,12,6,24,12,86,236,EW
TRF-05755,23,22,46,44,229,91,none
TRF-05756,26,6,52,12,214,156,none
TRF-05757,13,31,26,62,287,259,none
TRF-05758,36,13,72,26,269,297,none
TRF-05759,3,25,6,50,271,85,none
TRF-05760,7,13,14,26,6,255,none
TRF-05761,31,22,62,44,96,87,none
TRF-05762,14,12,28,24,215,61,none
TRF-05763,15,4,30,8,240,269,none
TRF-05764,37,2,74,4,23,158,none
TRF-05765,3,15,6,30,243,83,none
TRF-05766,18,23,36,46,264,170,none
TRF-05767,21,26,42,52,120,300,none
TRF-05768,7,9,14,18,246,142,EW
TRF-05769,13,38,26,76,78,74,NS
TRF-05770,21,6,42,12,224,139,none
TRF-05771,38,11,76,22,165,285,none
TRF-05772,4,40,8,80,130,252,none
TRF-05773,11,6,22,12,93,96,none
TRF-05774,2,7,4,14,277,202,none
TRF-05775,38,16,76,32,183,132,none
TRF-05776,13,35,26,70,128,162,none
TRF-05777,20,24,40,48,111,26,none
TRF-05778,0,30,0,60,204,266,none
TRF-05779,21,39,42,78,23,300,none
TRF-05780,19,23,38,46,296,275,none
TRF-05781,40,17,80,34,16,287,EW
TRF-05782,39,38,78,76,90,55,none
TRF-05783,40,12,80,24,168,47,none
TRF-05784,32,4,64,8,34,105,none
TRF-05785,39,30,78,60,98,219,none
TRF-05786,30,8,60,16,61,245,none
TRF-05787,18,0,36,0,92,156,none
TRF-05788,10,10,20,20,138,48,none
TRF-05789,33,14,66,28,31,210,none
TRF-05790,15,11,30,22,120,222,none
TRF-05791,0,6,0,12,278,51,none
TRF-05792,19,18,38,36,137,86,none
TRF-05793,35,17,70,34,79,15,none
TRF-05794,17,15,34,30,188,3,none
TRF-05795,19,28,38,56,210,179,none
TRF-05796,5,7,10,14,263,218,none
TRF-05797,21,26,42,52,140,4,none
TRF-05798,36,18,72,36,52,158,none
TRF-05799,12,39,24,78,276,33,none
TRF-05800,29,2,58,4,163,159,none
TRF-05801,8,19,16,38,166,47,none
TRF-05802,39,3,78,6,260,91,none
TRF-05803,4,4,8,8,13,102,none
TRF-05804,20,39,40,78,136,92,none
TRF-05805,37,11,74,22,18,89,none
TRF-05806,24,24,48,48,221,298,none
TRF-05807,27,38,54,76,88,85,none
TRF-05808,14,14,28,28,275,196,none
TRF-05809,16,5,32,10,33,277,none
TRF-05810,12,38,24,76,8,118,none
TRF-05811,19,8,38,16,143,76,none
TRF-05812,24,27,48,54,90,262,none
TRF-05813,17,26,34,52,97,103,none
TRF-05814,33,34,66,68,117,121,none
TRF-05815,30,23,60,46,52,269,none
TRF-05816,39,16,78,32,19,259,none
TRF-05817,23,18,46,36,89,145,none
TRF-05818,35,11,70,22,196,68,none
TRF-05819,21,1,42,2,230,137,none
TRF-05820,1,36,2,72,177,83,EW
TRF-05821,35,40,70,80,267,191,none
TRF-05822,30,40,60,80,4,127,none
TRF-05823,38,27,76,54,145,167,none
TRF-05824,38,6,76,12,240,207,none
TRF-05825,16,29,32,58,63,281,none
TRF-05826,0,2,0,4,174,140,none
TRF-05827,32,29,64,58,108,140,EW
TRF-05828,39,25,78,50,193,264,EW
TRF-05829,27,28,54,56,275,296,none
TRF-05830,1,26,2,52,54,234,none
TRF-05831,1,27,2,54,299,26,none
TRF-05832,16,39,32,78,225,42,none
TRF-05833,13,33,26,66,133,229,none
TRF-05834,25,30,50,60,183,214,none
TRF-05835,20,0,40,0,173,39,none
TRF-05836,32,27,64,54,10,49,none
TRF-05837,18,16,36,32,288,92,none
TRF-05838,13,23,26,46,222,294,none
TRF-05839,1,17,2,34,165,8,none
TRF-05840,26,26,52,52,295,117,none
TRF-05841,19,2,38,4,69,135,NS
TRF-05842,35,27,70,54,36,241,none
TRF-05843,34,37,68,74,85,169,none
TRF-05844,7,19,14,38,17,66,none
TRF-05845,15,34,30,68,165,251,none
TRF-05846,11,24,22,48,154,263,EW
TRF-05847,4,40,8,80,210,127,none
TRF-05848,18,36,36,72,125,208,none
TRF-05849,3,24,6,48,100,165,none
TRF-05850,14,1,28,2,43,11,none
TRF-05851,9,28,18,56,281,295,none
TRF-05852,21,5,42,10,106,0,none
TRF-05853,32,23,64,46,75,250,none
TRF-05854,33,24,66,48,243,24,none
TRF-05855,24,20,48,40,212,75,none
TRF-05856,12,27,24,54,110,129,none
TRF-05857,18,13,36,26,132,206,none
TRF-05858,38,24,76,48,125,119,none
TRF-05859,4,9,8,18,100,113,none
TRF-05860,26,5,52,10,244,24,none
TRF-05861,14,7,28,14,228,154,none
TRF-05862,22,29,44,58,236,219,none
TRF-05863,26,8,52,16,198,125,NS
TRF-05864,28,34,56,68,160,21,none
TRF-05865,35,38,70,76,250,253,none
TRF-05866,31,23,62,46,139,146,none
TRF-05867,18,32,36,64,171,70,none
TRF-05868,12,28,24,56,235,129,none
TRF-05869,1,15,2,30,243,199,none
TRF-05870,35,30,70,60,144,12,none
TRF-05871,9,1,18,2,245,215,none
TRF-05872,5,19,10,38,227,179,none
TRF-05873,5,4,10,8,162,241,none
TRF-05874,13,3,26,6,29,16,none
TRF-05875,2,36,4,72,142,17,none
TRF-05876,23,25,46,50,182,259,none
TRF-05877,18,16,36,32,175,125,none
TRF-05878,21,27,42,54,187,125,none
TRF-05879,11,12,22,24,66,210,none
TRF-05880,2,40,4,80,6,18,none
TRF-05881,1,36,2,72,40,35,none
TRF-05882,15,19,30,38,299,185,none
TRF-05883,4,5,8,10,256,290,none
TRF-05884,25,20,50,40,41,44,none
TRF-05885,20,32,40,64,110,229,none
TRF-05886,17,25,34,50,218,39,none
TRF-05887,19,30,38,60,229,217,NS
TRF-05888,32,26,64,52,261,249,none
TRF-05889,17,29,34,58,298,210,none
TRF-05890,24,35,48,70,75,8,none
TRF-05891,8,23,16,46,206,175,EW
TRF-05892,37,23,74,46,8,269,none
TRF-05893,4,17,8,34,84,119,none
TRF-05894,0,11,0,22,294,95,none
TRF-05895,18,1,36,2,161,142,none
TRF-05896,15,39,30,78,273,216,none
TRF-05897,9,4,18,8,129,28,none
TRF-05898,13,5,26,10,272,198,none
TRF-05899,19,31,38,62,157,230,none
TRF-05900,13,35,26,70,46,129,none
TRF-05901,32,21,64,42,85,133,none
TRF-05902,19,8,38,16,1,96,none
TRF-05903,16,18,32,36,52,8,NS
TRF-05904,10,14,20,28,258,246,none
TRF-05905,22,5,44,10,275,208,none
TRF-05906,31,30,62,60,154,48,none
TRF-05907,13,23,26,46,39,258,none
TRF-05908,0,9,0,18,181,263,none
TRF-05909,17,26,34,52,162,273,none
TRF-05910,22,13,44,26,269,275,none
TRF-05911,10,7,20,14,250,281,none
TRF-05912,21,39,42,78,29,295,none
TRF-05913,4,10,8,20,283,192,none
TRF-05914,33,7,66,14,192,235,none
TRF-05915,39,11,78,22,110,275,none
TRF-05916,6,37,12,74,112,159,none
TRF-05917,36,5,72,10,280,21,none
TRF-05918,12,34,24,68,33,132,none
TRF-05919,12,16,24,32,65,88,none
TRF-05920,10,6,20,12,189,294,none
TRF-05921,15,3,30,6,300,52,none
TRF-05922,32,20,64,40,79,241,NS
TRF-05923,18,5,36,10,44,151,none
TRF-05924,5,12,10,24,127,42,none
TRF-05925,22,23,44,46,100,27,EW
TRF-05926,20,14,40,28,19,97,none
TRF-05927,19,18,38,36,5,230,none
TRF-05928,5,6,10,12,24,208,none
TRF-05929,35,19,70,38,160,163,none
TRF-05930,27,15,54,30,156,166,EW
TRF-05931,19,7,38,14,285,94,none
TRF-05932,6,9,12,18,208,136,none
TRF-05933,3,26,6,52,157,42,NS
TRF-05934,6,1,12,2,214,53,NS
TRF-05935,24,24,48,48,47,8,none
TRF-05936,33,40,66,80,67,81,none
TRF-05937,8,7,16,14,207,274,none
TRF-05938,32,8,64,16,77,42,none
TRF-05939,31,22,62,44,205,87,none
TRF-05940,24,39,48,78,291,195,EW
TRF-05941,1,33,2,66,99,138,none
TRF-05942,5,0,10,0,5,176,none
TRF-05943,8,40,16,80,180,252,none
TRF-05944,8,35,16,70,233,25,none
TRF-05945,10,9,20,18,15,23,EW
TRF-05946,29,17,58,34,286,173,none
TRF-05947,8,16,16,32,97,284,none
TRF-05948,7,9,14,18,179,45,none
TRF-05949,11,2,22,4,169,262,none
TRF-05950,1,9,2,18,264,204,none
TRF-05951,24,2,48,4,147,282,none
TRF-05952,11,16,22,32,6,214,none
TRF-05953,19,30,38,60,134,230,EW
TRF-05954,25,38,50,76,174,21,none
TRF-05955,1,16,2,32,42,257,EW
TRF-05956,37,32,74,64,169,223,none
TRF-05957,16,13,32,26,18,48,NS
TRF-05958,21,40,42,80,181,220,none
TRF-05959,14,32,28,64,286,251,none
TRF-05960,32,28,64,56,195,177,none
TRF-05961,39,39,78,78,121,37,none
TRF-05962,3,26,6,52,65,70,none
TRF-05963,1,5,2,10,50,99,none
TRF-05964,0,17,0,34,246,141,none
TRF-05965,28,5,56,10,295,7,none
TRF-05966,1,13,2,26,168,62,none
TRF-05967,16,33,32,66,300,165,none
TRF-05968,35,10,70,20,291,148,none
TRF-05969,37,7,74,14,132,235,none
TRF-05970,3,23,6,46,119,157,none
TRF-05971,35,15,70,30,183,47,EW
TRF-05972,26,30,52,60,110,28,none
TRF-05973,21,14,42,28,64,201,none
TRF-05974,35,16,70,32,261,264,none
TRF-05975,40,33,80,66,211,169,none
TRF-05976,9,37,18,74,85,188,none
TRF-05977,34,11,68,22,81,269,NS
TRF-05978,34,0,68,0,56,269,none
TRF-05979,15,23,30,46,107,21,none
TRF-05980,32,32,64,64,175,218,none
TRF-05981,19,27,38,54,248,209,none
TRF-05982,32,1,64,2,204,142,none
TRF-05983,35,14,70,28,245,137,none
TRF-05984,36,20,72,40,294,243,none
TRF-05985,5,14,10,28,182,102,none
TRF-05986,30,20,60,40,176,168,none
TRF-05987,10,32,20,64,250,140,none
TRF-05988,29,17,58,34,44,32,none
TRF-05989,18,33,36,66,197,80,none
TRF-05990,20,7,40,14,60,252,none
TRF-05991,21,14,42,28,137,208,none
TRF-05992,20,4,40,8,183,223,none
TRF-05993,7,39,14,78,206,225,none
TRF-05994,27,15,54,30,4,25,none
TRF-05995,13,22,26,44,258,94,none
TRF-05996,7,25,14,50,98,19,none
TRF-05997,20,36,40,72,243,79,none
TRF-05998,17,9,34,18,64,268,none
TRF-05999,34,13,68,26,156,85,none
TRF-06000,26,35,52,70,24,290,none
TRF-06001,16,27,32,54,25,42,none
TRF-06002,32,2,64,4,140,4,none
TRF-06003,12,19,24,38,283,2,none
TRF-06004,21,14,42,28,224,123,none
TRF-06005,33,25,66,50,204,248,none
TRF-06006,22,20,44,40,133,139,none
TRF-06007,1,22,2,44,125,299,none
TRF-06008,25,2,50,4,223,248,none
TRF-06009,25,40,50,80,70,253,none
TRF-06010,40,21,80,42,105,202,NS
TRF-06011,19,39,38,78,293,32,none
TRF-06012,9,33,18,66,178,209,none
TRF-06013,40,9,80,18,256,186,none
TRF-06014,10,5,20,10,182,164,none
TRF-06015,13,35,26,70,125,10,none
TRF-06016,29,21,58,42,163,281,none
TRF-06017,10,24,20,48,93,213,none
TRF-06018,38,23,76,46,203,244,none
TRF-06019,17,18,34,36,202,1,none
TRF-06020,39,1,78,2,246,175,none
TRF-06021,36,36,72,72,51,258,none
TRF-06022,30,23,60,46,189,35,none
TRF-06023,17,19,34,38,49,157,none
TRF-06024,10,21,20,42,105,51,none
TRF-06025,17,39,34,78,277,91,none
TRF-06026,15,33,30,66,172,292,none
TRF-06027,28,28,56,56,222,179,none
TRF-06028,20,37,40,74,18,246,none
TRF-06029,20,19,40,38,134,107,none
TRF-06030,19,14,38,28,221,274,none
TRF-06031,31,6,62,12,172,210,none
TRF-06032,11,9,22,18,1,298,none
TRF-06033,39,3,78,6,249,207,NS
TRF-06034,15,19,30,38,57,177,none
TRF-06035,37,29,74,58,238,63,EW
TRF-06036,3,7,6,14,63,170,none
TRF-06037,29,29,58,58,117,147,none
TRF-06038,16,15,32,30,36,134,none
TRF-06039,30,8,60,16,88,180,NS
TRF-06040,29,32,58,64,172,205,none
TRF-06041,14,21,28,42,138,249,none
TRF-06042,25,34,50,68,168,191,none
TRF-06043,39,20,78,40,77,121,none
TRF-06044,34,23,68,46,190,178,none
TRF-06045,37,22,74,44,248,154,none
TRF-06046,23,32,46,64,50,209,none
TRF-06047,9,33,18,66,134,60,none
TRF-06048,26,10,52,20,122,109,none
TRF-06049,40,19,80,38,227,0,none
TRF-06050,29,6,58,12,128,205,none
TRF-06051,28,40,56,80,49,130,none
TRF-06052,31,37,62,74,250,125,EW
TRF-06053,7,35,14,70,178,163,none
TRF-06054,2,33,4,66,110,255,NS
TRF-06055,23,25,46,50,18,62,none
TRF-06056,12,38,24,76,198,51,none
TRF-06057,29,22,58,44,15,20,none
TRF-06058,28,2,56,4,196,235,none
TRF-06059,17,36,34,72,17,250,none
TRF-06060,38,11,76,22,270,160,none
TRF-06061,6,25,12,50,79,56,none
TRF-06062,23,37,46,74,121,281,none
TRF-06063,37,27,74,54,227,205,none
TRF-06064,22,12,44,24,219,249,EW
TRF-06065,23,22,46,44,269,208,none
TRF-06066,3,29,6,58,65,68,none
TRF-06067,13,17,26,34,43,109,none
TRF-06068,22,6,44,12,99,3,none
TRF-06069,12,3,24,6,239,158,none
TRF-06070,40,19,80,38,116,221,none
TRF-06071,14,20,28,40,245,290,none
TRF-06072,4,17,8,34,266,11,none
TRF-06073,0,3,0,6,233,116,none
TRF-06074,40,27,80,54,186,287,none
TRF-06075,24,1,48,2,262,89,EW
TRF-06076,21,11,42,22,212,121,none
TRF-06077,30,37,60,74,135,34,none
TRF-06078,32,33,64,66,199,219,NS
TRF-06079,6,5,12,10,64,65,EW
TRF-06080,10,4,20,8,135,85,none
TRF-06081,10,24,20,48,42,55,none
TRF-06082,34,36,68,72,75,170,none
TRF-06083,19,25,38,50,163,231,EW
TRF-06084,40,40,80,80,139,193,NS
TRF-06085,13,11,26,22,191,162,none
TRF-06086,4,7,8,14,266,49,none
TRF-06087,34,21,68,42,43,109,none
TRF-06088,28,12,56,24,261,9,none
TRF-06089,9,3,18,6,105,282,none
TRF-06090,34,6,68,12,110,227,none
TRF-06091,27,32,54,64,154,51,none
TRF-06092,17,31,34,62,41,133,none
TRF-06093,8,10,16,20,14,38,none
TRF-06094,33,15,66,30,101,124,none
TRF-06095,3,6,6,12,56,94,none
TRF-06096,34,13,68,26,199,5,none
TRF-06097,32,30,64,60,202,149,none
TRF-06098,30,2,60,4,293,5,EW
TRF-06099,30,27,60,54,55,278,none
TRF-06100,29,24,58,48,73,191,none
TRF-06101,26,30,52,60,33,213,none
TRF-06102,6,31,12,62,75,21,none
TRF-06103,33,33,66,66,202,287,none
TRF-06104,19,6,38,12,256,199,none
TRF-06105,14,2,28,4,115,82,none
TRF-06106,19,21,38,42,205,131,none
TRF-06107,29,19,58,38,55,42,none
TRF-06108,20,14,40,28,10,198,none
TRF-06109,16,36,32,72,16,289,none
TRF-06110,31,0,62,0,117,152,none
TRF-06111,7,38,14,76,230,27,none
TRF-06112,4,23,8,46,286,293,none
TRF-06113,25,34,50,68,72,296,none
TRF-06114,0,29,0,58,141,89,none
TRF-06115,21,15,42,30,34,127,none
TRF-06116,25,8,50,16,174,87,none
TRF-06117,0,8,0,16,89,57,none
TRF-06118,1,35,2,70,261,233,none
TRF-06119,17,32,34,64,5,72,none
TRF-06120,38,14,76,28,101,188,none
TRF-06121,32,19,64,38,98,42,none
TRF-06122,23,28,46,56,122,167,none
TRF-06123,30,19,60,38,173,129,none
TRF-06124,13,22,26,44,62,13,none
TRF-06125,5,19,10,38,24,45,none
TRF-06126,34,15,68,30,96,44,none
TRF-06127,23,32,46,64,298,246,none
TRF-06128,0,14,0,28,173,232,none
TRF-06129,31,5,62,10,248,13,none
TRF-06130,22,26,44,52,256,231,NS
TRF-06131,36,19,72,38,37,66,none
TRF-06132,24,0,48,0,168,47,EW
TRF-06133,16,34,32,68,118,284,none
TRF-06134,13,15,26,30,229,197,none
TRF-06135,7,35,14,70,232,206,none
TRF-06136,27,3,54,6,4,198,none
TRF-06137,19,20,38,40,300,232,none
TRF-06138,14,5,28,10,241,121,none
TRF-06139,14,11,28,22,135,297,none
TRF-06140,28,21,56,42,255,135,EW
TRF-06141,21,7,42,14,0,154,none
TRF-06142,34,2,68,4,300,155,none
TRF-06143,28,13,56,26,59,277,none
TRF-06144,22,24,44,48,10,174,none
TRF-06145,10,30,20,60,26,232,none
TRF-06146,37,23,74,46,296,153,none
TRF-06147,26,7,52,14,53,55,none
TRF-06148,36,30,72,60,200,157,none
TRF-06149,23,18,46,36,179,214,none
TRF-06150,9,32,18,64,289,233,none
TRF-06151,24,36,48,72,107,151,none
TRF-06152,17,1,34,2,104,296,none
TRF-06153,32,16,64,32,194,270,none
TRF-06154,26,0,52,0,222,194,none
TRF-06155,38,11,76,22,208,34,none
TRF-06156,8,26,16,52,280,243,none
TRF-06157,28,28,56,56,233,224,none
TRF-06158,29,2,58,4,105,291,none
TRF-06159,26,9,52,18,192,114,none
TRF-06160,37,11,74,22,227,35,none
TRF-06161,5,3,10,6,224,122,EW
TRF-06162,7,8,14,16,283,214,none
TRF-06163,2,26,4,52,276,85,none
TRF-06164,10,14,20,28,98,123,none
TRF-06165,9,13,18,26,117,129,none
TRF-06166,1,25,2,50,14,193,none
TRF-06167,16,14,32,28,1,204,none
TRF-06168,8,12,16,24,174,224,none
TRF-06169,25,20,50,40,71,156,none
TRF-06170,32,21,64,42,124,246,none
TRF-06171,3,2,6,4,195,135,none
TRF-06172,35,21,70,42,147,272,none
TRF-06173,21,15,42,30,54,59,EW
TRF-06174,40,33,80,66,5,131,none
TRF-06175,22,19,44,38,73,271,none
TRF-06176,20,15,40,30,227,210,none
TRF-06177,19,8,38,16,186,170,none
TRF-06178,30,35,60,70,217,281,none
TRF-06179,28,34,56,68,203,14,none
TRF-06180,2,14,4,28,66,86,none
TRF-06181,4,30,8,60,17,47,none
TRF-06182,20,35,40,70,205,212,NS
TRF-06183,37,36,74,72,67,276,none
TRF-06184,36,33,72,66,247,81,NS
TRF-06185,33,31,66,62,103,39,none
TRF-06186,10,19,20,38,290,185,none
TRF-06187,11,36,22,72,57,242,NS
TRF-06188,36,25,72,50,158,153,none
TRF-06189,0,15,0,30,99,93,none
TRF-06190,32,0,64,0,241,2,none
TRF-06191,5,2,10,4,91,269,none
TRF-06192,21,5,42,10,76,10,none
TRF-06193,10,0,20,0,42,250,none
TRF-06194,23,17,46,34,34,203,none
TRF-06195,31,39,62,78,70,34,none
TRF-06196,17,25,34,50,212,67,none
TRF-06197,20,1,40,2,50,182,none
TRF-06198,36,28,72,56,129,141,none
TRF-06199,3,14,6,28,203,28,none
TRF-06200,21,18,42,36,277,96,none
TRF-06201,36,23,72,46,259,252,none
TRF-06202,15,35,30,70,110,203,none
TRF-06203,0,27,0,54,25,45,none
TRF-06204,21,28,42,56,78,117,none
TRF-06205,31,4,62,8,137,272,none
TRF-06206,6,39,12,78,235,3,none
TRF-06207,2,6,4,12,289,221,none
TRF-06208,30,8,60,16,14,66,none
TRF-06209,36,8,72,16,23,61,none
TRF-06210,9,35,18,70,180,64,none
TRF-06211,9,36,18,72,230,1,none
TRF-06212,36,12,72,24,244,299,none
TRF-06213,10,37,20,74,52,175,none
TRF-06214,40,23,80,46,165,63,none
TRF-06215,13,38,26,76,227,42,none
TRF-06216,10,1,20,2,238,171,none
TRF-06217,29,19,58,38,56,158,NS
TRF-06218,19,35,38,70,239,121,none
TRF-06219,10,24,20,48,66,177,none
TRF-06220,33,34,66,68,121,35,none
TRF-06221,36,30,72,60,230,120,none
TRF-06222,27,29,54,58,245,87,none
TRF-06223,16,19,32,38,97,156,none
TRF-06224,21,19,42,38,236,265,none
TRF-06225,38,24,76,48,185,243,none
TRF-06226,25,19,50,38,114,265,none
TRF-06227,2,10,4,20,292,24,none
TRF-06228,14,17,28,34,273,9,none
TRF-06229,8,18,16,36,241,297,none
TRF-06230,3,40,6,80,15,25,none
TRF-06231,0,38,0,76,33,214,none
TRF-06232,30,14,60,28,244,212,none
TRF-06233,10,25,20,50,195,70,none
TRF-06234,16,38,32,76,78,16,none
TRF-06235,38,14,76,28,27,43,none
TRF-06236,17,40,34,80,30,51,none
TRF-06237,9,29,18,58,123,55,NS
TRF-06238,7,29,14,58,94,93,none
TRF-06239,4,16,8,32,251,168,none
TRF-06240,0,0,0,0,33,267,none
TRF-06241,39,14,78,28,111,168,none
TRF-06242,17,28,34,56,156,83,none
TRF-06243,34,40,68,80,124,165,none
TRF-06244,26,30,52,60,244,42,EW
TRF-06245,15,38,30,76,10,86,none
TRF-06246,10,19,20,38,238,120,none
TRF-06247,0,2,0,4,103,73,none
TRF-06248,1,36,2,72,19,28,none
TRF-06249,29,26,58,52,34,159,none
TRF-06250,28,32,56,64,250,127,none
TRF-06251,20,20,40,40,133,26,none
TRF-06252,18,11,36,22,127,63,none
TRF-06253,31,38,62,76,73,31,none
TRF-06254,28,23,56,46,137,292,none
TRF-06255,12,19,24,38,118,294,none
TRF-06256,1,17,2,34,163,108,none
TRF-06257,37,11,74,22,177,89,none
TRF-06258,35,14,70,28,171,233,none
TRF-06259,32,6,64,12,113,126,none
TRF-06260,30,14,60,28,141,174,none
TRF-06261,13,3,26,6,92,117,none
TRF-06262,6,11,12,22,78,150,none
TRF-06263,16,1,32,2,291,275,none
TRF-06264,29,10,58,20,28,123,none
TRF-06265,2,20,4,40,37,204,none
TRF-06266,15,8,30,16,167,49,none
TRF-06267,31,5,62,10,187,182,none
TRF-06268,31,3,62,6,300,136,none
TRF-06269,3,17,6,34,77,77,none
TRF-06270,19,21,38,42,201,156,none
TRF-06271,37,39,74,78,80,190,none
TRF-06272,5,8,10,16,164,119,none
TRF-06273,2,31,4,62,264,38,none
TRF-06274,15,22,30,44,10,178,none
TRF-06275,14,19,28,38,130,35,none
TRF-06276,30,7,60,14,170,254,none
TRF-06277,20,22,40,44,254,62,none
TRF-06278,25,27,50,54,118,88,EW
TRF-06279,40,8,80,16,142,209,none
TRF-06280,27,7,54,14,210,68,none
TRF-06281,4,34,8,68,186,221,none
TRF-06282,8,0,16,0,0,234,none
TRF-06283,4,20,8,40,21,148,none
TRF-06284,20,38,40,76,287,197,none
TRF-06285,22,26,44,52,228,235,none
TRF-06286,19,12,38,24,110,216,none
TRF-06287,32,2,64,4,19,55,none
TRF-06288,18,26,36,52,49,25,none
TRF-06289,38,9,76,18,248,262,none
TRF-06290,35,6,70,12,275,106,none
TRF-06291,25,7,50,14,197,124,none
TRF-06292,7,26,14,52,260,242,none
TRF-06293,22,5,44,10,270,180,NS
TRF-06294,38,2,76,4,179,18,none
TRF-06295,24,21,48,42,204,285,none
TRF-06296,10,24,20,48,245,90,none
TRF-06297,0,30,0,60,79,249,none
TRF-06298,0,40,0,80,283,57,none
TRF-06299,18,28,36,56,79,98,none
TRF-06300,22,26,44,52,144,9,none
TRF-06301,14,1,28,2,273,113,none
TRF-06302,25,38,50,76,227,266,none
TRF-06303,37,40,74,80,291,190,none
TRF-06304,16,22,32,44,145,280,none
TRF-06305,29,5,58,10,133,198,none
TRF-06306,36,2,72,4,222,194,none
TRF-06307,26,28,52,56,190,35,none
TRF-06308,21,31,42,62,51,43,none
TRF-06309,22,27,44,54,23,179,none
TRF-06310,23,25,46,50,106,155,none
TRF-06311,5,32,10,64,24,224,none
TRF-06312,9,1,18,2,16,68,none
TRF-06313,22,27,44,54,169,109,none
TRF-06314,30,30,60,60,246,123,none
TRF-06315,12,6,24,12,193,253,none
TRF-06316,30,6,60,12,82,212,none
TRF-06317,18,35,36,70,246,78,none
TRF-06318,6,9,12,18,134,29,none
TRF-06319,23,18,46,36,172,164,none
TRF-06320,3,21,6,42,151,16,none
TRF-06321,2,36,4,72,300,281,none
TRF-06322,36,31,72,62,205,234,none
TRF-06323,32,30,64,60,69,158,none
TRF-06324,25,13,50,26,6,103,none
TRF-06325,18,15,36,30,269,112,none
TRF-06326,3,1,6,2,15,297,none
TRF-06327,14,20,28,40,80,157,none
TRF-06328,14,1,28,2,251,142,none
TRF-06329,36,36,72,72,211,160,EW
TRF-06330,26,24,52,48,78,262,none
TRF-06331,12,22,24,44,51,267,none
TRF-06332,24,10,48,20,74,172,none
TRF-06333,20,40,40,80,206,28,none
TRF-06334,8,15,16,30,19,66,none
TRF-06335,18,2,36,4,190,195,none
TRF-06336,28,6,56,12,94,184,none
TRF-06337,23,33,46,66,288,22,none
TRF-06338,6,33,12,66,84,259,none
TRF-06339,0,21,0,42,35,211,none
TRF-06340,2,34,4,68,58,92,none
TRF-06341,8,31,16,62,269,283,none
TRF-06342,17,31,34,62,17,298,none
TRF-06343,12,26,24,52,42,167,none
TRF-06344,25,39,50,78,165,282,none
TRF-06345,18,19,36,38,155,79,none
TRF-06346,10,16,20,32,284,76,none
TRF-06347,34,25,68,50,97,36,none
TRF-06348,29,15,58,30,236,39,none
TRF-06349,2,14,4,28,37,56,NS
TRF-06350,2,9,4,18,194,194,none
TRF-06351,7,16,14,32,62,127,none
TRF-06352,26,0,52,0,196,43,none
TRF-06353,29,5,58,10,256,290,none
TRF-06354,7,6,14,12,297,64,none
TRF-06355,24,38,48,76,73,155,none
TRF-06356,26,35,52,70,282,108,none
TRF-06357,2,14,4,28,134,40,none
TRF-06358,12,4,24,8,264,53,none
TRF-06359,35,40,70,80,53,159,none
TRF-06360,21,5,42,10,118,80,none
TRF-06361,7,28,14,56,300,1,none
TRF-06362,28,2,56,4,257,184,none
TRF-06363,36,17,72,34,24,197,none
TRF-06364,18,32,36,64,234,269,none
TRF-06365,1,12,2,24,53,134,none
TRF-06366,22,24,44,48,139,161,none
TRF-06367,9,29,18,58,167,241,none
TRF-06368,3,29,6,58,137,13,none
TRF-06369,28,16,56,32,132,297,none
TRF-06370,33,28,66,56,1,117,none
TRF-06371,6,14,12,28,201,147,none
TRF-06372,40,25,80,50,153,36,none
TRF-06373,24,1,48,2,114,85,none
TRF-06374,28,22,56,44,119,33,none
TRF-06375,35,2,70,4,178,250,NS
TRF-06376,25,15,50,30,44,18,none
TRF-06377,34,38,68,76,207,170,none
TRF-06378,6,10,12,20,164,115,none
TRF-06379,24,18,48,36,10,31,none
TRF-06380,18,33,36,66,204,237,none
TRF-06381,35,24,70,48,298,265,none
TRF-06382,32,16,64,32,264,35,none
TRF-06383,15,25,30,50,54,12,EW
TRF-06384,29,29,58,58,2,36,none
TRF-06385,14,30,28,60,160,293,NS
TRF-06386,38,12,76,24,103,18,none
TRF-06387,6,7,12,14,37,226,none
TRF-06388,27,3,54,6,18,142,none
TRF-06389,10,5,20,10,137,146,none
TRF-06390,22,21,44,42,216,229,none
TRF-06391,14,14,28,28,265,155,none
TRF-06392,26,21,52,42,191,82,none
TRF-06393,6,30,12,60,13,108,none
TRF-06394,23,15,46,30,0,28,none
TRF-06395,37,37,74,74,92,196,none
TRF-06396,22,13,44,26,197,57,EW
TRF-06397,39,30,78,60,233,120,none
TRF-06398,29,13,58,26,290,155,none
TRF-06399,9,17,18,34,259,253,none
TRF-06400,9,12,18,24,286,178,none
TRF-06401,24,21,48,42,124,78,none
TRF-06402,24,35,48,70,232,47,none
TRF-06403,5,15,10,30,140,295,none
TRF-06404,7,30,14,60,199,225,NS
TRF-06405,27,0,54,0,187,186,none
TRF-06406,6,30,12,60,117,163,none
TRF-06407,8,7,16,14,62,198,none
TRF-06408,1,25,2,50,300,285,none
TRF-06409,23,16,46,32,201,154,none
TRF-06410,37,34,74,68,229,7,none
TRF-06411,18,40,36,80,167,184,none
TRF-06412,14,38,28,76,121,128,none
TRF-06413,30,6,60,12,276,202,none
TRF-06414,37,9,74,18,185,164,none
TRF-06415,3,21,6,42,12,88,none
TRF-06416,3,0,6,0,24,41,none
TRF-06417,7,3,14,6,42,167,none
TRF-06418,26,4,52,8,299,235,none
TRF-06419,16,16,32,32,263,41,none
TRF-06420,5,14,10,28,0,24,none
TRF-06421,35,32,70,64,71,98,none
TRF-06422,19,24,38,48,293,26,none
TRF-06423,35,25,70,50,244,65,none
TRF-06424,13,4,26,8,31,135,none
TRF-06425,33,7,66,14,252,238,NS
TRF-06426,15,40,30,80,211,185,EW
TRF-06427,26,4,52,8,70,64,EW
TRF-06428,33,35,66,70,69,71,none
TRF-06429,13,5,26,10,269,203,none
TRF-06430,7,30,14,60,196,32,none
TRF-06431,40,14,80,28,14,79,none
TRF-06432,16,7,32,14,223,122,none
TRF-06433,12,20,24,40,33,211,none
TRF-06434,27,17,54,34,7,124,none
TRF-06435,36,4,72,8,292,116,none
TRF-06436,21,8,42,16,273,76,none
TRF-06437,40,25,80,50,232,52,none
TRF-06438,38,15,76,30,236,298,none
TRF-06439,39,36,78,72,164,84,NS
TRF-06440,20,11,40,22,212,131,none
TRF-06441,33,17,66,34,127,219,none
TRF-06442,34,27,68,54,259,57,none
TRF-06443,7,4,14,8,158,113,none
TRF-06444,27,16,54,32,12,266,none
TRF-06445,35,31,70,62,245,43,none
TRF-06446,20,22,40,44,28,198,none
TRF-06447,10,30,20,60,271,245,NS
TRF-06448,3,10,6,20,182,295,none
TRF-06449,9,1,18,2,136,199,EW
TRF-06450,29,10,58,20,59,211,none
TRF-06451,25,25,50,50,11,110,none
TRF-06452,20,32,40,64,152,37,none
TRF-06453,0,11,0,22,163,176,none
TRF-06454,37,36,74,72,250,239,none
TRF-06455,29,36,58,72,100,183,EW
TRF-06456,37,20,74,40,177,34,none
TRF-06457,9,16,18,32,231,137,none
TRF-06458,4,4,8,8,245,110,EW
TRF-06459,29,0,58,0,111,270,none
TRF-06460,22,25,44,50,237,220,none
TRF-06461,10,23,20,46,284,149,none
TRF-06462,10,13,20,26,106,15,none
TRF-06463,34,2,68,4,185,203,EW
TRF-06464,2,32,4,64,74,295,EW
TRF-06465,40,16,80,32,286,71,none
TRF-06466,14,10,28,20,56,20,none
TRF-06467,33,33,66,66,103,42,none
TRF-06468,28,14,56,28,218,180,none
TRF-06469,18,34,36,68,178,76,none
TRF-06470,30,8,60,16,3,32,none
TRF-06471,1,35,2,70,151,70,none
TRF-06472,16,4,32,8,223,82,none
TRF-06473,27,13,54,26,202,167,none
TRF-06474,39,20,78,40,180,169,none
TRF-06475,1,1,2,2,186,41,none
TRF-06476,7,39,14,78,155,275,none
TRF-06477,8,8,16,16,219,88,none
TRF-06478,3,0,6,0,107,214,none
TRF-06479,28,8,56,16,66,123,none
TRF-06480,9,33,18,66,118,1,none
TRF-06481,12,17,24,34,72,140,none
TRF-06482,29,21,58,42,104,294,none
TRF-06483,27,36,54,72,72,286,none
TRF-06484,38,7,76,14,212,202,none
TRF-06485,27,27,54,54,197,285,none
TRF-06486,19,0,38,0,127,105,none
TRF-06487,16,23,32,46,142,129,none
TRF-06488,1,24,2,48,50,223,none
TRF-06489,37,29,74,58,2,15,none
TRF-06490,18,18,36,36,169,282,none
TRF-06491,21,6,42,12,250,208,none
TRF-06492,37,26,74,52,87,264,none
TRF-06493,8,18,16,36,49,60,none
TRF-06494,20,1,40,2,208,293,EW
TRF-06495,26,6,52,12,99,62,none
TRF-06496,10,21,20,42,190,81,none
TRF-06497,10,8,20,16,282,24,none
TRF-06498,35,12,70,24,233,227,none
TRF-06499,15,22,30,44,138,29,EW
TRF-06500,19,31,38,62,207,89,NS
TRF-06501,12,38,24,76,186,23,none
TRF-06502,5,7,10,14,168,81,none
TRF-06503,20,32,40,64,222,92,none
TRF-06504,34,35,68,70,275,90,none
TRF-06505,14,5,28,10,227,141,none
TRF-06506,1,15,2,30,10,130,NS
TRF-06507,22,34,44,68,259,3,none
TRF-06508,37,30,74,60,60,278,none
TRF-06509,19,8,38,16,91,112,none
TRF-06510,21,18,42,36,186,92,none
TRF-06511,22,36,44,72,208,226,none
TRF-06512,31,38,62,76,45,54,none
TRF-06513,28,37,56,74,280,114,none
TRF-06514,19,21,38,42,239,210,EW
TRF-06515,28,16,56,32,166,53,none
TRF-06516,24,0,48,0,281,291,EW
TRF-06517,22,33,44,66,292,237,NS
TRF-06518,2,6,4,12,178,85,none
TRF-06519,13,12,26,24,194,267,none
TRF-06520,24,3,48,6,3,263,none
TRF-06521,29,27,58,54,36,66,none
TRF-06522,40,36,80,72,264,300,none
TRF-06523,14,0,28,0,253,143,none
TRF-06524,6,7,12,14,126,292,none
TRF-06525,40,30,80,60,295,64,none
TRF-06526,40,21,80,42,201,24,NS
TRF-06527,14,13,28,26,266,248,none
TRF-06528,33,22,66,44,74,262,none
TRF-06529,35,39,70,78,262,203,none
TRF-06530,6,34,12,68,132,120,EW
TRF-06531,29,25,58,50,124,26,none
TRF-06532,36,0,72,0,2,240,none
TRF-06533,37,18,74,36,298,152,none
TRF-06534,20,29,40,58,129,158,none
TRF-06535,2,28,4,56,206,297,NS
TRF-06536,10,27,20,54,69,197,none
TRF-06537,21,18,42,36,118,152,none
TRF-06538,22,36,44,72,55,200,none
TRF-06539,16,15,32,30,174,296,none
TRF-06540,32,13,64,26,264,168,EW
TRF-06541,40,36,80,72,27,236,none
TRF-06542,36,27,72,54,186,259,none
TRF-06543,28,32,56,64,114,254,none
TRF-06544,35,4,70,8,193,244,none
TRF-06545,13,19,26,38,19,250,none
TRF-06546,13,3,26,6,226,50,none
TRF-06547,29,29,58,58,198,48,none
TRF-06548,40,12,80,24,161,13,none
TRF-06549,0,31,0,62,260,273,none
TRF-06550,37,10,74,20,76,97,none
TRF-06551,32,20,64,40,144,6,none
TRF-06552,12,26,24,52,297,300,none
TRF-06553,8,35,16,70,170,22,none
TRF-06554,14,5,28,10,70,201,none
TRF-06555,10,29,20,58,121,160,none
TRF-06556,21,7,42,14,145,230,none
TRF-06557,38,3,76,6,96,71,EW
TRF-06558,15,17,30,34,246,249,none
TRF-06559,27,39,54,78,168,17,none
TRF-06560,22,20,44,40,188,176,none
TRF-06561,2,9,4,18,18,20,none
TRF-06562,30,16,60,32,37,99,none
TRF-06563,19,16,38,32,184,288,none
TRF-06564,30,25,60,50,56,81,none
TRF-06565,36,15,72,30,47,75,none
TRF-06566,0,26,0,52,166,15,none
TRF-06567,25,6,50,12,78,86,none
TRF-06568,34,15,68,30,13,186,none
TRF-06569,18,26,36,52,285,180,none
TRF-06570,0,16,0,32,189,189,none
TRF-06571,21,37,42,74,170,26,none
TRF-06572,26,13,52,26,170,219,none
TRF-06573,31,31,62,62,275,159,NS
TRF-06574,13,14,26,28,70,249,none
TRF-06575,12,36,24,72,31,134,none
TRF-06576,26,2,52,4,14,266,none
TRF-06577,15,25,30,50,289,193,none
TRF-06578,9,27,18,54,288,8,none
TRF-06579,11,9,22,18,31,288,none
TRF-06580,21,1,42,2,205,53,none
TRF-06581,38,2,76,4,221,236,none
TRF-06582,4,21,8,42,55,88,none
TRF-06583,13,37,26,74,106,129,none
TRF-06584,2,29,4,58,223,243,none
TRF-06585,7,24,14,48,93,37,none
TRF-06586,12,15,24,30,118,37,none
TRF-06587,10,36,20,72,193,75,none
TRF-06588,21,14,42,28,12,245,none
TRF-06589,11,26,22,52,21,28,none
TRF-06590,8,9,16,18,261,119,none
TRF-06591,28,17,56,34,93,232,none
TRF-06592,20,18,40,36,286,165,none
TRF-06593,34,34,68,68,227,85,none
TRF-06594,9,3,18,6,204,99,none
TRF-06595,33,1,66,2,40,85,none
TRF-06596,36,35,72,70,27,149,none
TRF-06597,26,23,52,46,257,296,none
TRF-06598,17,31,34,62,209,6,none
TRF-06599,26,1,52,2,218,135,none
TRF-06600,40,16,80,32,175,90,none
TRF-06601,13,28,26,56,281,238,none
TRF-06602,30,31,60,62,280,274,none
TRF-06603,28,0,56,0,139,213,none
TRF-06604,29,29,58,58,27,222,none
TRF-06605,39,32,78,64,256,232,EW
TRF-06606,9,34,18,68,156,79,none
TRF-06607,3,38,6,76,69,262,none
TRF-06608,9,25,18,50,36,193,none
TRF-06609,28,1,56,2,0,174,none
TRF-06610,31,4,62,8,264,217,none
TRF-06611,24,25,48,50,277,263,none
TRF-06612,12,4,24,8,205,193,none
TRF-06613,30,36,60,72,188,32,none
TRF-06614,37,33,74,66,97,63,none
TRF-06615,16,8,32,16,285,184,none
TRF-06616,23,17,46,34,42,204,none
TRF-06617,5,36,10,72,43,284,none
TRF-06618,35,1,70,2,267,225,none
TRF-06619,7,30,14,60,0,263,none
TRF-06620,25,31,50,62,52,187,none
TRF-06621,30,29,60,58,52,28,none
TRF-06622,18,3,36,6,145,115,none
TRF-06623,35,37,70,74,190,226,none
TRF-06624,28,9,56,18,150,211,none
TRF-06625,3,20,6,40,34,46,none
TRF-06626,36,0,72,0,26,240,none
TRF-06627,6,31,12,62,284,185,none
TRF-06628,11,0,22,0,190,24,none
TRF-06629,18,36,36,72,242,83,none
TRF-06630,40,14,80,28,89,16,none
TRF-06631,11,39,22,78,240,186,NS
TRF-06632,38,30,76,60,137,235,none
TRF-06633,21,40,42,80,117,216,none
TRF-06634,28,19,56,38,130,85,none
TRF-06635,24,39,48,78,132,84,none
TRF-06636,5,25,10,50,145,57,none
TRF-06637,13,28,26,56,149,20,NS
TRF-06638,23,5,46,10,96,122,none
TRF-06639,39,14,78,28,227,216,none
TRF-06640,25,36,50,72,229,194,none
TRF-06641,24,0,48,0,271,163,none
TRF-06642,5,29,10,58,154,23,none
TRF-06643,33,19,66,38,200,264,none
TRF-06644,17,17,34,34,17,263,none
TRF-06645,21,32,42,64,205,87,none
TRF-06646,2,22,4,44,227,130,none
TRF-06647,1,36,2,72,295,285,none
TRF-06648,11,16,22,32,191,124,none
TRF-06649,28,37,56,74,55,49,NS
TRF-06650,5,3,10,6,265,190,none
TRF-06651,4,34,8,68,128,210,none
TRF-06652,32,39,64,78,283,164,none
TRF-06653,10,4,20,8,124,182,none
TRF-06654,26,7,52,14,256,107,none
TRF-06655,29,12,58,24,140,272,none
TRF-06656,2,9,4,18,75,214,none
TRF-06657,22,39,44,78,253,68,none
TRF-06658,21,18,42,36,279,83,none
TRF-06659,33,30,66,60,280,52,none
TRF-06660,9,4,18,8,144,240,EW
TRF-06661,16,38,32,76,276,143,none
TRF-06662,24,0,48,0,150,89,none
TRF-06663,29,6,58,12,246,280,NS
TRF-06664,30,11,60,22,41,134,none
TRF-06665,29,11,58,22,255,172,none
TRF-06666,17,22,34,44,73,92,none
TRF-06667,27,39,54,78,257,265,none
TRF-06668,29,37,58,74,277,268,none
TRF-06669,30,21,60,42,150,142,none
TRF-06670,16,28,32,56,150,35,none
TRF-06671,0,7,0,14,69,297,EW
TRF-06672,13,26,26,52,1,168,EW
TRF-06673,27,11,54,22,232,170,none
TRF-06674,4,37,8,74,106,128,none
TRF-06675,15,33,30,66,13,56,none
TRF-06676,17,33,34,66,146,150,none
TRF-06677,15,27,30,54,178,208,none
TRF-06678,4,23,8,46,209,283,none
TRF-06679,8,8,16,16,122,31,EW
TRF-06680,29,1,58,2,214,171,none
TRF-06681,33,1,66,2,161,118,none
TRF-06682,2,8,4,16,66,230,none
TRF-06683,19,15,38,30,127,27,none
TRF-06684,28,11,56,22,251,34,none
TRF-06685,40,10,80,20,145,152,none
TRF-06686,22,26,44,52,96,32,none
TRF-06687,6,8,12,16,39,107,none
TRF-06688,0,31,0,62,278,95,none
TRF-06689,31,34,62,68,24,202,none
TRF-06690,20,19,40,38,177,261,none
TRF-06691,25,24,50,48,118,181,none
TRF-06692,18,5,36,10,267,14,none
TRF-06693,35,33,70,66,90,173,none
TRF-06694,10,33,20,66,276,195,none
TRF-06695,2,20,4,40,139,199,none
TRF-06696,38,33,76,66,158,89,none
TRF-06697,10,34,20,68,146,229,none
TRF-06698,21,9,42,18,22,124,none
TRF-06699,14,10,28,20,276,284,none
TRF-06700,29,5,58,10,85,107,none
TRF-06701,1,13,2,26,221,195,none
TRF-06702,18,8,36,16,226,246,none
TRF-06703,8,27,16,54,277,173,none
TRF-06704,9,33,18,66,236,193,EW
TRF-06705,15,9,30,18,3,258,EW
TRF-06706,30,28,60,56,287,115,none
TRF-06707,28,5,56,10,3,208,none
TRF-06708,34,14,68,28,113,136,none
TRF-06709,22,40,44,80,188,245,none
TRF-06710,27,11,54,22,98,66,none
TRF-06711,28,31,56,62,18,28,none
TRF-06712,13,21,26,42,271,182,none
TRF-06713,30,13,60,26,31,64,none
TRF-06714,14,40,28,80,64,87,none
TRF-06715,28,1,56,2,159,83,none
TRF-06716,2,9,4,18,169,175,none
TRF-06717,26,33,52,66,114,296,none
TRF-06718,29,2,58,4,150,53,none
TRF-06719,30,35,60,70,275,35,none
TRF-06720,37,26,74,52,146,204,none
TRF-06721,29,14,58,28,270,200,none
TRF-06722,21,24,42,48,5,152,EW
TRF-06723,17,32,34,64,135,220,none
TRF-06724,14,13,28,26,95,91,none
TRF-06725,4,10,8,20,145,278,none
TRF-06726,22,34,44,68,238,224,none
TRF-06727,27,10,54,20,122,134,NS
TRF-06728,37,37,74,74,142,81,none
TRF-06729,2,31,4,62,211,12,none
TRF-06730,38,20,76,40,105,30,none
TRF-06731,3,14,6,28,125,294,none
TRF-06732,7,15,14,30,258,255,none
TRF-06733,24,9,48,18,278,114,none
TRF-06734,27,35,54,70,27,164,none
TRF-06735,35,4,70,8,19,276,none
TRF-06736,7,23,14,46,111,105,none
TRF-06737,12,20,24,40,206,234,none
TRF-06738,40,28,80,56,251,84,none
TRF-06739,29,4,58,8,163,195,none
TRF-06740,27,39,54,78,188,236,none
TRF-06741,37,18,74,36,180,253,none
TRF-06742,21,39,42,78,291,189,EW
TRF-06743,1,21,2,42,165,122,none
TRF-06744,24,8,48,16,288,42,none
TRF-06745,19,32,38,64,186,146,none
TRF-06746,35,14,70,28,176,82,none
TRF-06747,8,23,16,46,73,31,NS
TRF-06748,33,32,66,64,83,38,none
TRF-06749,20,6,40,12,34,94,none
TRF-06750,23,31,46,62,151,151,none
TRF-06751,3,13,6,26,20,69,none
TRF-06752,24,39,48,78,134,237,none
TRF-06753,32,35,64,70,72,153,EW
TRF-06754,12,23,24,46,123,88,none
TRF-06755,5,10,10,20,145,146,none
TRF-06756,11,37,22,74,102,223,none
TRF-06757,1,36,2,72,128,46,none
TRF-06758,5,35,10,70,19,185,none
TRF-06759,10,22,20,44,244,292,none
TRF-06760,36,3,72,6,13,144,NS
TRF-06761,30,38,60,76,129,45,none
TRF-06762,15,9,30,18,166,154,none
TRF-06763,5,35,10,70,44,58,none
TRF-06764,19,14,38,28,134,257,none
TRF-06765,30,4,60,8,103,109,none
TRF-06766,39,27,78,54,90,236,none
TRF-06767,26,5,52,10,95,252,none
TRF-06768,8,7,16,14,59,77,none
TRF-06769,10,39,20,78,44,104,none
TRF-06770,14,2,28,4,47,148,none
TRF-06771,19,35,38,70,17,83,none
TRF-06772,38,3,76,6,284,279,none
TRF-06773,4,37,8,74,194,211,none
TRF-06774,23,10,46,20,96,59,none
TRF-06775,6,36,12,72,18,262,none
TRF-06776,13,12,26,24,164,200,EW
TRF-06777,13,6,26,12,226,77,none
TRF-06778,27,40,54,80,204,250,none
TRF-06779,19,4,38,8,247,43,none
TRF-06780,13,35,26,70,288,47,none
TRF-06781,32,30,64,60,148,18,none
TRF-06782,1,7,2,14,122,105,none
TRF-06783,1,15,2,30,139,134,none
TRF-06784,27,1,54,2,252,39,none
TRF-06785,33,30,66,60,200,176,none
TRF-06786,31,29,62,58,177,78,none
TRF-06787,29,9,58,18,115,38,none
TRF-06788,13,7,26,14,201,13,none
TRF-06789,31,32,62,64,39,47,none
TRF-06790,3,20,6,40,225,15,EW
TRF-06791,36,39,72,78,194,105,none
TRF-06792,25,29,50,58,11,6,none
TRF-06793,38,17,76,34,206,203,none
TRF-06794,38,15,76,30,70,126,none
TRF-06795,29,3,58,6,14,252,none
TRF-06796,20,33,40,66,4,13,none
TRF-06797,4,17,8,34,24,286,none
TRF-06798,15,11,30,22,110,152,none
TRF-06799,1,25,2,50,172,273,none
TRF-06800,18,18,36,36,277,269,none
TRF-06801,39,10,78,20,124,239,none
TRF-06802,0,36,0,72,252,95,none
TRF-06803,20,34,40,68,72,191,none
TRF-06804,21,17,42,34,182,161,EW
TRF-06805,7,13,14,26,58,294,EW
TRF-06806,1,13,2,26,159,265,none
TRF-06807,15,27,30,54,253,277,none
TRF-06808,13,35,26,70,250,100,none
TRF-06809,36,40,72,80,98,74,EW
TRF-06810,34,1,68,2,16,132,none
TRF-06811,26,16,52,32,224,186,none
TRF-06812,26,26,52,52,140,264,none
TRF-06813,30,17,60,34,50,201,none
TRF-06814,5,8,10,16,19,204,none
TRF-06815,29,21,58,42,176,86,none
TRF-06816,30,25,60,50,19,62,none
TRF-06817,32,19,64,38,2,262,none
TRF-06818,17,16,34,32,40,189,none
TRF-06819,34,7,68,14,159,109,none
TRF-06820,4,4,8,8,212,275,none
TRF-06821,6,19,12,38,197,15,none
TRF-06822,24,4,48,8,45,264,none
TRF-06823,25,1,50,2,170,174,none
TRF-06824,40,17,80,34,194,179,NS
TRF-06825,11,25,22,50,256,126,none
TRF-06826,16,14,32,28,255,231,none
TRF-06827,17,1,34,2,101,148,none
TRF-06828,17,40,34,80,161,143,EW
TRF-06829,36,22,72,44,210,217,none
TRF-06830,14,0,28,0,44,47,none
TRF-06831,26,8,52,16,77,254,none
TRF-06832,14,33,28,66,192,300,none
TRF-06833,17,8,34,16,50,227,none
TRF-06834,13,24,26,48,271,118,none
TRF-06835,3,37,6,74,166,230,none
TRF-06836,37,12,74,24,132,15,none
TRF-06837,38,36,76,72,43,208,none
TRF-06838,23,2,46,4,278,58,none
TRF-06839,26,16,52,32,9,123,none
TRF-06840,33,40,66,80,128,287,none
TRF-06841,30,29,60,58,17,7,none
TRF-06842,11,31,22,62,292,169,none
TRF-06843,36,21,72,42,63,156,none
TRF-06844,38,22,76,44,130,145,none
TRF-06845,24,27,48,54,294,168,none
TRF-06846,5,30,10,60,181,222,none
TRF-06847,21,10,42,20,256,3,EW
TRF-06848,7,26,14,52,34,228,none
TRF-06849,19,29,38,58,296,145,none
TRF-06850,20,37,40,74,94,119,none
TRF-06851,7,26,14,52,108,282,none
TRF-06852,10,27,20,54,142,263,none
TRF-06853,5,2,10,4,27,46,none
TRF-06854,29,35,58,70,52,64,none
TRF-06855,39,18,78,36,172,229,none
TRF-06856,4,15,8,30,20,138,none
TRF-06857,36,19,72,38,286,144,none
TRF-06858,18,11,36,22,125,160,none
TRF-06859,9,34,18,68,103,109,none
TRF-06860,34,30,68,60,183,207,none
TRF-06861,36,35,72,70,63,106,none
TRF-06862,8,26,16,52,166,193,none
TRF-06863,29,30,58,60,49,42,none
TRF-06864,35,8,70,16,33,268,none
TRF-06865,29,2,58,4,267,142,none
TRF-06866,0,31,0,62,295,61,none
TRF-06867,26,7,52,14,38,153,NS
TRF-06868,16,16,32,32,195,41,EW
TRF-06869,37,32,74,64,123,30,none
TRF-06870,29,23,58,46,155,88,none
TRF-06871,19,31,38,62,108,264,NS
TRF-06872,21,11,42,22,123,254,EW
TRF-06873,30,18,60,36,286,253,none
TRF-06874,3,30,6,60,286,286,none
TRF-06875,40,9,80,18,174,124,none
TRF-06876,6,10,12,20,44,284,none
TRF-06877,35,10,70,20,84,207,none
TRF-06878,37,3,74,6,209,207,none
TRF-06879,1,9,2,18,277,220,none
TRF-06880,13,35,26,70,110,292,none
TRF-06881,23,29,46,58,32,209,none
TRF-06882,33,8,66,16,55,0,none
TRF-06883,12,30,24,60,4,10,none
TRF-06884,15,31,30,62,266,31,none
TRF-06885,32,26,64,52,222,296,none
TRF-06886,2,31,4,62,17,292,EW
TRF-06887,32,15,64,30,139,258,none
TRF-06888,9,27,18,54,251,155,none
TRF-06889,26,11,52,22,209,177,none
TRF-06890,30,18,60,36,137,174,none
TRF-06891,28,8,56,16,218,241,none
TRF-06892,17,5,34,10,261,82,none
TRF-06893,28,37,56,74,138,255,none
TRF-06894,22,0,44,0,20,99,none
TRF-06895,8,9,16,18,31,95,none
TRF-06896,11,25,22,50,115,29,none
TRF-06897,24,16,48,32,176,87,EW
TRF-06898,23,28,46,56,114,123,none
TRF-06899,2,29,4,58,132,20,none
TRF-06900,14,21,28,42,44,221,none
TRF-06901,9,9,18,18,139,238,none
TRF-06902,30,23,60,46,62,64,none
TRF-06903,35,12,70,24,246,294,none
TRF-06904,1,3,2,6,183,107,none
TRF-06905,26,38,52,76,106,99,none
TRF-06906,27,14,54,28,111,132,none
TRF-06907,34,22,68,44,204,81,none
TRF-06908,33,14,66,28,238,71,none
TRF-06909,14,31,28,62,90,95,none
TRF-06910,37,13,74,26,52,18,none
TRF-06911,14,30,28,60,27,3,none
TRF-06912,37,19,74,38,72,106,none
TRF-06913,2,13,4,26,228,5,none
TRF-06914,12,14,24,28,100,63,none
TRF-06915,34,32,68,64,107,273,none
TRF-06916,25,40,50,80,42,65,none
TRF-06917,31,35,62,70,6,137,none
TRF-06918,28,6,56,12,268,190,none
TRF-06919,7,30,14,60,215,292,none
TRF-06920,34,1,68,2,197,151,none
TRF-06921,22,19,44,38,154,73,none
TRF-06922,31,34,62,68,113,237,none
TRF-06923,10,27,20,54,148,15,none
TRF-06924,9,40,18,80,230,101,none
TRF-06925,38,27,76,54,267,271,none
TRF-06926,13,16,26,32,67,269,EW
TRF-06927,13,40,26,80,292,19,none
TRF-06928,29,39,58,78,239,265,none
TRF-06929,13,5,26,10,190,11,none
TRF-06930,6,38,12,76,261,191,none
TRF-06931,26,22,52,44,185,41,none
TRF-06932,1,8,2,16,169,5,none
TRF-06933,27,33,54,66,207,18,none
TRF-06934,29,14,58,28,152,253,none
TRF-06935,5,19,10,38,290,295,none
TRF-06936,27,15,54,30,72,286,none
TRF-06937,39,5,78,10,0,118,none
TRF-06938,11,19,22,38,75,240,none
TRF-06939,9,6,18,12,166,180,none
TRF-06940,25,15,50,30,226,151,none
TRF-06941,26,14,52,28,131,172,NS
TRF-06942,18,0,36,0,102,284,none
TRF-06943,20,18,40,36,212,185,none
TRF-06944,23,12,46,24,38,240,none
TRF-06945,31,13,62,26,16,27,none
TRF-06946,5,1,10,2,74,239,NS
TRF-06947,24,24,48,48,113,85,none
TRF-06948,24,29,48,58,104,95,none
TRF-06949,13,18,26,36,258,231,none
TRF-06950,13,38,26,76,33,218,none
TRF-06951,0,6,0,12,297,63,none
TRF-06952,0,19,0,38,280,265,none
TRF-06953,1,28,2,56,106,78,none
TRF-06954,19,28,38,56,285,292,none
TRF-06955,12,30,24,60,263,182,none
TRF-06956,40,17,80,34,46,247,EW
TRF-06957,3,39,6,78,11,101,none
TRF-06958,26,18,52,36,187,286,none
TRF-06959,18,22,36,44,251,126,none
TRF-06960,26,27,52,54,294,153,none
TRF-06961,31,13,62,26,119,276,none
TRF-06962,35,3,70,6,166,66,none
TRF-06963,36,1,72,2,169,199,none
TRF-06964,5,35,10,70,97,226,none
TRF-06965,19,28,38,56,226,46,none
TRF-06966,34,32,68,64,121,227,none
TRF-06967,16,22,32,44,22,206,none
TRF-06968,39,13,78,26,257,20,none
TRF-06969,20,3,40,6,76,122,none
TRF-06970,36,37,72,74,199,143,none
TRF-06971,38,40,76,80,84,135,NS
TRF-06972,19,14,38,28,183,128,none
TRF-06973,38,21,76,42,90,57,none
TRF-06974,6,22,12,44,199,16,none
TRF-06975,32,28,64,56,32,2,none
TRF-06976,2,13,4,26,169,158,none
TRF-06977,18,24,36,48,218,0,NS
TRF-06978,37,3,74,6,108,244,none
TRF-06979,28,17,56,34,235,220,none
TRF-06980,37,7,74,14,41,218,none
TRF-06981,11,7,22,14,173,22,EW
TRF-06982,15,36,30,72,207,160,EW
TRF-06983,35,26,70,52,257,35,none
TRF-06984,40,2,80,4,21,154,none
TRF-06985,33,38,66,76,113,110,none
TRF-06986,8,34,16,68,212,205,none
TRF-06987,14,32,28,64,160,161,none
TRF-06988,1,10,2,20,300,173,none
TRF-06989,30,12,60,24,265,5,none
TRF-06990,1,4,2,8,94,150,none
TRF-06991,29,6,58,12,277,47,NS
TRF-06992,35,3,70,6,197,46,none
TRF-06993,38,36,76,72,296,59,none
TRF-06994,25,40,50,80,191,18,none
TRF-06995,21,7,42,14,294,48,none
TRF-06996,37,14,74,28,295,210,none
TRF-06997,5,32,10,64,221,252,none
TRF-06998,0,34,0,68,5,159,none
TRF-06999,9,38,18,76,104,83,none
TRF-07000,35,23,70,46,8,251,NS
TRF-07001,6,38,12,76,216,42,none
TRF-07002,37,14,74,28,106,71,none
TRF-07003,12,17,24,34,295,180,none
TRF-07004,8,2,16,4,288,135,none
TRF-07005,3,13,6,26,244,37,NS
TRF-07006,30,31,60,62,185,267,none
TRF-07007,24,9,48,18,229,130,none
TRF-07008,24,25,48,50,54,34,none
TRF-07009,11,26,22,52,67,16,none
TRF-07010,3,24,6,48,189,37,none
TRF-07011,31,5,62,10,86,56,none
TRF-07012,27,3,54,6,32,277,none
TRF-07013,7,8,14,16,117,113,none
TRF-07014,11,20,22,40,182,298,none
TRF-07015,32,31,64,62,297,69,none
TRF-07016,9,14,18,28,58,145,none
TRF-07017,21,38,42,76,220,284,none
TRF-07018,32,38,64,76,53,10,none
TRF-07019,24,40,48,80,55,292,none
TRF-07020,35,3,70,6,147,183,none
TRF-07021,10,5,20,10,33,72,none
TRF-07022,13,27,26,54,3,265,none
TRF-07023,17,6,34,12,285,6,none
TRF-07024,26,2,52,4,277,38,none
TRF-07025,31,6,62,12,131,19,none
TRF-07026,35,15,70,30,139,217,none
TRF-07027,16,17,32,34,289,180,none
TRF-07028,25,0,50,0,170,256,none
TRF-07029,8,29,16,58,134,174,none
TRF-07030,38,35,76,70,112,279,NS
TRF-07031,22,36,44,72,20,249,none
TRF-07032,38,17,76,34,40,156,none
TRF-07033,39,1,78,2,148,183,none
TRF-07034,28,27,56,54,91,161,none
TRF-07035,40,34,80,68,147,232,none
TRF-07036,24,38,48,76,43,176,none
TRF-07037,6,25,12,50,146,253,none
TRF-07038,40,25,80,50,63,240,EW
TRF-07039,24,33,48,66,163,298,NS
TRF-07040,8,24,16,48,66,228,EW
TRF-07041,5,7,10,14,199,198,none
TRF-07042,34,25,68,50,222,4,none
TRF-07043,19,38,38,76,267,65,none
TRF-07044,25,35,50,70,211,247,none
TRF-07045,7,25,14,50,189,193,none
TRF-07046,31,31,62,62,151,22,none
TRF-07047,23,31,46,62,67,105,none
TRF-07048,9,20,18,40,75,140,none
TRF-07049,12,21,24,42,77,174,none
TRF-07050,24,2,48,4,0,266,none
TRF-07051,33,39,66,78,158,199,none
TRF-07052,28,11,56,22,55,185,EW
TRF-07053,3,21,6,42,76,4,none
TRF-07054,14,21,28,42,101,44,none
TRF-07055,7,32,14,64,139,190,NS
TRF-07056,1,21,2,42,117,147,none
TRF-07057,15,9,30,18,64,63,none
TRF-07058,5,9,10,18,296,138,NS
TRF-07059,14,6,28,12,141,38,none
TRF-07060,1,34,2,68,248,262,none
TRF-07061,12,40,24,80,238,246,none
TRF-07062,34,9,68,18,155,23,none
TRF-07063,6,7,12,14,218,271,none
TRF-07064,5,13,10,26,251,289,none
TRF-07065,33,5,66,10,257,55,none
TRF-07066,2,36,4,72,196,77,none
TRF-07067,10,26,20,52,176,237,none
TRF-07068,39,27,78,54,111,170,none
TRF-07069,30,28,60,56,144,177,none
TRF-07070,26,13,52,26,153,257,none
TRF-07071,34,9,68,18,100,252,none
TRF-07072,9,20,18,40,159,151,none
TRF-07073,8,40,16,80,164,103,none
TRF-07074,4,29,8,58,269,285,none
TRF-07075,35,1,70,2,169,23,EW
TRF-07076,16,21,32,42,187,117,none
TRF-07077,33,11,66,22,261,241,none
TRF-07078,16,28,32,56,203,242,none
TRF-07079,24,2,48,4,272,65,none
TRF-07080,31,19,62,38,164,256,none
TRF-07081,8,3,16,6,241,160,none
TRF-07082,13,24,26,48,284,184,none
TRF-07083,6,23,12,46,69,202,none
TRF-07084,2,30,4,60,151,42,none
TRF-07085,16,14,32,28,1,62,none
TRF-07086,24,5,48,10,142,146,none
TRF-07087,37,38,74,76,195,156,none
TRF-07088,29,19,58,38,138,104,none
TRF-07089,38,39,76,78,245,49,none
TRF-07090,23,14,46,28,116,124,none
TRF-07091,37,28,74,56,84,221,none
TRF-07092,29,1,58,2,47,12,none
TRF-07093,13,40,26,80,154,115,none
TRF-07094,38,38,76,76,254,186,none
TRF-07095,34,22,68,44,282,211,none
TRF-07096,33,33,66,66,259,47,none
TRF-07097,30,32,60,64,206,27,NS
TRF-07098,8,7,16,14,187,293,none
TRF-07099,31,38,62,76,130,111,none
TRF-07100,14,32,28,64,65,251,NS
TRF-07101,37,2,74,4,107,109,none
TRF-07102,10,11,20,22,117,164,none
TRF-07103,2,28,4,56,7,148,none
TRF-07104,7,19,14,38,268,111,none
TRF-07105,35,29,70,58,158,235,none
TRF-07106,31,16,62,32,3,235,none
TRF-07107,25,24,50,48,210,180,none
TRF-07108,0,28,0,56,193,71,none
TRF-07109,35,9,70,18,61,92,none
TRF-07110,34,8,68,16,61,297,none
TRF-07111,13,32,26,64,212,275,none
TRF-07112,35,16,70,32,225,68,none
TRF-07113,13,38,26,76,105,101,none
TRF-07114,19,23,38,46,300,220,none
TRF-07115,2,25,4,50,205,203,none
TRF-07116,17,34,34,68,180,118,none
TRF-07117,12,16,24,32,135,105,EW
TRF-07118,33,17,66,34,296,287,none
TRF-07119,33,19,66,38,221,179,none
TRF-07120,16,11,32,22,60,14,none
TRF-07121,15,29,30,58,285,45,none
TRF-07122,1,19,2,38,286,115,none
TRF-07123,16,40,32,80,270,48,none
TRF-07124,26,21,52,42,296,179,NS
TRF-07125,35,40,70,80,190,293,NS
TRF-07126,10,4,20,8,126,255,none
TRF-07127,12,6,24,12,106,209,none
TRF-07128,25,21,50,42,295,254,none
TRF-07129,25,29,50,58,218,266,none
TRF-07130,31,23,62,46,290,107,none
TRF-07131,35,27,70,54,36,106,none
TRF-07132,19,5,38,10,248,131,EW
TRF-07133,4,37,8,74,177,112,none
TRF-07134,35,1,70,2,280,278,none
TRF-07135,11,27,22,54,251,66,none
TRF-07136,38,38,76,76,6,250,none
TRF-07137,7,23,14,46,14,16,none
TRF-07138,5,14,10,28,54,171,none
TRF-07139,0,19,0,38,144,93,none
TRF-07140,26,16,52,32,255,80,none
TRF-07141,16,37,32,74,6,44,none
TRF-07142,33,25,66,50,49,196,none
TRF-07143,16,29,32,58,9,159,none
TRF-07144,38,36,76,72,45,175,EW
TRF-07145,30,14,60,28,271,13,none
TRF-07146,39,36,78,72,195,236,none
TRF-07147,24,28,48,56,92,18,none
TRF-07148,25,7,50,14,23,92,none
TRF-07149,29,11,58,22,221,156,none
TRF-07150,11,3,22,6,186,260,none
TRF-07151,36,36,72,72,224,81,none
TRF-07152,23,39,46,78,240,53,none
TRF-07153,23,23,46,46,227,100,none
TRF-07154,31,29,62,58,3,60,none
TRF-07155,21,19,42,38,49,238,none
TRF-07156,13,40,26,80,93,211,none
TRF-07157,37,27,74,54,260,174,none
TRF-07158,35,34,70,68,281,215,none
TRF-07159,2,33,4,66,175,242,none
TRF-07160,22,32,44,64,193,245,none
TRF-07161,37,18,74,36,108,99,EW
TRF-07162,26,17,52,34,139,254,none
TRF-07163,24,12,48,24,76,250,none
TRF-07164,31,27,62,54,179,201,none
TRF-07165,16,21,32,42,265,227,none
TRF-07166,24,24,48,48,132,298,none
TRF-07167,28,5,56,10,178,181,none
TRF-07168,15,17,30,34,226,129,none
TRF-07169,2,40,4,80,66,129,none
TRF-07170,23,15,46,30,226,253,none
TRF-07171,0,35,0,70,139,268,none
TRF-07172,20,14,40,28,132,170,none
TRF-07173,15,28,30,56,178,143,none
TRF-07174,2,30,4,60,268,3,none
TRF-07175,34,13,68,26,101,273,none
TRF-07176,25,37,50,74,96,95,none
TRF-07177,7,15,14,30,208,194,none
TRF-07178,33,2,66,4,141,14,none
TRF-07179,29,13,58,26,28,140,none
TRF-07180,0,24,0,48,111,90,none
TRF-07181,16,1,32,2,160,52,none
TRF-07182,9,26,18,52,184,264,none
TRF-07183,34,28,68,56,297,221,none
TRF-07184,18,25,36,50,239,143,none
TRF-07185,17,25,34,50,221,19,none
TRF-07186,8,31,16,62,100,292,none
TRF-07187,16,7,32,14,171,75,none
TRF-07188,36,18,72,36,35,27,none
TRF-07189,1,11,2,22,250,223,none
TRF-07190,34,7,68,14,167,58,none
TRF-07191,33,16,66,32,236,243,none
TRF-07192,30,12,60,24,265,100,EW
TRF-07193,1,27,2,54,44,134,none
TRF-07194,20,28,40,56,190,138,none
TRF-07195,30,33,60,66,107,174,none
TRF-07196,22,11,44,22,209,16,none
TRF-07197,29,1,58,2,206,270,none
TRF-07198,27,30,54,60,30,246,none
TRF-07199,34,7,68,14,81,93,none
TRF-07200,25,6,50,12,111,291,none
TRF-07201,12,31,24,62,236,129,none
TRF-07202,37,33,74,66,152,52,none
TRF-07203,13,15,26,30,255,210,NS
TRF-07204,28,0,56,0,171,258,none
TRF-07205,0,31,0,62,296,33,none
TRF-07206,40,25,80,50,186,60,none
TRF-07207,27,17,54,34,20,253,none
TRF-07208,29,33,58,66,104,275,none
TRF-07209,19,28,38,56,271,137,none
TRF-07210,12,0,24,0,116,130,none
TRF-07211,22,29,44,58,109,221,NS
TRF-07212,21,18,42,36,3,149,none
TRF-07213,39,8,78,16,245,94,none
TRF-07214,39,0,78,0,96,60,none
TRF-07215,35,32,70,64,125,199,none
TRF-07216,16,15,32,30,42,219,none
TRF-07217,33,20,66,40,257,136,NS
TRF-07218,17,2,34,4,282,287,none
TRF-07219,20,37,40,74,110,12,none
TRF-07220,11,40,22,80,17,236,none
TRF-07221,23,27,46,54,2,175,none
TRF-07222,39,39,78,78,27,63,none
TRF-07223,10,13,20,26,19,66,none
TRF-07224,38,39,76,78,205,195,none
TRF-07225,1,38,2,76,84,125,none
TRF-07226,25,22,50,44,135,1,EW
TRF-07227,1,28,2,56,60,180,none
TRF-07228,3,11,6,22,237,106,NS
TRF-07229,1,7,2,14,74,182,none
TRF-07230,35,20,70,40,2,11,none
TRF-07231,12,5,24,10,272,71,none
TRF-07232,24,33,48,66,64,28,none
TRF-07233,7,2,14,4,290,121,NS
TRF-07234,3,22,6,44,152,271,none
TRF-07235,28,13,56,26,264,183,none
TRF-07236,31,38,62,76,228,104,none
TRF-07237,33,9,66,18,138,168,none
TRF-07238,20,15,40,30,269,53,none
TRF-07239,5,34,10,68,80,248,none
TRF-07240,12,32,24,64,70,223,NS
TRF-07241,8,37,16,74,181,50,none
TRF-07242,11,23,22,46,186,239,none
TRF-07243,33,33,66,66,40,172,NS
TRF-07244,37,2,74,4,124,27,NS
TRF-07245,7,36,14,72,216,168,none
TRF-07246,16,32,32,64,232,198,none
TRF-07247,21,0,42,0,150,262,none
TRF-07248,37,7,74,14,166,15,none
TRF-07249,8,16,16,32,147,208,none
TRF-07250,2,15,4,30,170,13,none
TRF-07251,26,38,52,76,184,177,none
TRF-07252,38,13,76,26,188,170,none
TRF-07253,4,3,8,6,259,68,none
TRF-07254,28,28,56,56,168,153,none
TRF-07255,28,40,56,80,254,252,none
TRF-07256,36,11,72,22,189,145,none
TRF-07257,7,8,14,16,111,263,none
TRF-07258,18,37,36,74,127,247,none
TRF-07259,39,2,78,4,8,252,none
TRF-07260,18,21,36,42,186,145,none
TRF-07261,19,36,38,72,213,236,none
TRF-07262,6,27,12,54,218,67,none
TRF-07263,36,21,72,42,215,250,none
TRF-07264,21,23,42,46,300,113,none
TRF-07265,1,10,2,20,230,220,none
TRF-07266,39,1,78,2,192,154,none
TRF-07267,9,9,18,18,251,75,none
TRF-07268,25,23,50,46,101,32,NS
TRF-07269,23,7,46,14,103,141,none
TRF-07270,40,3,80,6,28,173,none
TRF-07271,23,21,46,42,284,123,none
TRF-07272,22,22,44,44,172,186,NS
TRF-07273,11,7,22,14,217,285,EW
TRF-07274,13,13,26,26,190,247,none
TRF-07275,26,26,52,52,260,27,none
TRF-07276,39,22,78,44,3,154,EW
TRF-07277,37,5,74,10,15,257,none
TRF-07278,3,18,6,36,102,40,none
TRF-07279,23,21,46,42,241,286,none
TRF-07280,10,5,20,10,296,233,none
TRF-07281,14,25,28,50,284,196,none
TRF-07282,39,15,78,30,35,215,none
TRF-07283,36,33,72,66,259,279,none
TRF-07284,1,5,2,10,17,188,none
TRF-07285,35,12,70,24,40,47,none
TRF-07286,13,11,26,22,22,82,none
TRF-07287,3,2,6,4,97,121,none
TRF-07288,36,27,72,54,124,255,none
TRF-07289,11,0,22,0,120,278,none
TRF-07290,28,33,56,66,86,32,none
TRF-07291,39,13,78,26,270,152,none
TRF-07292,28,33,56,66,50,211,none
TRF-07293,27,25,54,50,127,139,none
TRF-07294,8,0,16,0,278,119,none
TRF-07295,5,11,10,22,150,95,none
TRF-07296,25,27,50,54,149,246,none
TRF-07297,26,19,52,38,140,15,none
TRF-07298,35,12,70,24,85,253,none
TRF-07299,27,26,54,52,122,226,none
TRF-07300,20,33,40,66,47,281,none
TRF-07301,19,17,38,34,290,86,none
TRF-07302,33,28,66,56,45,156,NS
TRF-07303,16,24,32,48,111,291,none
TRF-07304,21,15,42,30,47,167,none
TRF-07305,27,25,54,50,159,73,none
TRF-07306,17,0,34,0,78,193,none
TRF-07307,37,0,74,0,284,289,none
TRF-07308,17,37,34,74,198,199,none
TRF-07309,33,4,66,8,62,275,none
TRF-07310,8,36,16,72,74,124,none
TRF-07311,40,8,80,16,136,196,none
TRF-07312,8,11,16,22,26,115,none
TRF-07313,14,31,28,62,285,138,none
TRF-07314,24,4,48,8,104,263,none
TRF-07315,19,33,38,66,167,253,none
TRF-07316,3,16,6,32,168,167,none
TRF-07317,20,28,40,56,204,190,none
TRF-07318,29,32,58,64,197,287,none
TRF-07319,3,22,6,44,172,34,none
TRF-07320,8,25,16,50,245,217,none
TRF-07321,16,38,32,76,135,109,EW
TRF-07322,14,10,28,20,239,18,none
TRF-07323,6,16,12,32,222,181,none
TRF-07324,16,16,32,32,90,21,none
TRF-07325,9,5,18,10,261,220,none
TRF-07326,29,6,58,12,188,70,none
TRF-07327,20,5,40,10,294,47,none
TRF-07328,33,22,66,44,11,174,none
TRF-07329,40,6,80,12,120,114,none
TRF-07330,35,20,70,40,25,278,none
TRF-07331,16,12,32,24,95,95,none
TRF-07332,32,30,64,60,216,210,none
TRF-07333,13,11,26,22,250,24,none
TRF-07334,8,13,16,26,104,280,none
TRF-07335,25,2,50,4,258,39,none
TRF-07336,31,2,62,4,19,186,none
TRF-07337,38,5,76,10,270,136,none
TRF-07338,18,37,36,74,208,185,none
TRF-07339,1,21,2,42,67,242,none
TRF-07340,11,22,22,44,219,48,EW
TRF-07341,18,13,36,26,162,257,none
TRF-07342,2,19,4,38,3,247,none
TRF-07343,23,7,46,14,113,20,none
TRF-07344,0,38,0,76,78,71,none
TRF-07345,35,37,70,74,233,147,none
TRF-07346,12,29,24,58,56,144,EW
TRF-07347,15,9,30,18,22,145,none
TRF-07348,39,8,78,16,227,144,none
TRF-07349,5,11,10,22,211,217,none
TRF-07350,25,2,50,4,89,113,none
TRF-07351,5,26,10,52,182,173,none
TRF-07352,26,9,52,18,128,232,none
TRF-07353,21,9,42,18,215,233,NS
TRF-07354,3,15,6,30,207,242,none
TRF-07355,9,29,18,58,160,57,none
TRF-07356,22,27,44,54,281,249,none
TRF-07357,37,0,74,0,163,236,EW
TRF-07358,4,11,8,22,42,267,none
TRF-07359,24,29,48,58,103,92,EW
TRF-07360,23,12,46,24,294,117,none
TRF-07361,14,1,28,2,189,139,none
TRF-07362,37,20,74,40,41,214,none
TRF-07363,3,28,6,56,297,151,none
TRF-07364,6,33,12,66,116,16,none
TRF-07365,11,25,22,50,135,211,none
TRF-07366,21,40,42,80,169,56,none
TRF-07367,9,2,18,4,155,35,none
TRF-07368,4,20,8,40,156,278,none
TRF-07369,20,6,40,12,25,113,none
TRF-07370,25,23,50,46,126,114,EW
TRF-07371,12,15,24,30,3,161,none
TRF-07372,23,19,46,38,99,238,none
TRF-07373,3,0,6,0,295,276,none
TRF-07374,7,25,14,50,134,119,none
TRF-07375,28,2,56,4,75,49,none
TRF-07376,0,17,0,34,225,31,none
TRF-07377,11,21,22,42,86,282,none
TRF-07378,14,13,28,26,289,240,none
TRF-07379,34,23,68,46,194,270,none
TRF-07380,24,38,48,76,227,191,none
TRF-07381,38,6,76,12,252,121,EW
TRF-07382,36,15,72,30,15,35,EW
TRF-07383,22,23,44,46,42,193,none
TRF-07384,35,12,70,24,126,37,none
TRF-07385,13,24,26,48,147,255,none
TRF-07386,38,16,76,32,153,22,none
TRF-07387,40,18,80,36,181,76,EW
TRF-07388,21,36,42,72,103,188,none
TRF-07389,31,24,62,48,188,3,none
TRF-07390,25,11,50,22,6,240,none
TRF-07391,20,27,40,54,75,93,none
TRF-07392,37,10,74,20,210,13,none
TRF-07393,40,24,80,48,33,62,none
TRF-07394,32,1,64,2,60,13,EW
TRF-07395,14,27,28,54,1,300,none
TRF-07396,37,17,74,34,292,1,none
TRF-07397,4,29,8,58,25,25,none
TRF-07398,8,31,16,62,207,86,none
TRF-07399,22,33,44,66,236,238,none
TRF-07400,31,3,62,6,43,142,none
TRF-07401,29,8,58,16,197,259,none
TRF-07402,6,6,12,12,288,171,none
TRF-07403,38,25,76,50,156,222,none
TRF-07404,31,28,62,56,103,162,EW
TRF-07405,23,24,46,48,288,57,EW
TRF-07406,10,9,20,18,18,181,none
TRF-07407,7,13,14,26,188,205,none
TRF-07408,36,29,72,58,144,271,none
TRF-07409,39,11,78,22,180,22,none
TRF-07410,22,6,44,12,217,239,none
TRF-07411,33,26,66,52,242,96,none
TRF-07412,7,35,14,70,66,57,none
TRF-07413,31,16,62,32,260,230,NS
TRF-07414,18,31,36,62,230,122,none
TRF-07415,39,39,78,78,170,281,none
TRF-07416,34,15,68,30,190,197,none
TRF-07417,37,30,74,60,63,90,none
TRF-07418,2,5,4,10,102,31,none
TRF-07419,16,27,32,54,295,63,none
TRF-07420,31,7,62,14,295,45,none
TRF-07421,37,36,74,72,96,107,none
TRF-07422,2,13,4,26,39,125,none
TRF-07423,30,35,60,70,110,20,none
TRF-07424,25,33,50,66,67,263,none
TRF-07425,30,23,60,46,118,120,none
TRF-07426,21,11,42,22,216,87,none
TRF-07427,38,17,76,34,281,251,none
TRF-07428,32,7,64,14,58,95,none
TRF-07429,25,37,50,74,100,148,none
TRF-07430,7,28,14,56,118,292,EW
TRF-07431,8,8,16,16,296,113,none
TRF-07432,29,32,58,64,220,171,NS
TRF-07433,0,15,0,30,290,141,none
TRF-07434,28,23,56,46,28,161,none
TRF-07435,30,31,60,62,247,288,none
TRF-07436,19,13,38,26,37,64,none
TRF-07437,13,19,26,38,163,105,none
TRF-07438,32,4,64,8,35,169,none
TRF-07439,2,37,4,74,72,235,none
TRF-07440,39,17,78,34,263,17,none
TRF-07441,12,24,24,48,191,230,none
TRF-07442,26,11,52,22,131,100,none
TRF-07443,6,26,12,52,274,193,none
TRF-07444,29,0,58,0,266,274,none
TRF-07445,1,25,2,50,293,139,none
TRF-07446,37,17,74,34,136,54,none
TRF-07447,4,1,8,2,153,74,none
TRF-07448,37,30,74,60,133,98,none
TRF-07449,37,9,74,18,58,0,none
TRF-07450,33,4,66,8,258,279,none
TRF-07451,39,26,78,52,58,109,EW
TRF-07452,40,37,80,74,125,189,none
TRF-07453,20,13,40,26,270,157,none
TRF-07454,40,4,80,8,51,45,none
TRF-07455,31,2,62,4,96,153,none
TRF-07456,25,3,50,6,47,210,none
TRF-07457,10,24,20,48,95,154,none
TRF-07458,21,20,42,40,145,213,EW
TRF-07459,0,11,0,22,63,118,none
TRF-07460,16,24,32,48,86,73,none
TRF-07461,36,18,72,36,2,250,none
TRF-07462,5,28,10,56,126,151,none
TRF-07463,24,24,48,48,31,174,none
TRF-07464,16,30,32,60,25,25,none
TRF-07465,15,36,30,72,269,39,none
TRF-07466,36,22,72,44,55,200,none
TRF-07467,8,4,16,8,132,43,none
TRF-07468,0,10,0,20,84,149,none
TRF-07469,31,21,62,42,204,34,none
TRF-07470,2,38,4,76,172,223,none
TRF-07471,5,33,10,66,171,138,none
TRF-07472,13,12,26,24,222,200,none
TRF-07473,0,8,0,16,265,174,EW
TRF-07474,38,4,76,8,168,220,none
TRF-07475,20,35,40,70,59,224,none
TRF-07476,6,23,12,46,242,280,none
TRF-07477,3,21,6,42,90,155,none
TRF-07478,10,5,20,10,299,59,none
TRF-07479,6,18,12,36,81,292,none
TRF-07480,38,17,76,34,257,57,none
TRF-07481,18,0,36,0,43,110,none
TRF-07482,23,25,46,50,295,297,none
TRF-07483,7,18,14,36,86,211,none
TRF-07484,0,7,0,14,83,15,none
TRF-07485,19,2,38,4,77,26,none
TRF-07486,32,19,64,38,157,223,none
TRF-07487,32,32,64,64,266,200,none
TRF-07488,39,19,78,38,278,37,none
TRF-07489,9,29,18,58,95,63,none
TRF-07490,24,29,48,58,167,52,NS
TRF-07491,19,17,38,34,295,63,EW
TRF-07492,20,12,40,24,76,58,none
TRF-07493,1,6,2,12,50,97,none
TRF-07494,20,8,40,16,111,52,none
TRF-07495,34,10,68,20,120,148,none
TRF-07496,16,0,32,0,64,75,none
TRF-07497,16,25,32,50,89,201,none
TRF-07498,5,40,10,80,124,80,none
TRF-07499,8,20,16,40,126,129,none
TRF-07500,34,27,68,54,225,20,none
TRF-07501,30,24,60,48,15,159,none
TRF-07502,39,12,78,24,274,252,none
TRF-07503,27,25,54,50,240,154,none
TRF-07504,34,31,68,62,249,68,none
TRF-07505,28,21,56,42,91,149,none
TRF-07506,3,1,6,2,123,111,none
TRF-07507,23,4,46,8,9,252,EW
TRF-07508,9,18,18,36,236,70,none
TRF-07509,11,27,22,54,177,148,none
TRF-07510,27,34,54,68,106,91,none
TRF-07511,27,14,54,28,297,282,none
TRF-07512,11,14,22,28,284,52,none
TRF-07513,10,32,20,64,295,97,NS
TRF-07514,12,40,24,80,85,235,none
TRF-07515,27,33,54,66,10,244,none
TRF-07516,2,17,4,34,92,118,none
TRF-07517,29,14,58,28,40,266,none
TRF-07518,23,37,46,74,120,36,none
TRF-07519,27,37,54,74,95,41,none
TRF-07520,20,15,40,30,159,239,none
TRF-07521,22,0,44,0,240,1,none
TRF-07522,23,0,46,0,285,282,NS
TRF-07523,19,36,38,72,144,295,none
TRF-07524,25,12,50,24,177,233,none
TRF-07525,26,26,52,52,64,36,none
TRF-07526,0,20,0,40,296,183,none
TRF-07527,16,35,32,70,143,183,none
TRF-07528,10,10,20,20,189,298,none
TRF-07529,6,12,12,24,96,17,none
TRF-07530,39,4,78,8,179,150,none
TRF-07531,26,13,52,26,181,56,NS
TRF-07532,6,1,12,2,210,254,none
TRF-07533,6,14,12,28,219,117,none
TRF-07534,22,38,44,76,5,171,none
TRF-07535,16,4,32,8,251,121,none
TRF-07536,9,9,18,18,121,133,none
TRF-07537,31,32,62,64,238,20,EW
TRF-07538,12,11,24,22,110,279,none
TRF-07539,33,5,66,10,225,32,none
TRF-07540,33,39,66,78,291,117,none
TRF-07541,19,28,38,56,163,71,EW
TRF-07542,7,4,14,8,82,225,none
TRF-07543,37,27,74,54,125,254,none
TRF-07544,13,4,26,8,44,156,none
TRF-07545,13,15,26,30,53,8,EW
TRF-07546,32,25,64,50,82,123,none
TRF-07547,27,21,54,42,297,132,none
TRF-07548,1,1,2,2,120,272,none
TRF-07549,1,15,2,30,213,152,none
TRF-07550,23,5,46,10,19,22,none
TRF-07551,32,9,64,18,155,38,none
TRF-07552,1,34,2,68,44,229,none
TRF-07553,33,16,66,32,216,32,none
TRF-07554,35,30,70,60,272,228,none
TRF-07555,40,12,80,24,94,32,none
TRF-07556,38,36,76,72,244,5,none
TRF-07557,8,1,16,2,143,96,none
TRF-07558,31,16,62,32,109,104,none
TRF-07559,8,6,16,12,22,210,none
TRF-07560,2,1,4,2,150,202,none
TRF-07561,0,40,0,80,149,56,none
TRF-07562,15,21,30,42,187,170,EW
TRF-07563,29,36,58,72,155,68,none
TRF-07564,30,9,60,18,65,118,none
TRF-07565,22,27,44,54,237,66,none
TRF-07566,31,24,62,48,39,267,none
TRF-07567,38,35,76,70,298,283,none
TRF-07568,35,29,70,58,251,216,none
TRF-07569,28,23,56,46,32,111,none
TRF-07570,29,4,58,8,65,109,none
TRF-07571,5,34,10,68,293,114,none
TRF-07572,40,10,80,20,21,142,none
TRF-07573,14,2,28,4,140,184,none
TRF-07574,16,20,32,40,174,256,none
TRF-07575,32,5,64,10,233,114,none
TRF-07576,34,35,68,70,15,255,EW
TRF-07577,37,25,74,50,159,20,none
TRF-07578,40,6,80,12,178,248,none
TRF-07579,32,21,64,42,98,291,none
TRF-07580,34,40,68,80,166,122,none
TRF-07581,8,2,16,4,185,142,none
TRF-07582,38,12,76,24,120,298,none
TRF-07583,5,36,10,72,161,128,none
TRF-07584,26,14,52,28,264,160,none
TRF-07585,29,0,58,0,71,27,none
TRF-07586,40,4,80,8,181,100,none
TRF-07587,17,11,34,22,28,177,none
TRF-07588,22,21,44,42,112,163,none
TRF-07589,2,28,4,56,264,211,none
TRF-07590,32,33,64,66,275,300,NS
TRF-07591,10,8,20,16,54,16,none
TRF-07592,29,8,58,16,4,141,none
TRF-07593,39,19,78,38,253,34,EW
TRF-07594,11,18,22,36,206,54,none
TRF-07595,23,31,46,62,275,7,none
TRF-07596,17,6,34,12,11,159,none
TRF-07597,26,30,52,60,41,267,none
TRF-07598,17,9,34,18,221,64,none
TRF-07599,19,31,38,62,30,132,none
TRF-07600,26,30,52,60,42,58,none
TRF-07601,7,32,14,64,237,238,none
TRF-07602,14,15,28,30,80,167,none
TRF-07603,3,18,6,36,150,114,none
TRF-07604,1,29,2,58,125,68,none
TRF-07605,24,27,48,54,271,289,EW
TRF-07606,30,16,60,32,30,109,none
TRF-07607,3,16,6,32,116,262,EW
TRF-07608,29,28,58,56,256,293,none
TRF-07609,25,36,50,72,82,145,none
TRF-07610,18,33,36,66,62,53,NS
TRF-07611,12,3,24,6,47,261,none
TRF-07612,18,15,36,30,69,126,none
TRF-07613,16,22,32,44,194,190,none
TRF-07614,7,10,14,20,237,188,none
TRF-07615,30,3,60,6,11,125,none
TRF-07616,29,17,58,34,101,79,none
TRF-07617,24,30,48,60,151,14,EW
TRF-07618,21,13,42,26,194,70,none
TRF-07619,9,13,18,26,63,37,none
TRF-07620,16,6,32,12,34,58,none
TRF-07621,1,40,2,80,70,14,none
TRF-07622,31,6,62,12,126,205,none
TRF-07623,13,3,26,6,16,184,none
TRF-07624,11,4,22,8,158,135,none
TRF-07625,27,28,54,56,125,187,none
TRF-07626,35,16,70,32,69,161,none
TRF-07627,7,7,14,14,209,55,EW
TRF-07628,20,39,40,78,292,159,none
TRF-07629,9,26,18,52,43,273,none
TRF-07630,21,20,42,40,107,224,none
TRF-07631,20,34,40,68,78,205,none
TRF-07632,39,23,78,46,30,273,none
TRF-07633,39,37,78,74,159,16,none
TRF-07634,12,8,24,16,99,177,none
TRF-07635,37,14,74,28,178,261,none
TRF-07636,13,40,26,80,170,87,none
TRF-07637,1,21,2,42,14,253,none
TRF-07638,31,32,62,64,45,299,none
TRF-07639,40,28,80,56,108,184,none
TRF-07640,18,8,36,16,183,92,none
TRF-07641,30,31,60,62,250,247,none
TRF-07642,17,36,34,72,199,135,none
TRF-07643,15,2,30,4,156,218,none
TRF-07644,3,3,6,6,222,4,none
TRF-07645,34,32,68,64,69,199,none
TRF-07646,27,8,54,16,234,186,none
TRF-07647,13,31,26,62,236,116,none
TRF-07648,35,22,70,44,148,194,none
TRF-07649,6,8,12,16,62,11,none
TRF-07650,16,1,32,2,239,80,none
TRF-07651,16,22,32,44,101,222,none
TRF-07652,27,3,54,6,293,113,none
TRF-07653,40,16,80,32,239,15,none
TRF-07654,9,25,18,50,69,184,none
TRF-07655,6,30,12,60,151,103,none
TRF-07656,25,3,50,6,111,67,none
TRF-07657,14,37,28,74,152,126,none
TRF-07658,38,32,76,64,271,132,NS
TRF-07659,9,29,18,58,285,293,none
TRF-07660,15,27,30,54,46,255,none
TRF-07661,16,36,32,72,212,134,none
TRF-07662,19,38,38,76,181,181,none
TRF-07663,32,7,64,14,88,229,none
TRF-07664,6,31,12,62,147,73,none
TRF-07665,6,33,12,66,117,67,none
TRF-07666,17,1,34,2,82,109,none
TRF-07667,13,25,26,50,66,243,none
TRF-07668,29,26,58,52,138,15,none
TRF-07669,17,2,34,4,142,199,none
TRF-07670,23,6,46,12,41,83,none
TRF-07671,14,32,28,64,40,62,EW
TRF-07672,22,0,44,0,69,67,none
TRF-07673,38,10,76,20,19,244,none
TRF-07674,18,40,36,80,173,300,none
TRF-07675,33,8,66,16,226,215,none
TRF-07676,17,11,34,22,105,107,none
TRF-07677,16,13,32,26,117,233,none
TRF-07678,8,28,16,56,266,110,none
TRF-07679,37,11,74,22,40,176,none
TRF-07680,0,8,0,16,194,0,none
TRF-07681,10,4,20,8,131,99,none
TRF-07682,40,16,80,32,267,197,EW
TRF-07683,36,24,72,48,175,110,none
TRF-07684,4,23,8,46,182,243,none
TRF-07685,1,22,2,44,92,2,none
TRF-07686,35,12,70,24,33,284,none
TRF-07687,1,36,2,72,185,26,none
TRF-07688,13,14,26,28,239,230,none
TRF-07689,14,6,28,12,66,243,EW
TRF-07690,17,5,34,10,159,264,none
TRF-07691,10,29,20,58,191,13,none
TRF-07692,26,34,52,68,9,0,none
TRF-07693,30,9,60,18,88,14,none
TRF-07694,40,30,80,60,43,80,NS
TRF-07695,7,33,14,66,299,142,none
TRF-07696,15,38,30,76,165,291,none
TRF-07697,2,8,4,16,120,107,none
TRF-07698,20,39,40,78,264,237,NS
TRF-07699,7,29,14,58,184,228,none
TRF-07700,1,12,2,24,85,100,none
TRF-07701,35,33,70,66,275,29,none
TRF-07702,0,38,0,76,144,34,none
TRF-07703,0,10,0,20,143,62,NS
TRF-07704,1,3,2,6,227,262,none
TRF-07705,27,31,54,62,178,264,none
TRF-07706,31,20,62,40,174,277,none
TRF-07707,0,37,0,74,173,294,none
TRF-07708,19,21,38,42,22,151,none
TRF-07709,28,11,56,22,127,200,none
TRF-07710,18,25,36,50,65,228,none
TRF-07711,27,21,54,42,53,276,NS
TRF-07712,18,8,36,16,20,157,none
TRF-07713,14,35,28,70,138,165,NS
TRF-07714,16,25,32,50,74,54,none
TRF-07715,24,16,48,32,99,151,none
TRF-07716,12,36,24,72,146,54,none
TRF-07717,24,28,48,56,131,17,none
TRF-07718,35,26,70,52,288,261,none
TRF-07719,23,34,46,68,161,228,none
TRF-07720,4,5,8,10,27,202,none
TRF-07721,27,29,54,58,77,219,none
TRF-07722,5,32,10,64,229,120,none
TRF-07723,28,34,56,68,162,110,none
TRF-07724,3,4,6,8,81,142,none
TRF-07725,7,27,14,54,136,182,none
TRF-07726,38,33,76,66,75,132,EW
TRF-07727,28,34,56,68,7,138,none
TRF-07728,18,2,36,4,247,102,none
TRF-07729,4,32,8,64,228,191,none
TRF-07730,37,11,74,22,221,71,none
TRF-07731,14,10,28,20,240,106,EW
TRF-07732,31,7,62,14,72,186,none
TRF-07733,30,11,60,22,37,79,none
TRF-07734,0,1,0,2,282,174,none
TRF-07735,32,36,64,72,178,300,none
TRF-07736,14,9,28,18,156,92,none
TRF-07737,24,24,48,48,10,3,none
TRF-07738,0,21,0,42,251,275,none
TRF-07739,38,2,76,4,105,15,none
TRF-07740,17,4,34,8,125,207,none
TRF-07741,12,8,24,16,263,165,none
TRF-07742,34,17,68,34,227,225,none
TRF-07743,1,31,2,62,22,218,none
TRF-07744,31,17,62,34,193,50,none
TRF-07745,15,15,30,30,227,16,EW
TRF-07746,17,37,34,74,40,249,EW
TRF-07747,18,12,36,24,198,286,none
TRF-07748,40,24,80,48,122,257,NS
TRF-07749,29,27,58,54,95,40,NS
TRF-07750,30,31,60,62,154,3,none
TRF-07751,16,23,32,46,256,223,none
TRF-07752,33,9,66,18,148,276,none
TRF-07753,19,4,38,8,140,87,none
TRF-07754,23,14,46,28,32,128,none
TRF-07755,38,32,76,64,256,240,none
TRF-07756,13,16,26,32,292,88,none
TRF-07757,10,8,20,16,104,112,none
TRF-07758,37,33,74,66,81,62,none
TRF-07759,1,0,2,0,236,62,none
TRF-07760,8,0,16,0,148,139,NS
TRF-07761,16,22,32,44,214,232,NS
TRF-07762,30,4,60,8,186,136,none
TRF-07763,29,24,58,48,199,3,none
TRF-07764,26,35,52,70,118,295,none
TRF-07765,6,25,12,50,158,189,none
TRF-07766,25,31,50,62,230,204,NS
TRF-07767,30,27,60,54,197,205,none
TRF-07768,30,25,60,50,23,287,none
TRF-07769,0,32,0,64,175,71,none
TRF-07770,19,21,38,42,164,94,none
TRF-07771,23,3,46,6,147,293,none
TRF-07772,33,31,66,62,270,68,none
TRF-07773,32,31,64,62,73,239,none
TRF-07774,17,9,34,18,85,2,none
TRF-07775,35,23,70,46,20,212,none
TRF-07776,10,38,20,76,274,239,none
TRF-07777,14,33,28,66,221,141,none
TRF-07778,24,30,48,60,71,156,none
TRF-07779,27,12,54,24,299,19,none
TRF-07780,5,16,10,32,126,28,none
TRF-07781,34,12,68,24,290,122,none
TRF-07782,1,5,2,10,55,57,none
TRF-07783,32,16,64,32,10,205,none
TRF-07784,32,34,64,68,165,175,none
TRF-07785,20,23,40,46,68,148,none
TRF-07786,36,25,72,50,53,175,none
TRF-07787,12,26,24,52,234,129,none
TRF-07788,33,13,66,26,162,37,NS
TRF-07789,36,34,72,68,102,256,none
TRF-07790,5,15,10,30,168,178,EW
TRF-07791,27,39,54,78,221,126,none
TRF-07792,13,34,26,68,294,181,none
TRF-07793,34,27,68,54,128,34,none
TRF-07794,34,9,68,18,167,198,NS
TRF-07795,7,38,14,76,298,56,none
TRF-07796,27,8,54,16,135,217,NS
TRF-07797,19,40,38,80,240,215,none
TRF-07798,10,37,20,74,100,201,none
TRF-07799,34,18,68,36,70,220,none
TRF-07800,23,7,46,14,248,234,none
TRF-07801,30,36,60,72,24,46,none
TRF-07802,0,8,0,16,253,39,none
TRF-07803,3,39,6,78,160,65,none
TRF-07804,12,34,24,68,232,81,none
TRF-07805,8,7,16,14,187,38,none
TRF-07806,40,17,80,34,180,195,none
TRF-07807,19,17,38,34,213,93,none
TRF-07808,6,25,12,50,172,217,none
TRF-07809,40,15,80,30,108,180,none
TRF-07810,9,18,18,36,96,67,none
TRF-07811,20,15,40,30,275,46,EW
TRF-07812,0,15,0,30,27,253,none
TRF-07813,38,33,76,66,145,33,none
TRF-07814,10,3,20,6,72,144,none
TRF-07815,12,22,24,44,25,249,none
TRF-07816,0,38,0,76,108,126,NS
TRF-07817,32,3,64,6,299,289,none
TRF-07818,29,1,58,2,71,135,none
TRF-07819,19,12,38,24,44,12,NS
TRF-07820,0,29,0,58,247,49,none
TRF-07821,11,15,22,30,168,123,NS
TRF-07822,8,31,16,62,243,112,none
TRF-07823,22,21,44,42,131,225,none
TRF-07824,28,8,56,16,227,182,none
TRF-07825,14,21,28,42,164,158,none
TRF-07826,6,18,12,36,239,49,none
TRF-07827,24,26,48,52,219,54,none
TRF-07828,15,37,30,74,111,295,none
TRF-07829,8,38,16,76,136,91,none
TRF-07830,3,8,6,16,35,177,none
TRF-07831,6,13,12,26,130,113,none
TRF-07832,36,3,72,6,223,80,none
TRF-07833,34,39,68,78,169,258,none
TRF-07834,18,28,36,56,242,96,none
TRF-07835,36,4,72,8,67,22,none
TRF-07836,7,38,14,76,56,75,EW
TRF-07837,22,38,44,76,124,290,none
TRF-07838,23,20,46,40,236,44,NS
TRF-07839,11,5,22,10,45,215,NS
TRF-07840,11,11,22,22,17,200,none
TRF-07841,20,38,40,76,45,23,none
TRF-07842,17,16,34,32,97,201,none
TRF-07843,13,25,26,50,136,148,none
TRF-07844,10,36,20,72,214,47,none
TRF-07845,10,0,20,0,28,237,none
TRF-07846,10,28,20,56,203,256,none
TRF-07847,10,29,20,58,260,24,none
TRF-07848,32,28,64,56,279,163,none
TRF-07849,6,3,12,6,111,96,none
TRF-07850,23,13,46,26,20,7,none
TRF-07851,2,3,4,6,216,108,none
TRF-07852,8,21,16,42,263,217,none
TRF-07853,30,28,60,56,169,145,none
TRF-07854,35,26,70,52,61,245,none
TRF-07855,19,29,38,58,14,123,none
TRF-07856,26,40,52,80,110,112,none
TRF-07857,18,24,36,48,181,211,none
TRF-07858,33,18,66,36,33,171,none
TRF-07859,26,12,52,24,170,61,none
TRF-07860,31,13,62,26,160,34,none
TRF-07861,32,23,64,46,55,255,none
TRF-07862,24,22,48,44,289,184,NS
TRF-07863,26,20,52,40,210,6,none
TRF-07864,40,14,80,28,112,229,none
TRF-07865,9,11,18,22,291,202,none
TRF-07866,33,16,66,32,71,45,none
TRF-07867,10,11,20,22,65,166,none
TRF-07868,16,21,32,42,180,245,NS
TRF-07869,40,23,80,46,101,232,none
TRF-07870,14,31,28,62,203,211,none
TRF-07871,4,18,8,36,73,219,none
TRF-07872,3,11,6,22,241,23,none
TRF-07873,14,31,28,62,79,91,none
TRF-07874,9,7,18,14,8,102,none
TRF-07875,9,19,18,38,97,78,none
TRF-07876,40,23,80,46,16,44,none
TRF-07877,19,36,38,72,201,68,none
TRF-07878,1,29,2,58,221,168,none
TRF-07879,3,34,6,68,239,275,NS
TRF-07880,18,31,36,62,206,234,none
TRF-07881,1,3,2,6,224,258,none
TRF-07882,19,25,38,50,220,200,none
TRF-07883,19,35,38,70,113,220,NS
TRF-07884,0,36,0,72,158,107,none
TRF-07885,32,10,64,20,182,8,none
TRF-07886,21,37,42,74,92,171,none
TRF-07887,27,10,54,20,292,244,none
TRF-07888,24,24,48,48,289,74,none
TRF-07889,9,20,18,40,229,81,none
TRF-07890,40,19,80,38,211,276,none
TRF-07891,38,10,76,20,242,28,none
TRF-07892,17,29,34,58,90,98,none
TRF-07893,15,16,30,32,128,220,none
TRF-07894,6,2,12,4,180,51,NS
TRF-07895,19,38,38,76,197,44,none
TRF-07896,24,32,48,64,202,86,none
TRF-07897,35,24,70,48,266,267,EW
TRF-07898,39,10,78,20,139,128,none
TRF-07899,16,1,32,2,125,184,none
TRF-07900,27,39,54,78,165,213,none
TRF-07901,14,19,28,38,139,24,none
TRF-07902,34,14,68,28,120,51,none
TRF-07903,34,1,68,2,62,202,none
TRF-07904,12,17,24,34,240,215,none
TRF-07905,8,13,16,26,252,252,none
TRF-07906,15,40,30,80,282,1,none
TRF-07907,10,10,20,20,14,39,none
TRF-07908,6,32,12,64,187,92,none
TRF-07909,40,9,80,18,123,296,none
TRF-07910,9,13,18,26,37,99,none
TRF-07911,25,40,50,80,111,34,none
TRF-07912,0,37,0,74,283,90,none
TRF-07913,31,2,62,4,93,125,none
TRF-07914,38,27,76,54,247,95,none
TRF-07915,7,11,14,22,178,9,none
TRF-07916,15,6,30,12,233,248,none
TRF-07917,25,36,50,72,7,3,none
TRF-07918,6,37,12,74,40,237,none
TRF-07919,21,13,42,26,89,150,none
TRF-07920,33,15,66,30,131,111,none
TRF-07921,32,30,64,60,58,190,NS
TRF-07922,20,18,40,36,252,155,none
TRF-07923,7,7,14,14,238,29,none
TRF-07924,35,28,70,56,5,68,none
TRF-07925,34,11,68,22,16,130,none
TRF-07926,39,15,78,30,266,4,none
TRF-07927,34,12,68,24,144,290,none
TRF-07928,11,13,22,26,85,57,none
TRF-07929,0,1,0,2,191,109,none
TRF-07930,4,34,8,68,119,71,none
TRF-07931,22,11,44,22,230,196,none
TRF-07932,9,2,18,4,83,45,none
TRF-07933,6,27,12,54,239,288,none
TRF-07934,18,10,36,20,270,110,none
TRF-07935,24,31,48,62,13,51,none
TRF-07936,5,25,10,50,228,258,none
TRF-07937,27,29,54,58,274,210,none
TRF-07938,38,0,76,0,91,163,none
TRF-07939,12,32,24,64,203,131,none
TRF-07940,27,28,54,56,119,8,none
TRF-07941,2,39,4,78,293,153,none
TRF-07942,21,13,42,26,11,144,NS
TRF-07943,0,23,0,46,101,39,none
TRF-07944,17,4,34,8,31,175,none
TRF-07945,20,20,40,40,1,270,none
TRF-07946,20,10,40,20,280,149,none
TRF-07947,31,28,62,56,31,119,none
TRF-07948,32,16,64,32,223,231,none
TRF-07949,3,0,6,0,286,116,EW
TRF-07950,28,25,56,50,139,150,none
TRF-07951,21,32,42,64,118,164,none
TRF-07952,0,5,0,10,254,83,none
TRF-07953,29,38,58,76,226,124,NS
TRF-07954,8,35,16,70,95,289,none
TRF-07955,35,15,70,30,66,5,none
TRF-07956,5,10,10,20,32,98,none
TRF-07957,27,12,54,24,196,273,none
TRF-07958,39,38,78,76,20,186,none
TRF-07959,19,2,38,4,205,161,none
TRF-07960,30,40,60,80,139,243,none
TRF-07961,5,29,10,58,25,201,none
TRF-07962,22,28,44,56,290,223,NS
TRF-07963,35,25,70,50,99,45,none
TRF-07964,16,3,32,6,229,12,none
TRF-07965,19,34,38,68,41,126,none
TRF-07966,33,7,66,14,295,31,NS
TRF-07967,6,17,12,34,171,208,none
TRF-07968,25,29,50,58,224,213,NS
TRF-07969,37,21,74,42,66,137,none
TRF-07970,1,6,2,12,247,19,none
TRF-07971,6,28,12,56,216,156,none
TRF-07972,30,29,60,58,20,66,none
TRF-07973,13,35,26,70,2,128,none
TRF-07974,22,14,44,28,156,231,none
TRF-07975,10,28,20,56,235,69,none
TRF-07976,12,9,24,18,30,180,none
TRF-07977,11,34,22,68,137,268,none
TRF-07978,30,15,60,30,184,257,none
TRF-07979,29,10,58,20,97,110,none
TRF-07980,21,30,42,60,8,83,none
TRF-07981,16,1,32,2,124,294,none
TRF-07982,27,12,54,24,270,157,none
TRF-07983,18,34,36,68,146,136,none
TRF-07984,29,15,58,30,299,285,none
TRF-07985,25,22,50,44,67,122,none
TRF-07986,35,35,70,70,213,232,none
TRF-07987,9,30,18,60,127,170,EW
TRF-07988,14,15,28,30,159,1,NS
TRF-07989,40,10,80,20,28,53,none
TRF-07990,12,15,24,30,138,30,none
TRF-07991,8,5,16,10,191,203,none
TRF-07992,16,21,32,42,90,212,none
TRF-07993,10,33,20,66,284,214,none
TRF-07994,13,12,26,24,186,235,none
TRF-07995,17,17,34,34,186,185,none
TRF-07996,7,19,14,38,104,138,none
TRF-07997,9,5,18,10,39,53,none
TRF-07998,16,36,32,72,135,150,EW
TRF-07999,21,30,42,60,147,85,none
TRF-08000,5,40,10,80,283,272,none
TRF-08001,11,40,22,80,153,193,none
TRF-08002,7,23,14,46,38,82,none
TRF-08003,7,26,14,52,139,251,none
TRF-08004,11,16,22,32,198,147,none
TRF-08005,38,32,76,64,226,88,none
TRF-08006,13,20,26,40,109,270,none
TRF-08007,23,36,46,72,60,184,none
TRF-08008,0,3,0,6,237,161,none
TRF-08009,16,23,32,46,38,270,none
TRF-08010,17,30,34,60,291,90,NS
TRF-08011,15,3,30,6,173,238,none
TRF-08012,35,10,70,20,133,166,none
TRF-08013,4,1,8,2,257,46,none
TRF-08014,25,19,50,38,122,244,none
TRF-08015,24,10,48,20,157,105,none
TRF-08016,40,4,80,8,137,212,none
TRF-08017,26,37,52,74,199,58,none
TRF-08018,24,38,48,76,211,124,none
TRF-08019,19,38,38,76,52,75,none
TRF-08020,4,33,8,66,251,18,none
TRF-08021,0,27,0,54,39,136,none
TRF-08022,22,37,44,74,4,52,none
TRF-08023,10,20,20,40,1,71,none
TRF-08024,12,5,24,10,212,22,none
TRF-08025,16,3,32,6,95,246,none
TRF-08026,39,34,78,68,212,261,EW
TRF-08027,40,8,80,16,57,88,none
TRF-08028,25,5,50,10,135,280,none
TRF-08029,23,2,46,4,236,202,none
TRF-08030,39,38,78,76,231,258,none
TRF-08031,10,2,20,4,31,34,none
TRF-08032,17,17,34,34,69,131,none
TRF-08033,30,14,60,28,250,86,none
TRF-08034,34,27,68,54,34,181,none
TRF-08035,10,33,20,66,164,139,none
TRF-08036,20,30,40,60,223,109,none
TRF-08037,31,38,62,76,257,87,none
TRF-08038,1,21,2,42,160,255,none
TRF-08039,30,38,60,76,273,106,none
TRF-08040,27,1,54,2,240,159,none
TRF-08041,6,2,12,4,188,300,none
TRF-08042,17,34,34,68,52,162,none
TRF-08043,17,14,34,28,291,28,EW
TRF-08044,21,27,42,54,13,68,none
TRF-08045,35,40,70,80,209,196,none
TRF-08046,0,39,0,78,214,108,none
TRF-08047,29,25,58,50,8,248,none
TRF-08048,5,10,10,20,44,29,none
TRF-08049,18,8,36,16,199,84,none
TRF-08050,24,19,48,38,146,53,none
TRF-08051,8,17,16,34,176,298,none
TRF-08052,32,22,64,44,119,164,none
TRF-08053,15,21,30,42,80,141,none
TRF-08054,30,29,60,58,169,19,none
TRF-08055,26,23,52,46,165,234,none
TRF-08056,31,16,62,32,286,180,none
TRF-08057,9,21,18,42,38,87,none
TRF-08058,21,35,42,70,148,214,none
TRF-08059,37,40,74,80,26,42,none
TRF-08060,20,10,40,20,80,245,none
TRF-08061,40,11,80,22,140,288,none
TRF-08062,27,20,54,40,82,107,none
TRF-08063,25,31,50,62,130,299,EW
TRF-08064,36,39,72,78,27,72,none
TRF-08065,14,33,28,66,173,137,none
TRF-08066,0,3,0,6,286,134,none
TRF-08067,21,36,42,72,42,65,none
TRF-08068,26,36,52,72,163,240,none
TRF-08069,14,34,28,68,174,35,none
TRF-08070,12,38,24,76,246,192,none
TRF-08071,21,10,42,20,145,213,none
TRF-08072,8,27,16,54,85,11,none
TRF-08073,32,22,64,44,72,11,none
TRF-08074,15,13,30,26,134,208,none
TRF-08075,33,38,66,76,255,269,none
TRF-08076,28,9,56,18,266,91,none
TRF-08077,22,38,44,76,96,111,none
TRF-08078,2,18,4,36,52,33,none
TRF-08079,24,3,48,6,125,103,EW
TRF-08080,14,3,28,6,258,191,none
TRF-08081,5,33,10,66,154,127,none
TRF-08082,27,3,54,6,92,8,none
TRF-08083,12,5,24,10,113,241,NS
TRF-08084,34,3,68,6,81,34,none
TRF-08085,15,26,30,52,248,211,none
TRF-08086,29,29,58,58,232,122,none
TRF-08087,21,29,42,58,193,159,none
TRF-08088,19,21,38,42,29,106,none
TRF-08089,32,7,64,14,169,128,none
TRF-08090,7,6,14,12,25,71,none
TRF-08091,13,36,26,72,161,190,none
TRF-08092,3,34,6,68,69,98,none
TRF-08093,12,5,24,10,105,186,none
TRF-08094,4,19,8,38,266,161,none
TRF-08095,1,29,2,58,11,73,none
TRF-08096,1,27,2,54,70,216,none
TRF-08097,28,18,56,36,54,163,none
TRF-08098,7,19,14,38,156,259,none
TRF-08099,10,6,20,12,215,146,none
TRF-08100,15,16,30,32,69,232,none
TRF-08101,37,29,74,58,127,27,none
TRF-08102,18,3,36,6,223,290,none
TRF-08103,30,10,60,20,176,85,none
TRF-08104,10,14,20,28,184,259,none
TRF-08105,29,29,58,58,57,82,none
TRF-08106,11,34,22,68,135,271,EW
TRF-08107,35,38,70,76,43,153,none
TRF-08108,22,5,44,10,196,170,none
TRF-08109,4,37,8,74,141,160,none
TRF-08110,25,18,50,36,152,221,none
TRF-08111,20,9,40,18,121,299,none
TRF-08112,16,4,32,8,189,86,none
TRF-08113,9,33,18,66,192,253,none
TRF-08114,21,16,42,32,252,4,none
TRF-08115,32,37,64,74,240,249,none
TRF-08116,22,2,44,4,63,154,none
TRF-08117,2,39,4,78,116,216,none
TRF-08118,21,2,42,4,65,257,none
TRF-08119,3,19,6,38,39,236,none
TRF-08120,2,40,4,80,253,123,none
TRF-08121,27,2,54,4,127,54,none
TRF-08122,14,19,28,38,6,249,none
TRF-08123,8,5,16,10,197,137,none
TRF-08124,20,11,40,22,249,176,none
TRF-08125,11,32,22,64,103,64,none
TRF-08126,25,31,50,62,257,173,NS
TRF-08127,22,3,44,6,216,200,none
TRF-08128,32,4,64,8,177,183,none
TRF-08129,7,20,14,40,186,212,none
TRF-08130,5,26,10,52,212,286,EW
TRF-08131,19,2,38,4,289,122,none
TRF-08132,15,24,30,48,128,208,none
TRF-08133,21,36,42,72,189,160,none
TRF-08134,26,7,52,14,36,112,none
TRF-08135,21,26,42,52,96,95,none
TRF-08136,23,4,46,8,261,76,none
TRF-08137,38,25,76,50,34,65,none
TRF-08138,9,27,18,54,290,230,none
TRF-08139,19,35,38,70,198,296,none
TRF-08140,19,33,38,66,246,292,none
TRF-08141,32,40,64,80,209,101,none
TRF-08142,27,14,54,28,29,177,none
TRF-08143,40,3,80,6,133,104,none
TRF-08144,11,11,22,22,177,288,none
TRF-08145,27,16,54,32,68,120,none
TRF-08146,7,8,14,16,247,144,none
TRF-08147,0,7,0,14,249,199,none
TRF-08148,6,38,12,76,46,292,none
TRF-08149,27,15,54,30,238,8,none
TRF-08150,23,22,46,44,115,198,none
TRF-08151,9,11,18,22,98,6,none
TRF-08152,22,26,44,52,240,105,none
TRF-08153,22,31,44,62,232,191,none
TRF-08154,18,10,36,20,266,158,none
TRF-08155,0,19,0,38,4,18,none
TRF-08156,10,30,20,60,104,9,none
TRF-08157,8,19,16,38,268,89,none
TRF-08158,19,24,38,48,105,166,none
TRF-08159,14,21,28,42,211,41,none
TRF-08160,32,9,64,18,6,124,none
TRF-08161,34,0,68,0,219,298,none
TRF-08162,26,8,52,16,34,287,none
TRF-08163,4,6,8,12,48,83,none
TRF-08164,5,29,10,58,248,15,none
TRF-08165,13,40,26,80,200,217,none
TRF-08166,14,25,28,50,155,245,none
TRF-08167,4,15,8,30,81,212,EW
TRF-08168,20,37,40,74,263,143,none
TRF-08169,12,12,24,24,251,25,none
TRF-08170,38,17,76,34,15,115,none
TRF-08171,13,22,26,44,101,55,none
TRF-08172,9,16,18,32,175,64,none
TRF-08173,28,21,56,42,212,231,none
TRF-08174,37,40,74,80,175,24,none
TRF-08175,15,3,30,6,189,206,none
TRF-08176,35,3,70,6,233,34,none
TRF-08177,25,21,50,42,77,145,none
TRF-08178,39,18,78,36,277,36,none
TRF-08179,10,38,20,76,258,121,none
TRF-08180,10,0,20,0,37,167,none
TRF-08181,37,29,74,58,226,254,none
TRF-08182,36,5,72,10,125,204,none
TRF-08183,26,22,52,44,225,211,none
TRF-08184,8,32,16,64,85,68,none
TRF-08185,24,6,48,12,290,167,none
TRF-08186,36,1,72,2,67,288,none
TRF-08187,16,37,32,74,151,97,none
TRF-08188,16,20,32,40,234,245,none
TRF-08189,26,25,52,50,39,121,NS
TRF-08190,34,27,68,54,175,174,none
TRF-08191,2,37,4,74,46,188,none
TRF-08192,25,28,50,56,263,96,none
TRF-08193,13,36,26,72,186,96,none
TRF-08194,0,7,0,14,296,145,none
TRF-08195,40,29,80,58,15,212,none
TRF-08196,35,20,70,40,117,209,none
TRF-08197,33,31,66,62,273,21,EW
TRF-08198,28,8,56,16,0,71,none
TRF-08199,14,40,28,80,109,281,NS
TRF-08200,6,4,12,8,80,5,none
TRF-08201,36,39,72,78,218,202,none
TRF-08202,27,14,54,28,226,83,NS
TRF-08203,12,28,24,56,114,151,none
TRF-08204,32,14,64,28,192,185,none
TRF-08205,0,29,0,58,51,296,none
TRF-08206,0,22,0,44,207,166,none
TRF-08207,18,12,36,24,208,250,none
TRF-08208,20,16,40,32,200,230,none
TRF-08209,15,4,30,8,200,128,none
TRF-08210,0,37,0,74,174,138,EW
TRF-08211,35,34,70,68,253,123,none
TRF-08212,3,22,6,44,264,257,none
TRF-08213,7,3,14,6,82,169,none
TRF-08214,6,8,12,16,90,216,none
TRF-08215,26,8,52,16,161,139,EW
TRF-08216,32,3,64,6,16,288,none
TRF-08217,3,19,6,38,7,46,none
TRF-08218,24,7,48,14,161,239,none
TRF-08219,0,2,0,4,13,36,NS
TRF-08220,3,2,6,4,230,107,none
TRF-08221,20,16,40,32,200,225,NS
TRF-08222,14,40,28,80,158,254,none
TRF-08223,25,36,50,72,118,293,none
TRF-08224,2,35,4,70,141,53,none
TRF-08225,36,33,72,66,162,294,none
TRF-08226,4,33,8,66,112,73,none
TRF-08227,0,22,0,44,150,64,NS
TRF-08228,34,40,68,80,129,89,none
TRF-08229,4,6,8,12,44,298,none
TRF-08230,12,22,24,44,153,7,none
TRF-08231,10,36,20,72,144,32,none
TRF-08232,20,36,40,72,229,18,none
TRF-08233,14,8,28,16,126,285,none
TRF-08234,28,26,56,52,239,199,none
TRF-08235,2,40,4,80,198,84,none
TRF-08236,33,36,66,72,163,36,none
TRF-08237,19,1,38,2,108,288,none
TRF-08238,30,35,60,70,111,273,none
TRF-08239,18,12,36,24,10,270,none
TRF-08240,12,26,24,52,122,82,none
TRF-08241,36,13,72,26,229,4,none
TRF-08242,24,15,48,30,261,85,none
TRF-08243,30,7,60,14,178,158,none
TRF-08244,35,20,70,40,60,113,none
TRF-08245,6,4,12,8,240,260,none
TRF-08246,21,28,42,56,229,207,none
TRF-08247,31,4,62,8,69,286,none
TRF-08248,8,2,16,4,116,30,NS
TRF-08249,33,28,66,56,163,224,none
TRF-08250,22,32,44,64,95,121,none
TRF-08251,0,13,0,26,213,6,none
TRF-08252,31,33,62,66,246,56,none
TRF-08253,10,17,20,34,241,89,none
TRF-08254,21,29,42,58,32,96,NS
TRF-08255,18,36,36,72,212,244,NS
TRF-08256,23,6,46,12,158,161,none
TRF-08257,22,11,44,22,181,227,none
TRF-08258,19,33,38,66,272,74,EW
TRF-08259,20,8,40,16,214,293,EW
TRF-08260,7,33,14,66,187,53,none
TRF-08261,6,7,12,14,161,221,none
TRF-08262,15,14,30,28,278,176,none
TRF-08263,29,27,58,54,146,215,none
TRF-08264,2,23,4,46,30,211,none
TRF-08265,34,0,68,0,278,103,none
TRF-08266,13,4,26,8,298,114,none
TRF-08267,20,3,40,6,90,248,none
TRF-08268,27,3,54,6,127,153,none
TRF-08269,22,24,44,48,103,123,none
TRF-08270,34,36,68,72,77,125,none
TRF-08271,23,8,46,16,142,164,none
TRF-08272,21,4,42,8,162,172,none
TRF-08273,33,40,66,80,68,206,none
TRF-08274,34,0,68,0,103,85,EW
TRF-08275,9,29,18,58,45,193,none
TRF-08276,33,24,66,48,82,261,NS
TRF-08277,24,37,48,74,236,128,none
TRF-08278,11,13,22,26,240,12,none
TRF-08279,35,22,70,44,142,240,none
TRF-08280,28,11,56,22,211,269,none
TRF-08281,12,7,24,14,79,91,none
TRF-08282,17,5,34,10,89,114,none
TRF-08283,0,25,0,50,94,178,none
TRF-08284,37,16,74,32,48,256,none
TRF-08285,21,23,42,46,142,32,none
TRF-08286,39,10,78,20,162,275,none
TRF-08287,15,5,30,10,133,1,none
TRF-08288,14,22,28,44,205,115,none
TRF-08289,10,32,20,64,77,220,none
TRF-08290,20,19,40,38,4,157,EW
TRF-08291,37,34,74,68,194,184,none
TRF-08292,27,32,54,64,299,223,none
TRF-08293,5,12,10,24,75,187,none
TRF-08294,26,11,52,22,276,208,NS
TRF-08295,20,24,40,48,149,107,none
TRF-08296,24,3,48,6,268,275,none
TRF-08297,1,36,2,72,87,185,none
TRF-08298,11,33,22,66,148,202,none
TRF-08299,13,25,26,50,107,39,none
TRF-08300,15,1,30,2,283,150,none
TRF-08301,6,30,12,60,80,201,EW
TRF-08302,9,32,18,64,7,120,NS
TRF-08303,25,19,50,38,25,263,none
TRF-08304,18,31,36,62,144,292,none
TRF-08305,5,27,10,54,122,130,none
TRF-08306,14,2,28,4,117,48,none
TRF-08307,6,24,12,48,210,120,none
TRF-08308,27,11,54,22,73,268,none
TRF-08309,20,19,40,38,37,148,none
TRF-08310,34,40,68,80,169,232,none
TRF-08311,24,9,48,18,83,294,none
TRF-08312,6,40,12,80,0,261,none
TRF-08313,27,5,54,10,18,195,none
TRF-08314,26,2,52,4,30,93,none
TRF-08315,0,18,0,36,214,9,none
TRF-08316,28,16,56,32,171,102,none
TRF-08317,40,39,80,78,54,194,none
TRF-08318,8,19,16,38,142,37,EW
TRF-08319,26,24,52,48,251,279,none
TRF-08320,20,30,40,60,113,75,NS
TRF-08321,27,22,54,44,28,90,NS
TRF-08322,17,9,34,18,108,268,none
TRF-08323,22,17,44,34,130,7,none
TRF-08324,4,0,8,0,237,87,none
TRF-08325,23,1,46,2,86,124,none
TRF-08326,1,22,2,44,15,217,none
TRF-08327,6,16,12,32,276,173,none
TRF-08328,14,12,28,24,62,255,none
TRF-08329,16,29,32,58,294,162,none
TRF-08330,4,10,8,20,288,282,none
TRF-08331,18,37,36,74,91,80,none
TRF-08332,11,32,22,64,281,36,none
TRF-08333,11,3,22,6,260,300,none
TRF-08334,22,8,44,16,56,225,none
TRF-08335,35,0,70,0,61,80,none
TRF-08336,27,10,54,20,171,23,none
TRF-08337,3,30,6,60,116,69,none
TRF-08338,38,4,76,8,118,151,none
TRF-08339,15,10,30,20,187,23,none
TRF-08340,10,31,20,62,128,203,none
TRF-08341,15,35,30,70,117,258,EW
TRF-08342,18,3,36,6,118,246,none
TRF-08343,22,16,44,32,107,299,none
TRF-08344,9,35,18,70,182,268,none
TRF-08345,14,1,28,2,267,210,none
TRF-08346,6,18,12,36,284,210,none
TRF-08347,8,37,16,74,23,263,none
TRF-08348,1,21,2,42,29,139,NS
TRF-08349,32,31,64,62,54,171,none
TRF-08350,20,7,40,14,285,64,NS
TRF-08351,29,31,58,62,87,53,none
TRF-08352,3,30,6,60,129,147,none
TRF-08353,36,14,72,28,290,54,none
TRF-08354,30,7,60,14,248,128,none
TRF-08355,0,1,0,2,102,131,none
TRF-08356,33,32,66,64,141,271,none
TRF-08357,31,13,62,26,245,150,none
TRF-08358,38,24,76,48,207,193,NS
TRF-08359,28,8,56,16,112,201,none
TRF-08360,3,18,6,36,240,134,none
TRF-08361,0,35,0,70,54,278,none
TRF-08362,27,33,54,66,107,256,none
TRF-08363,22,8,44,16,273,299,none
TRF-08364,0,19,0,38,110,297,none
TRF-08365,23,7,46,14,205,9,none
TRF-08366,38,21,76,42,247,225,none
TRF-08367,27,26,54,52,287,148,NS
TRF-08368,3,13,6,26,50,218,none
TRF-08369,30,33,60,66,35,235,none
TRF-08370,16,35,32,70,34,127,none
TRF-08371,31,24,62,48,137,80,none
TRF-08372,32,14,64,28,112,5,none
TRF-08373,39,22,78,44,123,187,none
TRF-08374,25,2,50,4,267,275,EW
TRF-08375,12,11,24,22,286,239,none
TRF-08376,18,1,36,2,47,43,none
TRF-08377,38,31,76,62,155,233,EW
TRF-08378,17,31,34,62,103,230,none
TRF-08379,2,17,4,34,20,294,EW
TRF-08380,29,34,58,68,34,158,none
TRF-08381,24,21,48,42,294,245,NS
TRF-08382,14,39,28,78,197,48,none
TRF-08383,2,12,4,24,128,10,none
TRF-08384,13,25,26,50,277,297,none
TRF-08385,3,33,6,66,10,150,none
TRF-08386,31,20,62,40,219,142,none
TRF-08387,2,30,4,60,82,53,none
TRF-08388,32,32,64,64,233,232,none
TRF-08389,27,36,54,72,51,198,none
TRF-08390,29,11,58,22,118,210,none
TRF-08391,4,7,8,14,16,135,none
TRF-08392,21,28,42,56,284,214,none
TRF-08393,7,9,14,18,197,167,none
TRF-08394,10,35,20,70,34,283,EW
TRF-08395,37,7,74,14,85,251,none
TRF-08396,39,34,78,68,260,187,NS
TRF-08397,10,16,20,32,295,298,none
TRF-08398,25,1,50,2,271,149,none
TRF-08399,22,35,44,70,171,188,none
TRF-08400,14,3,28,6,142,109,none
TRF-08401,26,13,52,26,63,271,none
TRF-08402,36,25,72,50,252,11,none
TRF-08403,7,27,14,54,130,130,none
TRF-08404,6,17,12,34,156,1,none
TRF-08405,17,2,34,4,227,189,none
TRF-08406,9,15,18,30,62,26,none
TRF-08407,19,2,38,4,227,248,none
TRF-08408,26,33,52,66,82,90,none
TRF-08409,32,21,64,42,156,78,none
TRF-08410,13,17,26,34,132,248,none
TRF-08411,38,9,76,18,191,58,none
TRF-08412,38,30,76,60,99,210,none
TRF-08413,20,17,40,34,228,187,none
TRF-08414,29,35,58,70,124,247,NS
TRF-08415,3,20,6,40,96,300,none
TRF-08416,9,22,18,44,28,220,none
TRF-08417,31,29,62,58,61,285,none
TRF-08418,25,0,50,0,54,243,none
TRF-08419,14,1,28,2,131,31,EW
TRF-08420,10,22,20,44,193,30,none
TRF-08421,7,12,14,24,50,209,none
TRF-08422,31,29,62,58,180,75,none
TRF-08423,0,28,0,56,56,79,none
TRF-08424,36,29,72,58,52,224,none
TRF-08425,20,0,40,0,210,151,none
TRF-08426,29,10,58,20,291,12,none
TRF-08427,13,32,26,64,280,51,none
TRF-08428,26,29,52,58,203,69,NS
TRF-08429,10,28,20,56,17,73,none
TRF-08430,19,15,38,30,36,202,none
TRF-08431,14,36,28,72,34,163,none
TRF-08432,26,17,52,34,247,64,none
TRF-08433,3,18,6,36,196,239,EW
TRF-08434,32,10,64,20,22,104,none
TRF-08435,1,25,2,50,55,163,none
TRF-08436,22,2,44,4,94,201,NS
TRF-08437,15,16,30,32,15,241,none
TRF-08438,8,9,16,18,28,221,none
TRF-08439,27,25,54,50,165,146,none
TRF-08440,20,14,40,28,91,142,none
TRF-08441,7,26,14,52,289,142,none
TRF-08442,14,10,28,20,256,222,NS
TRF-08443,29,35,58,70,6,187,none
TRF-08444,4,15,8,30,265,16,EW
TRF-08445,28,14,56,28,95,59,none
TRF-08446,28,35,56,70,286,197,none
TRF-08447,21,23,42,46,68,209,none
TRF-08448,7,1,14,2,225,5,EW
TRF-08449,22,23,44,46,254,4,none
TRF-08450,10,39,20,78,191,18,none
TRF-08451,34,31,68,62,136,148,none
TRF-08452,12,21,24,42,300,298,none
TRF-08453,34,37,68,74,222,88,NS
TRF-08454,20,35,40,70,203,77,none
TRF-08455,15,20,30,40,220,12,none
TRF-08456,11,21,22,42,177,32,none
TRF-08457,30,37,60,74,228,185,none
TRF-08458,37,12,74,24,243,266,none
TRF-08459,21,13,42,26,34,88,none
TRF-08460,12,17,24,34,128,171,none
TRF-08461,1,4,2,8,252,216,none
TRF-08462,7,12,14,24,137,213,none
TRF-08463,25,17,50,34,192,39,none
TRF-08464,27,21,54,42,127,77,none
TRF-08465,8,16,16,32,230,20,none
TRF-08466,32,6,64,12,1,54,none
TRF-08467,6,10,12,20,298,226,none
TRF-08468,35,34,70,68,139,22,none
TRF-08469,35,38,70,76,128,126,none
TRF-08470,19,35,38,70,61,69,none
TRF-08471,32,7,64,14,249,127,none
TRF-08472,0,33,0,66,9,165,none
TRF-08473,37,38,74,76,6,168,none
TRF-08474,32,2,64,4,279,61,none
TRF-08475,12,13,24,26,144,12,none
TRF-08476,2,35,4,70,57,24,none
TRF-08477,14,21,28,42,265,221,none
TRF-08478,37,37,74,74,19,94,EW
TRF-08479,15,4,30,8,49,210,none
TRF-08480,36,19,72,38,214,11,none
TRF-08481,40,4,80,8,82,148,NS
TRF-08482,28,27,56,54,132,73,none
TRF-08483,9,22,18,44,289,268,none
TRF-08484,25,10,50,20,26,234,none
TRF-08485,17,39,34,78,260,286,none
TRF-08486,16,37,32,74,164,38,none
TRF-08487,24,0,48,0,296,76,none
TRF-08488,14,5,28,10,132,221,none
TRF-08489,22,31,44,62,61,214,none
TRF-08490,31,32,62,64,49,108,none
TRF-08491,36,39,72,78,176,29,none
TRF-08492,32,36,64,72,202,148,none
TRF-08493,25,17,50,34,180,20,none
TRF-08494,9,36,18,72,165,97,none
TRF-08495,8,8,16,16,115,11,none
TRF-08496,9,17,18,34,282,250,none
TRF-08497,6,11,12,22,211,50,none
TRF-08498,36,23,72,46,185,250,none
TRF-08499,34,25,68,50,60,258,none
TRF-08500,20,32,40,64,102,295,none
TRF-08501,2,33,4,66,112,188,none
TRF-08502,17,9,34,18,242,263,none
TRF-08503,36,34,72,68,261,63,none
TRF-08504,0,27,0,54,196,190,none
TRF-08505,12,11,24,22,189,212,none
TRF-08506,29,27,58,54,83,71,none
TRF-08507,34,15,68,30,42,89,none
TRF-08508,14,16,28,32,62,272,none
TRF-08509,38,22,76,44,173,240,none
TRF-08510,2,10,4,20,68,263,none
TRF-08511,29,31,58,62,41,13,none
TRF-08512,36,18,72,36,185,9,none
TRF-08513,24,36,48,72,146,136,none
TRF-08514,23,13,46,26,142,48,EW
TRF-08515,18,15,36,30,37,15,none
TRF-08516,11,15,22,30,63,270,none
TRF-08517,27,29,54,58,293,25,none
TRF-08518,27,40,54,80,249,131,none
TRF-08519,40,8,80,16,26,49,none
TRF-08520,3,18,6,36,0,282,none
TRF-08521,16,15,32,30,239,285,none
TRF-08522,1,5,2,10,279,228,none
TRF-08523,30,39,60,78,177,113,none
TRF-08524,18,9,36,18,68,166,none
TRF-08525,14,39,28,78,66,68,none
TRF-08526,23,31,46,62,244,230,none
TRF-08527,29,29,58,58,129,185,none
TRF-08528,21,3,42,6,84,54,none
TRF-08529,33,33,66,66,176,95,none
TRF-08530,18,33,36,66,158,221,EW
TRF-08531,14,24,28,48,97,271,none
TRF-08532,25,34,50,68,250,277,none
TRF-08533,19,11,38,22,8,146,none
TRF-08534,40,37,80,74,286,126,none
TRF-08535,32,38,64,76,159,228,none
TRF-08536,3,24,6,48,295,125,none
TRF-08537,11,33,22,66,174,123,none
TRF-08538,40,3,80,6,76,162,none
TRF-08539,5,26,10,52,242,148,none
TRF-08540,28,28,56,56,268,34,none
TRF-08541,36,33,72,66,222,110,none
TRF-08542,5,14,10,28,293,166,none
TRF-08543,18,40,36,80,167,299,none
TRF-08544,4,7,8,14,286,171,none
TRF-08545,11,14,22,28,170,26,none
TRF-08546,17,29,34,58,109,253,none
TRF-08547,27,8,54,16,205,100,none
TRF-08548,37,24,74,48,180,149,none
TRF-08549,36,39,72,78,252,237,none
TRF-08550,30,35,60,70,78,69,none
TRF-08551,35,7,70,14,11,15,none
TRF-08552,16,11,32,22,258,208,none
TRF-08553,38,3,76,6,202,93,none
TRF-08554,20,31,40,62,165,300,none
TRF-08555,16,37,32,74,21,289,none
TRF-08556,28,6,56,12,7,261,none
TRF-08557,16,40,32,80,180,263,none
TRF-08558,11,17,22,34,80,89,none
TRF-08559,18,37,36,74,201,216,none
TRF-08560,8,39,16,78,152,264,none
TRF-08561,2,22,4,44,58,233,none
TRF-08562,29,9,58,18,169,32,none
TRF-08563,13,16,26,32,105,120,none
TRF-08564,27,29,54,58,191,229,none
TRF-08565,31,28,62,56,108,128,NS
TRF-08566,8,24,16,48,171,272,none
TRF-08567,20,3,40,6,105,35,none
TRF-08568,37,28,74,56,47,131,none
TRF-08569,30,4,60,8,93,261,none
TRF-08570,26,5,52,10,295,18,none
TRF-08571,16,25,32,50,201,211,none
TRF-08572,31,17,62,34,242,77,none
TRF-08573,5,29,10,58,61,87,none
TRF-08574,14,23,28,46,199,216,none
TRF-08575,15,3,30,6,111,78,none
TRF-08576,12,24,24,48,293,190,none
TRF-08577,23,20,46,40,272,228,none
TRF-08578,24,31,48,62,105,163,none
TRF-08579,30,35,60,70,47,28,none
TRF-08580,11,33,22,66,114,152,none
TRF-08581,24,17,48,34,212,36,none
TRF-08582,24,5,48,10,133,104,none
TRF-08583,15,6,30,12,293,202,none
TRF-08584,28,21,56,42,201,152,none
TRF-08585,37,2,74,4,298,163,none
TRF-08586,38,21,76,42,201,205,none
TRF-08587,1,3,2,6,201,102,none
TRF-08588,7,3,14,6,183,39,none
TRF-08589,3,28,6,56,261,236,none
TRF-08590,3,19,6,38,256,55,none
TRF-08591,23,12,46,24,243,126,none
TRF-08592,23,10,46,20,247,83,none
TRF-08593,38,20,76,40,297,278,none
TRF-08594,29,30,58,60,31,171,none
TRF-08595,33,37,66,74,299,18,none
TRF-08596,11,37,22,74,196,49,none
TRF-08597,35,11,70,22,244,4,none
TRF-08598,8,36,16,72,126,111,none
TRF-08599,6,13,12,26,65,200,none
TRF-08600,12,30,24,60,134,215,none
TRF-08601,4,15,8,30,222,279,none
TRF-08602,18,4,36,8,184,255,none
TRF-08603,8,38,16,76,34,269,none
TRF-08604,40,23,80,46,32,180,none
TRF-08605,5,30,10,60,223,186,none
TRF-08606,38,10,76,20,79,112,none
TRF-08607,23,8,46,16,279,165,none
TRF-08608,1,27,2,54,99,2,none
TRF-08609,9,9,18,18,280,90,none
TRF-08610,14,15,28,30,182,73,none
TRF-08611,28,33,56,66,254,53,none
TRF-08612,12,22,24,44,209,153,none
TRF-08613,10,26,20,52,269,158,none
TRF-08614,31,17,62,34,211,141,none
TRF-08615,20,2,40,4,232,77,none
TRF-08616,15,6,30,12,5,62,EW
TRF-08617,22,3,44,6,269,279,none
TRF-08618,34,30,68,60,161,206,none
TRF-08619,22,1,44,2,173,277,none
TRF-08620,0,20,0,40,271,5,none
TRF-08621,35,35,70,70,215,249,none
TRF-08622,16,16,32,32,255,222,none
TRF-08623,13,28,26,56,272,280,EW
TRF-08624,24,12,48,24,196,151,none
TRF-08625,21,15,42,30,112,119,none
TRF-08626,28,28,56,56,141,293,none
TRF-08627,14,12,28,24,245,295,none
TRF-08628,9,9,18,18,220,87,none
TRF-08629,39,4,78,8,176,0,none
TRF-08630,31,18,62,36,105,281,none
TRF-08631,31,15,62,30,147,160,none
TRF-08632,10,7,20,14,148,4,none
TRF-08633,40,0,80,0,129,242,none
TRF-08634,26,1,52,2,244,288,none
TRF-08635,38,4,76,8,138,181,NS
TRF-08636,31,28,62,56,120,209,none
TRF-08637,36,34,72,68,162,297,none
TRF-08638,35,5,70,10,224,152,none
TRF-08639,14,24,28,48,223,186,none
TRF-08640,28,33,56,66,269,179,none
TRF-08641,19,32,38,64,177,185,none
TRF-08642,15,7,30,14,274,129,EW
TRF-08643,16,38,32,76,199,33,NS
TRF-08644,15,36,30,72,163,92,none
TRF-08645,16,30,32,60,244,247,none
TRF-08646,28,40,56,80,80,40,none
TRF-08647,32,17,64,34,263,233,none
TRF-08648,24,4,48,8,41,280,none
TRF-08649,33,30,66,60,170,191,none
TRF-08650,34,14,68,28,64,95,none
TRF-08651,2,40,4,80,14,30,none
TRF-08652,0,20,0,40,146,179,none
TRF-08653,28,14,56,28,194,164,none
TRF-08654,18,2,36,4,165,290,none
TRF-08655,14,17,28,34,155,94,none
TRF-08656,8,30,16,60,52,68,none
TRF-08657,14,15,28,30,28,208,none
TRF-08658,12,23,24,46,99,188,none
TRF-08659,30,20,60,40,299,277,none
TRF-08660,25,10,50,20,257,95,none
TRF-08661,7,38,14,76,206,0,none
TRF-08662,35,31,70,62,166,240,none
TRF-08663,35,9,70,18,243,97,none
TRF-08664,27,15,54,30,24,240,none
TRF-08665,37,32,74,64,126,223,none
TRF-08666,26,1,52,2,291,255,none
TRF-08667,31,32,62,64,166,171,EW
TRF-08668,3,18,6,36,142,186,none
TRF-08669,28,8,56,16,204,80,NS
TRF-08670,1,5,2,10,8,226,none
TRF-08671,11,9,22,18,207,182,none
TRF-08672,33,10,66,20,176,148,none
TRF-08673,1,21,2,42,155,40,none
TRF-08674,27,31,54,62,61,34,none
TRF-08675,20,13,40,26,299,282,none
TRF-08676,28,10,56,20,142,161,none
TRF-08677,37,35,74,70,235,17,EW
TRF-08678,32,19,64,38,3,253,none
TRF-08679,20,12,40,24,281,1,none
TRF-08680,25,21,50,42,244,72,none
TRF-08681,13,39,26,78,189,17,none
TRF-08682,1,22,2,44,42,97,none
TRF-08683,26,38,52,76,212,229,none
TRF-08684,8,34,16,68,54,162,none
TRF-08685,15,35,30,70,230,14,none
TRF-08686,11,30,22,60,266,170,none
TRF-08687,36,35,72,70,79,57,none
TRF-08688,36,10,72,20,158,43,none
TRF-08689,6,30,12,60,123,1,none
TRF-08690,27,12,54,24,289,18,none
TRF-08691,33,23,66,46,271,110,none
TRF-08692,35,16,70,32,256,104,EW
TRF-08693,27,33,54,66,63,216,none
TRF-08694,12,34,24,68,202,217,none
TRF-08695,26,2,52,4,204,243,none
TRF-08696,22,36,44,72,182,229,none
TRF-08697,20,18,40,36,51,1,none
TRF-08698,40,28,80,56,246,66,none
TRF-08699,0,18,0,36,20,91,none
TRF-08700,34,39,68,78,257,280,none
TRF-08701,40,34,80,68,163,166,none
TRF-08702,9,13,18,26,175,248,none
TRF-08703,23,30,46,60,76,23,none
TRF-08704,9,18,18,36,58,8,none
TRF-08705,5,23,10,46,30,239,none
TRF-08706,19,37,38,74,125,59,none
TRF-08707,0,33,0,66,60,219,none
TRF-08708,7,5,14,10,175,187,none
TRF-08709,27,5,54,10,118,145,none
TRF-08710,17,28,34,56,182,23,none
TRF-08711,19,21,38,42,282,154,none
TRF-08712,35,37,70,74,70,66,none
TRF-08713,1,25,2,50,292,19,NS
TRF-08714,24,19,48,38,157,123,none
TRF-08715,22,32,44,64,20,115,none
TRF-08716,25,13,50,26,287,111,none
TRF-08717,31,8,62,16,84,155,none
TRF-08718,32,6,64,12,248,19,none
TRF-08719,14,15,28,30,178,33,none
TRF-08720,18,11,36,22,133,139,none
TRF-08721,39,40,78,80,208,205,none
TRF-08722,38,2,76,4,20,17,none
TRF-08723,13,37,26,74,280,9,none
TRF-08724,35,34,70,68,213,253,none
TRF-08725,20,6,40,12,154,5,none
TRF-08726,24,7,48,14,224,26,none
TRF-08727,32,28,64,56,107,37,none
TRF-08728,0,37,0,74,256,59,none
TRF-08729,26,34,52,68,287,52,none
TRF-08730,1,14,2,28,279,150,none
TRF-08731,6,11,12,22,281,49,none
TRF-08732,6,24,12,48,129,166,none
TRF-08733,26,24,52,48,78,189,none
TRF-08734,7,9,14,18,178,112,none
TRF-08735,8,28,16,56,206,256,none
TRF-08736,11,10,22,20,299,181,NS
TRF-08737,40,37,80,74,158,250,none
TRF-08738,2,35,4,70,30,288,none
TRF-08739,39,28,78,56,61,238,NS
TRF-08740,14,5,28,10,172,253,none
TRF-08741,27,2,54,4,142,88,none
TRF-08742,5,16,10,32,129,229,none
TRF-08743,26,21,52,42,18,135,none
TRF-08744,6,23,12,46,94,220,none
TRF-08745,22,32,44,64,73,212,none
TRF-08746,18,23,36,46,131,44,none
TRF-08747,36,7,72,14,112,237,none
TRF-08748,16,38,32,76,259,248,none
TRF-08749,8,1,16,2,96,280,none
TRF-08750,28,15,56,30,200,166,none
TRF-08751,19,11,38,22,243,213,none
TRF-08752,31,18,62,36,61,159,none
TRF-08753,17,0,34,0,87,222,none
TRF-08754,12,22,24,44,97,144,none
TRF-08755,22,21,44,42,197,44,none
TRF-08756,9,27,18,54,78,45,none
TRF-08757,16,7,32,14,184,176,none
TRF-08758,0,36,0,72,180,139,NS
TRF-08759,40,23,80,46,72,246,none
TRF-08760,23,25,46,50,277,257,none
TRF-08761,32,17,64,34,269,88,none
TRF-08762,28,10,56,20,241,36,none
TRF-08763,12,13,24,26,157,16,none
TRF-08764,11,39,22,78,108,250,none
TRF-08765,6,15,12,30,77,208,none
TRF-08766,28,15,56,30,124,79,none
TRF-08767,8,28,16,56,228,219,none
TRF-08768,27,39,54,78,171,259,none
TRF-08769,7,37,14,74,149,197,none
TRF-08770,28,40,56,80,234,150,none
TRF-08771,9,36,18,72,148,137,none
TRF-08772,12,4,24,8,103,213,none
TRF-08773,40,31,80,62,80,206,none
TRF-08774,16,38,32,76,2,169,none
TRF-08775,27,28,54,56,256,107,none
TRF-08776,2,12,4,24,38,203,none
TRF-08777,13,6,26,12,247,230,none
TRF-08778,21,15,42,30,154,21,NS
TRF-08779,35,34,70,68,113,96,none
TRF-08780,20,6,40,12,262,8,none
TRF-08781,25,17,50,34,276,5,none
TRF-08782,27,8,54,16,275,29,none
TRF-08783,38,14,76,28,256,270,none
TRF-08784,39,23,78,46,99,36,none
TRF-08785,17,15,34,30,288,247,none
TRF-08786,6,23,12,46,248,125,none
TRF-08787,5,20,10,40,296,43,none
TRF-08788,24,27,48,54,6,256,none
TRF-08789,11,15,22,30,194,180,none
TRF-08790,25,2,50,4,72,210,NS
TRF-08791,11,9,22,18,159,253,none
TRF-08792,38,8,76,16,74,172,none
TRF-08793,35,9,70,18,218,50,NS
TRF-08794,15,21,30,42,22,212,none
TRF-08795,3,33,6,66,148,16,none
TRF-08796,30,39,60,78,297,254,NS
TRF-08797,1,25,2,50,69,268,none
TRF-08798,36,39,72,78,244,181,none
TRF-08799,27,33,54,66,202,214,NS
TRF-08800,3,34,6,68,109,214,none
TRF-08801,25,35,50,70,83,58,none
TRF-08802,28,14,56,28,241,100,none
TRF-08803,29,5,58,10,143,101,none
TRF-08804,12,39,24,78,5,79,none
TRF-08805,3,21,6,42,200,90,none
TRF-08806,2,30,4,60,3,90,EW
TRF-08807,18,31,36,62,146,262,none
TRF-08808,28,39,56,78,267,273,none
TRF-08809,39,10,78,20,32,118,none
TRF-08810,14,34,28,68,60,169,NS
TRF-08811,9,38,18,76,106,88,none
TRF-08812,29,11,58,22,167,131,none
TRF-08813,18,37,36,74,127,281,none
TRF-08814,18,31,36,62,188,149,none
TRF-08815,5,32,10,64,274,205,none
TRF-08816,23,38,46,76,137,232,none
TRF-08817,3,30,6,60,293,88,none
TRF-08818,17,27,34,54,110,204,none
TRF-08819,38,33,76,66,123,244,none
TRF-08820,23,40,46,80,187,8,none
TRF-08821,21,34,42,68,124,276,none
TRF-08822,2,0,4,0,255,237,EW
TRF-08823,39,37,78,74,27,96,none
TRF-08824,9,6,18,12,39,116,none
TRF-08825,37,32,74,64,1,144,none
TRF-08826,15,7,30,14,191,215,none
TRF-08827,16,1,32,2,59,24,none
TRF-08828,25,1,50,2,46,102,EW
TRF-08829,13,20,26,40,95,3,none
TRF-08830,27,10,54,20,89,196,none
TRF-08831,36,13,72,26,39,198,none
TRF-08832,8,24,16,48,204,116,none
TRF-08833,24,6,48,12,149,26,NS
TRF-08834,9,12,18,24,53,3,none
TRF-08835,5,28,10,56,61,298,none
TRF-08836,29,16,58,32,23,171,none
TRF-08837,38,40,76,80,293,185,none
TRF-08838,4,38,8,76,5,2,none
TRF-08839,21,26,42,52,225,119,none
TRF-08840,10,26,20,52,115,186,none
TRF-08841,5,30,10,60,221,122,none
TRF-08842,16,7,32,14,122,14,none
TRF-08843,11,33,22,66,192,245,EW
TRF-08844,3,25,6,50,212,167,none
TRF-08845,1,10,2,20,150,297,none
TRF-08846,12,23,24,46,228,225,none
TRF-08847,5,19,10,38,296,22,none
TRF-08848,5,31,10,62,172,98,none
TRF-08849,31,39,62,78,252,178,none
TRF-08850,7,20,14,40,269,237,NS
TRF-08851,33,39,66,78,268,59,none
TRF-08852,35,15,70,30,50,244,EW
TRF-08853,20,7,40,14,47,34,none
TRF-08854,16,7,32,14,80,149,none
TRF-08855,32,19,64,38,186,156,EW
TRF-08856,28,13,56,26,38,104,none
TRF-08857,30,16,60,32,47,293,none
TRF-08858,0,26,0,52,205,164,none
TRF-08859,20,3,40,6,277,180,none
TRF-08860,0,12,0,24,130,3,none
TRF-08861,5,31,10,62,206,45,none
TRF-08862,24,6,48,12,105,18,none
TRF-08863,8,28,16,56,109,272,none
TRF-08864,5,33,10,66,44,232,none
TRF-08865,15,20,30,40,240,300,none
TRF-08866,27,16,54,32,6,15,none
TRF-08867,4,20,8,40,148,66,none
TRF-08868,3,28,6,56,283,76,none
TRF-08869,4,7,8,14,215,143,none
TRF-08870,11,19,22,38,35,62,none
TRF-08871,30,20,60,40,149,202,NS
TRF-08872,9,17,18,34,270,74,none
TRF-08873,3,27,6,54,150,64,none
TRF-08874,5,27,10,54,261,133,none
TRF-08875,14,33,28,66,178,50,none
TRF-08876,21,39,42,78,76,121,none
TRF-08877,27,25,54,50,163,75,none
TRF-08878,31,18,62,36,217,131,none
TRF-08879,14,6,28,12,221,138,none
TRF-08880,20,0,40,0,220,17,none
TRF-08881,18,6,36,12,49,109,none
TRF-08882,6,14,12,28,148,217,none
TRF-08883,15,40,30,80,53,6,NS
TRF-08884,34,38,68,76,23,247,none
TRF-08885,36,20,72,40,231,192,none
TRF-08886,35,33,70,66,116,7,none
TRF-08887,20,40,40,80,142,145,none
TRF-08888,31,15,62,30,121,136,none
TRF-08889,23,38,46,76,240,127,none
TRF-08890,38,30,76,60,17,48,none
TRF-08891,32,23,64,46,79,185,none
TRF-08892,4,30,8,60,163,24,none
TRF-08893,0,36,0,72,109,242,none
TRF-08894,7,33,14,66,167,203,none
TRF-08895,28,17,56,34,9,183,none
TRF-08896,1,20,2,40,181,16,none
TRF-08897,30,36,60,72,78,257,none
TRF-08898,17,28,34,56,78,199,none
TRF-08899,3,25,6,50,105,88,none
TRF-08900,27,40,54,80,48,46,none
TRF-08901,17,2,34,4,195,90,none
TRF-08902,32,39,64,78,13,261,EW
TRF-08903,3,25,6,50,257,103,none
TRF-08904,7,9,14,18,60,235,NS
TRF-08905,21,38,42,76,71,283,none
TRF-08906,10,13,20,26,123,41,none
TRF-08907,24,31,48,62,255,70,none
TRF-08908,13,33,26,66,176,219,none
TRF-08909,11,29,22,58,59,133,none
TRF-08910,17,11,34,22,254,253,none
TRF-08911,12,20,24,40,251,119,none
TRF-08912,16,11,32,22,51,158,none
TRF-08913,0,38,0,76,129,94,none
TRF-08914,38,15,76,30,246,133,none
TRF-08915,32,29,64,58,33,147,none
TRF-08916,3,21,6,42,290,69,none
TRF-08917,21,14,42,28,1,294,none
TRF-08918,35,31,70,62,253,114,none
TRF-08919,11,31,22,62,107,235,none
TRF-08920,29,9,58,18,113,266,none
TRF-08921,6,27,12,54,36,65,none
TRF-08922,5,15,10,30,164,53,none
TRF-08923,40,4,80,8,122,106,none
TRF-08924,1,30,2,60,168,96,none
TRF-08925,2,11,4,22,133,207,EW
TRF-08926,17,33,34,66,147,53,none
TRF-08927,8,8,16,16,92,116,none
TRF-08928,2,35,4,70,247,127,none
TRF-08929,20,30,40,60,30,294,none
TRF-08930,37,6,74,12,127,245,none
TRF-08931,33,22,66,44,287,225,EW
TRF-08932,13,30,26,60,86,63,none
TRF-08933,7,27,14,54,283,95,none
TRF-08934,3,33,6,66,3,107,none
TRF-08935,23,6,46,12,118,38,NS
TRF-08936,34,19,68,38,138,278,none
TRF-08937,15,34,30,68,1,101,none
TRF-08938,17,28,34,56,118,278,none
TRF-08939,14,13,28,26,228,31,none
TRF-08940,36,17,72,34,202,86,none
TRF-08941,23,20,46,40,157,15,none
TRF-08942,31,0,62,0,7,164,NS
TRF-08943,22,20,44,40,259,265,none
TRF-08944,13,16,26,32,282,51,none
TRF-08945,32,1,64,2,284,91,none
TRF-08946,14,33,28,66,164,29,none
TRF-08947,8,34,16,68,143,251,none
TRF-08948,35,10,70,20,174,263,none
TRF-08949,22,14,44,28,237,35,EW
TRF-08950,27,18,54,36,51,164,none
TRF-08951,15,13,30,26,17,228,none
TRF-08952,24,26,48,52,213,252,none
TRF-08953,25,13,50,26,119,46,none
TRF-08954,4,27,8,54,47,53,EW
TRF-08955,37,21,74,42,172,112,none
TRF-08956,15,31,30,62,105,58,none
TRF-08957,16,3,32,6,117,249,none
TRF-08958,4,29,8,58,4,110,none
TRF-08959,40,13,80,26,14,212,none
TRF-08960,34,37,68,74,70,26,none
TRF-08961,18,23,36,46,264,66,none
TRF-08962,9,6,18,12,200,93,none
TRF-08963,28,19,56,38,65,152,none
TRF-08964,17,30,34,60,124,75,none
TRF-08965,20,3,40,6,217,168,none
TRF-08966,36,38,72,76,12,171,none
TRF-08967,14,24,28,48,225,61,none
TRF-08968,28,10,56,20,17,176,none
TRF-08969,38,1,76,2,119,160,none
TRF-08970,20,0,40,0,275,50,none
TRF-08971,26,34,52,68,134,142,none
TRF-08972,20,28,40,56,275,40,none
TRF-08973,28,16,56,32,150,94,none
TRF-08974,20,16,40,32,28,185,NS
TRF-08975,23,20,46,40,214,247,none
TRF-08976,17,0,34,0,288,89,none
TRF-08977,25,31,50,62,161,124,none
TRF-08978,1,4,2,8,114,131,none
TRF-08979,5,19,10,38,17,178,none
TRF-08980,34,3,68,6,198,245,none
TRF-08981,4,16,8,32,139,221,none
TRF-08982,33,16,66,32,2,25,none
TRF-08983,18,2,36,4,11,149,none
TRF-08984,16,22,32,44,128,236,none
TRF-08985,13,18,26,36,274,225,none
TRF-08986,23,26,46,52,9,144,EW
TRF-08987,35,37,70,74,72,144,none
TRF-08988,8,20,16,40,227,216,none
TRF-08989,12,33,24,66,20,240,none
TRF-08990,5,5,10,10,259,57,none
TRF-08991,6,24,12,48,180,90,none
TRF-08992,23,3,46,6,285,60,none
TRF-08993,21,38,42,76,11,157,none
TRF-08994,21,1,42,2,224,36,none
TRF-08995,16,4,32,8,221,140,none
TRF-08996,30,24,60,48,96,51,none
TRF-08997,14,10,28,20,126,62,none
TRF-08998,25,30,50,60,29,83,none
TRF-08999,24,6,48,12,211,261,none
TRF-09000,18,17,36,34,194,214,none
TRF-09001,32,38,64,76,92,128,none
TRF-09002,5,34,10,68,116,94,none
TRF-09003,4,5,8,10,123,227,none
TRF-09004,17,17,34,34,252,80,none
TRF-09005,29,20,58,40,294,47,none
TRF-09006,17,19,34,38,271,294,EW
TRF-09007,1,0,2,0,294,158,none
TRF-09008,34,16,68,32,207,120,none
TRF-09009,37,9,74,18,148,286,none
TRF-09010,32,31,64,62,286,9,none
TRF-09011,30,15,60,30,244,203,none
TRF-09012,30,26,60,52,130,292,none
TRF-09013,13,28,26,56,271,23,none
TRF-09014,17,9,34,18,179,57,none
TRF-09015,34,29,68,58,62,216,none
TRF-09016,34,36,68,72,228,156,none
TRF-09017,29,27,58,54,217,204,none
TRF-09018,39,5,78,10,61,97,none
TRF-09019,10,24,20,48,129,64,none
TRF-09020,39,13,78,26,57,229,none
TRF-09021,37,31,74,62,7,271,none
TRF-09022,26,28,52,56,163,294,none
TRF-09023,40,23,80,46,223,108,none
TRF-09024,37,26,74,52,248,23,none
TRF-09025,17,28,34,56,244,246,NS
TRF-09026,7,17,14,34,17,181,none
TRF-09027,29,3,58,6,69,186,EW
TRF-09028,1,5,2,10,184,188,EW
TRF-09029,16,39,32,78,144,18,none
TRF-09030,39,39,78,78,275,164,none
TRF-09031,20,8,40,16,189,199,EW
TRF-09032,13,31,26,62,132,136,NS
TRF-09033,35,17,70,34,182,172,none
TRF-09034,30,24,60,48,209,107,none
TRF-09035,21,17,42,34,94,1,none
TRF-09036,21,1,42,2,289,174,EW
TRF-09037,0,28,0,56,82,240,NS
TRF-09038,30,8,60,16,270,73,none
TRF-09039,36,20,72,40,259,284,none
TRF-09040,35,37,70,74,139,80,none
TRF-09041,27,25,54,50,11,120,none
TRF-09042,27,39,54,78,276,15,none
TRF-09043,11,29,22,58,222,156,none
TRF-09044,11,38,22,76,146,100,none
TRF-09045,2,3,4,6,246,203,none
TRF-09046,27,22,54,44,114,244,none
TRF-09047,29,33,58,66,131,71,none
TRF-09048,6,26,12,52,147,288,EW
TRF-09049,37,7,74,14,199,98,NS
TRF-09050,27,37,54,74,170,11,none
TRF-09051,30,11,60,22,175,90,none
TRF-09052,6,24,12,48,37,178,none
TRF-09053,30,33,60,66,31,245,none
TRF-09054,9,13,18,26,27,244,none
TRF-09055,1,33,2,66,32,100,none
TRF-09056,19,37,38,74,9,72,none
TRF-09057,30,19,60,38,118,91,none
TRF-09058,27,36,54,72,89,142,none
TRF-09059,6,35,12,70,1,46,none
TRF-09060,36,40,72,80,180,60,none
TRF-09061,11,36,22,72,153,215,NS
TRF-09062,2,15,4,30,34,54,none
TRF-09063,35,29,70,58,48,134,none
TRF-09064,22,37,44,74,178,49,EW
TRF-09065,9,1,18,2,96,118,none
TRF-09066,3,23,6,46,197,221,none
TRF-09067,37,16,74,32,78,111,none
TRF-09068,18,12,36,24,285,106,none
TRF-09069,22,18,44,36,81,271,none
TRF-09070,24,15,48,30,242,245,none
TRF-09071,40,35,80,70,166,27,none
TRF-09072,0,11,0,22,229,243,none
TRF-09073,5,29,10,58,294,104,none
TRF-09074,25,10,50,20,183,23,NS
TRF-09075,21,22,42,44,101,80,none
TRF-09076,39,38,78,76,74,142,none
TRF-09077,40,19,80,38,261,125,none
TRF-09078,9,25,18,50,285,236,none
TRF-09079,31,37,62,74,123,261,none
TRF-09080,33,36,66,72,137,40,none
TRF-09081,33,27,66,54,226,84,none
TRF-09082,30,16,60,32,254,275,none
TRF-09083,39,5,78,10,26,150,none
TRF-09084,24,10,48,20,193,195,none
TRF-09085,18,6,36,12,162,248,none
TRF-09086,32,3,64,6,72,9,none
TRF-09087,16,4,32,8,4,235,none
TRF-09088,36,4,72,8,68,143,none
TRF-09089,15,29,30,58,28,92,none
TRF-09090,28,33,56,66,51,149,none
TRF-09091,14,22,28,44,162,15,none
TRF-09092,13,23,26,46,107,32,none
TRF-09093,1,7,2,14,165,261,none
TRF-09094,25,28,50,56,115,46,none
TRF-09095,30,3,60,6,23,33,EW
TRF-09096,29,17,58,34,290,97,none
TRF-09097,28,23,56,46,212,14,none
TRF-09098,14,0,28,0,94,53,none
TRF-09099,28,13,56,26,232,109,none
TRF-09100,38,30,76,60,22,42,none
TRF-09101,0,6,0,12,148,289,none
TRF-09102,10,4,20,8,282,80,NS
TRF-09103,10,16,20,32,7,0,none
TRF-09104,13,33,26,66,195,171,none
TRF-09105,37,27,74,54,206,27,none
TRF-09106,20,5,40,10,138,127,none
TRF-09107,2,17,4,34,241,42,none
TRF-09108,35,1,70,2,16,155,none
TRF-09109,5,20,10,40,124,35,none
TRF-09110,36,20,72,40,208,29,none
TRF-09111,9,30,18,60,207,97,none
TRF-09112,17,31,34,62,248,223,none
TRF-09113,20,16,40,32,257,170,none
TRF-09114,20,30,40,60,179,4,none
TRF-09115,10,11,20,22,158,205,none
TRF-09116,3,24,6,48,134,256,none
TRF-09117,7,31,14,62,172,132,none
TRF-09118,33,10,66,20,255,255,none
TRF-09119,7,19,14,38,287,285,none
TRF-09120,6,24,12,48,28,188,EW
TRF-09121,1,4,2,8,290,255,none
TRF-09122,21,22,42,44,250,21,none
TRF-09123,25,31,50,62,280,195,none
TRF-09124,20,2,40,4,134,138,none
TRF-09125,5,19,10,38,142,70,none
TRF-09126,16,9,32,18,207,252,none
TRF-09127,1,33,2,66,275,31,none
TRF-09128,2,4,4,8,168,63,none
TRF-09129,32,26,64,52,90,210,none
TRF-09130,39,28,78,56,22,150,none
TRF-09131,4,26,8,52,288,258,none
TRF-09132,9,0,18,0,227,195,none
TRF-09133,5,28,10,56,5,22,none
TRF-09134,4,16,8,32,112,218,none
TRF-09135,30,9,60,18,115,239,none
TRF-09136,6,3,12,6,160,128,none
TRF-09137,29,5,58,10,165,19,none
TRF-09138,31,27,62,54,7,41,none
TRF-09139,29,22,58,44,56,274,none
TRF-09140,0,28,0,56,242,283,none
TRF-09141,32,18,64,36,188,185,none
TRF-09142,6,33,12,66,219,247,none
TRF-09143,2,27,4,54,219,249,none
TRF-09144,5,38,10,76,81,90,none
TRF-09145,14,19,28,38,300,60,none
TRF-09146,0,40,0,80,77,56,none
TRF-09147,28,11,56,22,186,248,none
TRF-09148,12,27,24,54,237,143,none
TRF-09149,3,33,6,66,295,52,none
TRF-09150,2,22,4,44,299,137,none
TRF-09151,29,40,58,80,200,273,EW
TRF-09152,34,1,68,2,46,90,none
TRF-09153,10,21,20,42,207,66,none
TRF-09154,13,26,26,52,49,7,none
TRF-09155,34,2,68,4,76,183,none
TRF-09156,2,4,4,8,206,86,none
TRF-09157,25,15,50,30,234,31,none
TRF-09158,23,21,46,42,180,54,none
TRF-09159,25,28,50,56,193,39,none
TRF-09160,26,9,52,18,293,207,none
TRF-09161,22,34,44,68,203,98,none
TRF-09162,3,8,6,16,184,124,EW
TRF-09163,24,32,48,64,249,96,NS
TRF-09164,3,39,6,78,75,91,none
TRF-09165,17,23,34,46,23,281,EW
TRF-09166,1,24,2,48,137,9,none
TRF-09167,35,29,70,58,104,286,none
TRF-09168,6,34,12,68,102,147,none
TRF-09169,3,3,6,6,2,223,none
TRF-09170,34,18,68,36,263,147,EW
TRF-09171,15,36,30,72,118,13,none
TRF-09172,17,27,34,54,31,115,none
TRF-09173,20,26,40,52,0,273,none
TRF-09174,40,31,80,62,19,196,none
TRF-09175,15,30,30,60,190,2,none
TRF-09176,29,39,58,78,26,161,none
TRF-09177,15,3,30,6,134,240,none
TRF-09178,31,33,62,66,295,12,none
TRF-09179,29,27,58,54,134,188,none
TRF-09180,12,0,24,0,24,164,NS
TRF-09181,3,7,6,14,279,167,NS
TRF-09182,21,19,42,38,246,107,NS
TRF-09183,32,0,64,0,277,144,none
TRF-09184,19,1,38,2,195,81,none
TRF-09185,32,20,64,40,1,227,none
TRF-09186,20,14,40,28,94,6,none
TRF-09187,8,34,16,68,184,37,none
TRF-09188,23,3,46,6,59,96,none
TRF-09189,16,29,32,58,41,47,none
TRF-09190,35,32,70,64,242,176,none
TRF-09191,23,7,46,14,106,61,none
TRF-09192,40,17,80,34,44,262,none
TRF-09193,5,18,10,36,52,65,none
TRF-09194,0,31,0,62,132,21,EW
TRF-09195,23,4,46,8,169,219,none
TRF-09196,13,13,26,26,78,242,none
TRF-09197,39,9,78,18,195,287,none
TRF-09198,37,16,74,32,229,115,none
TRF-09199,39,12,78,24,21,290,NS
TRF-09200,23,11,46,22,104,24,none
TRF-09201,3,23,6,46,211,101,none
TRF-09202,2,28,4,56,41,76,none
TRF-09203,7,13,14,26,244,105,none
TRF-09204,19,39,38,78,44,70,none
TRF-09205,34,4,68,8,290,113,none
TRF-09206,24,37,48,74,147,97,none
TRF-09207,13,27,26,54,179,99,none
TRF-09208,19,20,38,40,143,190,EW
TRF-09209,35,7,70,14,188,16,none
TRF-09210,37,20,74,40,55,150,none
TRF-09211,14,6,28,12,273,229,none
TRF-09212,37,30,74,60,210,116,none
TRF-09213,2,8,4,16,101,4,none
TRF-09214,13,15,26,30,113,265,none
TRF-09215,15,6,30,12,291,197,none
TRF-09216,9,20,18,40,13,78,none
TRF-09217,16,0,32,0,12,158,none
TRF-09218,34,27,68,54,194,219,none
TRF-09219,29,2,58,4,255,78,none
TRF-09220,10,29,20,58,161,244,none
TRF-09221,38,26,76,52,218,103,none
TRF-09222,1,22,2,44,105,248,none
TRF-09223,3,35,6,70,269,75,none
TRF-09224,2,36,4,72,235,15,none
TRF-09225,37,34,74,68,86,150,none
TRF-09226,3,40,6,80,238,185,none
TRF-09227,25,8,50,16,53,1,none
TRF-09228,40,26,80,52,96,206,none
TRF-09229,11,32,22,64,34,216,none
TRF-09230,36,24,72,48,5,7,none
TRF-09231,25,32,50,64,268,32,none
TRF-09232,10,31,20,62,24,159,none
TRF-09233,10,23,20,46,87,278,none
TRF-09234,24,20,48,40,257,11,none
TRF-09235,4,28,8,56,68,80,none
TRF-09236,6,39,12,78,233,226,none
TRF-09237,7,2,14,4,285,31,none
TRF-09238,16,35,32,70,2,279,NS
TRF-09239,22,16,44,32,131,271,EW
TRF-09240,35,36,70,72,22,139,none
TRF-09241,34,15,68,30,98,130,none
TRF-09242,20,34,40,68,193,234,NS
TRF-09243,40,8,80,16,198,30,none
TRF-09244,13,4,26,8,258,15,none
TRF-09245,27,26,54,52,152,28,none
TRF-09246,40,38,80,76,295,243,none
TRF-09247,19,14,38,28,12,271,none
TRF-09248,35,0,70,0,108,227,none
TRF-09249,21,15,42,30,224,54,none
TRF-09250,33,33,66,66,254,11,none
TRF-09251,5,21,10,42,163,249,none
TRF-09252,40,6,80,12,120,225,none
TRF-09253,4,18,8,36,85,61,none
TRF-09254,21,24,42,48,70,138,none
TRF-09255,38,17,76,34,129,126,none
TRF-09256,7,31,14,62,278,81,none
TRF-09257,2,22,4,44,244,209,none
TRF-09258,2,33,4,66,158,7,NS
TRF-09259,28,33,56,66,140,205,none
TRF-09260,0,7,0,14,170,226,none
TRF-09261,26,24,52,48,71,59,none
TRF-09262,31,32,62,64,162,218,none
TRF-09263,8,20,16,40,175,153,none
TRF-09264,21,35,42,70,216,205,none
TRF-09265,39,11,78,22,293,28,EW
TRF-09266,10,8,20,16,215,241,none
TRF-09267,2,27,4,54,12,50,none
TRF-09268,16,6,32,12,116,264,none
TRF-09269,14,35,28,70,208,275,none
TRF-09270,15,39,30,78,69,103,none
TRF-09271,38,33,76,66,199,70,none
TRF-09272,16,27,32,54,256,215,none
TRF-09273,26,27,52,54,44,30,none
TRF-09274,25,23,50,46,254,137,none
TRF-09275,3,35,6,70,159,102,none
TRF-09276,5,19,10,38,296,82,none
TRF-09277,30,14,60,28,187,2,none
TRF-09278,2,3,4,6,39,76,none
TRF-09279,26,18,52,36,199,18,none
TRF-09280,27,4,54,8,145,18,none
TRF-09281,5,0,10,0,24,54,none
TRF-09282,22,37,44,74,165,158,none
TRF-09283,19,15,38,30,19,27,none
TRF-09284,33,17,66,34,204,66,none
TRF-09285,31,19,62,38,80,2,NS
TRF-09286,20,11,40,22,66,174,none
TRF-09287,35,36,70,72,259,234,none
TRF-09288,12,3,24,6,255,101,none
TRF-09289,26,25,52,50,191,204,none
TRF-09290,6,2,12,4,229,30,none
TRF-09291,25,4,50,8,60,253,none
TRF-09292,16,0,32,0,75,183,none
TRF-09293,1,26,2,52,138,90,none
TRF-09294,29,26,58,52,131,125,none
TRF-09295,36,19,72,38,211,173,none
TRF-09296,27,22,54,44,31,163,EW
TRF-09297,18,31,36,62,251,134,none
TRF-09298,26,0,52,0,80,260,none
TRF-09299,36,22,72,44,98,281,none
TRF-09300,31,21,62,42,183,287,none
TRF-09301,20,36,40,72,95,30,none
TRF-09302,4,22,8,44,165,83,EW
TRF-09303,33,10,66,20,116,25,none
TRF-09304,6,25,12,50,140,118,none
TRF-09305,15,40,30,80,68,253,none
TRF-09306,17,18,34,36,147,116,none
TRF-09307,9,37,18,74,158,176,none
TRF-09308,33,27,66,54,255,144,none
TRF-09309,3,18,6,36,241,232,none
TRF-09310,40,40,80,80,201,140,NS
TRF-09311,30,9,60,18,261,108,none
TRF-09312,18,6,36,12,288,5,none
TRF-09313,40,4,80,8,11,16,none
TRF-09314,28,35,56,70,149,149,EW
TRF-09315,39,32,78,64,84,296,none
TRF-09316,4,24,8,48,132,67,none
TRF-09317,32,8,64,16,216,182,none
TRF-09318,38,30,76,60,25,92,none
TRF-09319,37,4,74,8,0,175,none
TRF-09320,30,36,60,72,293,290,none
TRF-09321,33,16,66,32,117,135,none
TRF-09322,22,24,44,48,179,59,none
TRF-09323,14,18,28,36,104,135,none
TRF-09324,29,1,58,2,263,10,none
TRF-09325,13,4,26,8,122,168,none
TRF-09326,18,15,36,30,165,230,none
TRF-09327,17,20,34,40,10,241,none
TRF-09328,7,9,14,18,267,83,none
TRF-09329,6,4,12,8,93,201,none
TRF-09330,9,6,18,12,261,40,none
TRF-09331,16,31,32,62,283,258,none
TRF-09332,29,40,58,80,233,26,none
TRF-09333,23,1,46,2,227,12,none
TRF-09334,1,40,2,80,205,66,none
TRF-09335,13,11,26,22,227,207,none
TRF-09336,16,12,32,24,66,218,none
TRF-09337,9,0,18,0,253,268,none
TRF-09338,31,2,62,4,246,262,none
TRF-09339,15,28,30,56,264,255,none
TRF-09340,21,10,42,20,97,222,none
TRF-09341,12,24,24,48,289,55,none
TRF-09342,19,23,38,46,141,137,none
TRF-09343,37,34,74,68,114,259,NS
TRF-09344,28,36,56,72,78,269,none
TRF-09345,9,38,18,76,9,51,none
TRF-09346,22,6,44,12,161,295,none
TRF-09347,30,18,60,36,228,278,none
TRF-09348,31,6,62,12,184,169,none
TRF-09349,12,13,24,26,36,228,none
TRF-09350,14,4,28,8,109,152,none
TRF-09351,21,24,42,48,32,216,none
TRF-09352,29,24,58,48,184,25,none
TRF-09353,1,1,2,2,22,87,none
TRF-09354,27,19,54,38,288,182,none
TRF-09355,33,29,66,58,28,2,none
TRF-09356,40,8,80,16,166,116,none
TRF-09357,3,26,6,52,98,48,none
TRF-09358,0,21,0,42,110,253,none
TRF-09359,24,38,48,76,106,87,none
TRF-09360,29,40,58,80,294,85,none
TRF-09361,31,18,62,36,197,95,none
TRF-09362,32,39,64,78,243,162,none
TRF-09363,4,22,8,44,83,133,none
TRF-09364,13,34,26,68,251,68,none
TRF-09365,1,28,2,56,166,228,none
TRF-09366,6,19,12,38,153,128,none
TRF-09367,17,7,34,14,289,192,none
TRF-09368,20,36,40,72,196,90,none
TRF-09369,12,35,24,70,142,3,EW
TRF-09370,9,31,18,62,228,38,none
TRF-09371,28,14,56,28,211,270,none
TRF-09372,28,3,56,6,164,56,none
TRF-09373,9,22,18,44,45,60,none
TRF-09374,12,5,24,10,272,222,none
TRF-09375,1,30,2,60,181,296,none
TRF-09376,17,23,34,46,212,219,EW
TRF-09377,4,39,8,78,208,206,none
TRF-09378,24,0,48,0,47,170,none
TRF-09379,17,15,34,30,139,0,none
TRF-09380,0,11,0,22,200,190,none
TRF-09381,24,19,48,38,236,189,none
TRF-09382,25,23,50,46,234,98,none
TRF-09383,37,30,74,60,245,154,none
TRF-09384,3,21,6,42,1,221,none
TRF-09385,39,1,78,2,77,123,none
TRF-09386,39,19,78,38,218,95,none
TRF-09387,31,40,62,80,11,214,none
TRF-09388,24,21,48,42,112,236,none
TRF-09389,0,20,0,40,104,151,none
TRF-09390,38,0,76,0,251,270,none
TRF-09391,26,9,52,18,296,103,none
TRF-09392,36,24,72,48,57,180,none
TRF-09393,30,7,60,14,25,221,none
TRF-09394,25,38,50,76,27,112,none
TRF-09395,29,3,58,6,169,295,none
TRF-09396,7,7,14,14,235,293,none
TRF-09397,30,28,60,56,220,103,none
TRF-09398,36,18,72,36,211,226,none
TRF-09399,39,24,78,48,24,281,none
TRF-09400,39,26,78,52,35,76,none
TRF-09401,32,14,64,28,9,262,none
TRF-09402,31,34,62,68,264,159,none
TRF-09403,28,36,56,72,276,260,NS
TRF-09404,9,16,18,32,110,233,none
TRF-09405,25,33,50,66,200,275,none
TRF-09406,11,28,22,56,129,257,none
TRF-09407,14,0,28,0,18,291,none
TRF-09408,4,20,8,40,131,249,none
TRF-09409,37,22,74,44,8,59,none
TRF-09410,12,13,24,26,196,231,none
TRF-09411,5,4,10,8,167,195,none
TRF-09412,33,4,66,8,141,9,none
TRF-09413,34,11,68,22,150,207,none
TRF-09414,38,7,76,14,122,230,none
TRF-09415,20,3,40,6,290,142,none
TRF-09416,10,13,20,26,54,191,NS
TRF-09417,26,40,52,80,120,240,EW
TRF-09418,5,14,10,28,60,32,none
TRF-09419,32,4,64,8,123,195,none
TRF-09420,1,1,2,2,141,225,none
TRF-09421,19,27,38,54,156,144,none
TRF-09422,3,22,6,44,279,33,none
TRF-09423,38,14,76,28,130,79,none
TRF-09424,36,5,72,10,37,82,none
TRF-09425,34,38,68,76,27,10,none
TRF-09426,27,3,54,6,216,267,none
TRF-09427,18,19,36,38,41,219,none
TRF-09428,27,24,54,48,49,52,none
TRF-09429,29,9,58,18,142,83,EW
TRF-09430,26,30,52,60,25,285,EW
TRF-09431,21,33,42,66,176,283,none
TRF-09432,0,16,0,32,245,248,none
TRF-09433,37,20,74,40,247,90,none
TRF-09434,0,2,0,4,118,30,none
TRF-09435,23,4,46,8,266,211,none
TRF-09436,22,37,44,74,285,222,none
TRF-09437,9,19,18,38,155,239,none
TRF-09438,6,39,12,78,138,177,none
TRF-09439,13,11,26,22,185,38,none
TRF-09440,2,5,4,10,5,69,none
TRF-09441,25,14,50,28,108,134,NS
TRF-09442,8,9,16,18,226,248,none
TRF-09443,30,3,60,6,272,167,none
TRF-09444,10,27,20,54,259,88,none
TRF-09445,23,23,46,46,135,101,none
TRF-09446,16,34,32,68,93,46,none
TRF-09447,40,0,80,0,60,61,none
TRF-09448,21,30,42,60,207,141,none
TRF-09449,23,6,46,12,107,279,none
TRF-09450,23,23,46,46,127,80,NS
TRF-09451,13,30,26,60,185,7,none
TRF-09452,13,39,26,78,253,124,none
TRF-09453,20,10,40,20,163,76,none
TRF-09454,14,9,28,18,142,120,none
TRF-09455,9,6,18,12,104,291,none
TRF-09456,30,36,60,72,221,166,NS
TRF-09457,10,35,20,70,3,251,none
TRF-09458,14,23,28,46,9,6,none
TRF-09459,16,20,32,40,166,267,none
TRF-09460,19,33,38,66,87,149,none
TRF-09461,34,10,68,20,265,194,none
TRF-09462,22,33,44,66,225,92,none
TRF-09463,28,1,56,2,219,80,none
TRF-09464,23,32,46,64,237,111,none
TRF-09465,33,3,66,6,188,180,none
TRF-09466,8,26,16,52,73,103,NS
TRF-09467,5,26,10,52,235,191,none
TRF-09468,4,5,8,10,189,101,none
TRF-09469,40,28,80,56,12,110,none
TRF-09470,6,18,12,36,227,244,NS
TRF-09471,24,34,48,68,260,215,none
TRF-09472,31,5,62,10,121,225,EW
TRF-09473,37,34,74,68,241,4,none
TRF-09474,21,15,42,30,259,94,none
TRF-09475,37,35,74,70,38,90,none
TRF-09476,14,39,28,78,199,169,none
TRF-09477,23,12,46,24,249,199,none
TRF-09478,18,21,36,42,58,81,none
TRF-09479,24,9,48,18,86,78,none
TRF-09480,13,17,26,34,208,131,none
TRF-09481,8,37,16,74,289,197,none
TRF-09482,33,3,66,6,229,38,none
TRF-09483,24,2,48,4,221,291,none
TRF-09484,12,38,24,76,134,174,none
TRF-09485,24,33,48,66,102,265,none
TRF-09486,39,9,78,18,36,195,none
TRF-09487,37,33,74,66,193,7,none
TRF-09488,11,31,22,62,259,191,none
TRF-09489,6,3,12,6,125,215,none
TRF-09490,40,0,80,0,184,192,none
TRF-09491,26,11,52,22,161,17,none
TRF-09492,24,39,48,78,153,37,none
TRF-09493,20,10,40,20,280,270,none
TRF-09494,37,0,74,0,280,263,none
TRF-09495,33,24,66,48,15,268,none
TRF-09496,0,29,0,58,50,144,none
TRF-09497,11,13,22,26,204,13,none
TRF-09498,26,32,52,64,15,259,none
TRF-09499,35,32,70,64,146,133,none
TRF-09500,17,13,34,26,249,68,none
TRF-09501,12,11,24,22,220,253,EW
TRF-09502,26,13,52,26,286,114,none
TRF-09503,4,37,8,74,38,258,none
TRF-09504,19,14,38,28,262,152,none
TRF-09505,2,37,4,74,240,291,EW
TRF-09506,21,24,42,48,262,133,none
TRF-09507,35,7,70,14,284,16,none
TRF-09508,33,30,66,60,142,236,none
TRF-09509,5,14,10,28,53,62,none
TRF-09510,24,22,48,44,225,158,none
TRF-09511,13,3,26,6,67,108,none
TRF-09512,4,31,8,62,270,58,none
TRF-09513,1,19,2,38,90,125,none
TRF-09514,31,20,62,40,269,278,none
TRF-09515,5,34,10,68,162,85,none
TRF-09516,13,1,26,2,133,59,none
TRF-09517,8,29,16,58,85,202,none
TRF-09518,36,6,72,12,4,294,none
TRF-09519,6,2,12,4,9,35,none
TRF-09520,11,20,22,40,32,115,none
TRF-09521,40,10,80,20,79,99,none
TRF-09522,1,4,2,8,110,229,EW
TRF-09523,11,1,22,2,289,286,none
TRF-09524,5,38,10,76,159,2,none
TRF-09525,17,24,34,48,198,42,none
TRF-09526,15,25,30,50,18,238,none
TRF-09527,31,10,62,20,18,144,none
TRF-09528,36,35,72,70,3,222,none
TRF-09529,13,22,26,44,117,123,EW
TRF-09530,23,1,46,2,57,205,none
TRF-09531,26,8,52,16,166,34,none
TRF-09532,36,17,72,34,193,61,none
TRF-09533,2,23,4,46,38,173,none
TRF-09534,14,8,28,16,15,202,none
TRF-09535,3,37,6,74,76,150,EW
TRF-09536,30,19,60,38,47,103,none
TRF-09537,40,26,80,52,212,172,none
TRF-09538,36,3,72,6,113,196,none
TRF-09539,33,23,66,46,246,142,none
TRF-09540,38,6,76,12,163,258,none
TRF-09541,0,1,0,2,282,152,none
TRF-09542,9,24,18,48,249,184,none
TRF-09543,19,27,38,54,265,123,none
TRF-09544,17,25,34,50,185,2,EW
TRF-09545,1,14,2,28,295,130,none
TRF-09546,23,23,46,46,261,148,none
TRF-09547,18,10,36,20,30,50,none
TRF-09548,38,1,76,2,71,109,none
TRF-09549,6,24,12,48,178,53,none
TRF-09550,35,38,70,76,3,207,none
TRF-09551,38,7,76,14,249,178,none
TRF-09552,21,7,42,14,296,82,none
TRF-09553,29,30,58,60,181,10,none
TRF-09554,6,25,12,50,81,74,none
TRF-09555,32,40,64,80,145,100,none
TRF-09556,27,22,54,44,217,275,none
TRF-09557,40,35,80,70,255,84,none
TRF-09558,0,16,0,32,284,248,none
TRF-09559,1,14,2,28,196,173,none
TRF-09560,31,24,62,48,151,45,none
TRF-09561,9,30,18,60,58,298,NS
TRF-09562,18,21,36,42,111,32,none
TRF-09563,23,37,46,74,188,181,none
TRF-09564,35,3,70,6,25,74,none
TRF-09565,1,27,2,54,298,179,none
TRF-09566,12,20,24,40,217,130,none
TRF-09567,28,8,56,16,130,104,none
TRF-09568,5,2,10,4,12,289,none
TRF-09569,10,16,20,32,165,29,none
TRF-09570,7,16,14,32,220,152,none
TRF-09571,9,12,18,24,214,3,none
TRF-09572,7,31,14,62,30,219,none
TRF-09573,11,23,22,46,86,171,none
TRF-09574,12,5,24,10,96,130,none
TRF-09575,28,26,56,52,95,95,none
TRF-09576,36,22,72,44,153,35,none
TRF-09577,17,2,34,4,49,198,none
TRF-09578,28,39,56,78,18,179,none
TRF-09579,17,35,34,70,84,283,none
TRF-09580,12,39,24,78,104,108,none
TRF-09581,39,25,78,50,52,13,none
TRF-09582,34,10,68,20,299,216,none
TRF-09583,22,27,44,54,55,69,none
TRF-09584,24,18,48,36,197,142,none
TRF-09585,30,24,60,48,132,237,none
TRF-09586,22,24,44,48,86,169,none
TRF-09587,35,16,70,32,180,29,none
TRF-09588,4,19,8,38,126,293,none
TRF-09589,9,22,18,44,239,7,none
TRF-09590,37,10,74,20,263,221,none
TRF-09591,9,33,18,66,176,171,none
TRF-09592,6,16,12,32,122,270,none
TRF-09593,9,20,18,40,170,72,none
TRF-09594,11,34,22,68,209,172,none
TRF-09595,7,34,14,68,62,288,none
TRF-09596,33,2,66,4,178,95,none
TRF-09597,13,38,26,76,21,173,none
TRF-09598,27,31,54,62,112,7,none
TRF-09599,34,14,68,28,27,116,none
TRF-09600,33,18,66,36,9,53,none
TRF-09601,40,30,80,60,237,205,none
TRF-09602,4,37,8,74,62,8,none
TRF-09603,31,6,62,12,296,234,none
TRF-09604,22,31,44,62,150,156,none
TRF-09605,17,1,34,2,223,59,none
TRF-09606,15,32,30,64,232,222,none
TRF-09607,35,19,70,38,125,59,none
TRF-09608,40,20,80,40,190,211,none
TRF-09609,38,20,76,40,236,83,none
TRF-09610,11,26,22,52,116,84,none
TRF-09611,13,10,26,20,135,116,none
TRF-09612,2,12,4,24,40,292,none
TRF-09613,2,20,4,40,209,207,none
TRF-09614,6,16,12,32,32,119,none
TRF-09615,1,28,2,56,203,265,none
TRF-09616,14,9,28,18,295,259,none
TRF-09617,35,5,70,10,220,17,NS
TRF-09618,40,5,80,10,298,52,none
TRF-09619,0,10,0,20,137,95,none
TRF-09620,27,15,54,30,226,128,none
TRF-09621,13,29,26,58,127,273,none
TRF-09622,13,4,26,8,269,134,none
TRF-09623,4,12,8,24,176,246,none
TRF-09624,27,35,54,70,73,211,none
TRF-09625,6,18,12,36,236,195,NS
TRF-09626,10,1,20,2,227,104,none
TRF-09627,34,30,68,60,117,176,none
TRF-09628,17,20,34,40,178,213,none
TRF-09629,28,12,56,24,32,50,none
TRF-09630,32,34,64,68,167,90,none
TRF-09631,14,30,28,60,9,7,none
TRF-09632,33,38,66,76,137,114,none
TRF-09633,2,7,4,14,152,280,none
TRF-09634,30,32,60,64,53,207,none
TRF-09635,27,0,54,0,265,271,EW
TRF-09636,16,4,32,8,260,19,none
TRF-09637,8,18,16,36,145,205,none
TRF-09638,11,35,22,70,269,87,none
TRF-09639,29,13,58,26,134,193,none
TRF-09640,34,29,68,58,111,222,none
TRF-09641,5,16,10,32,288,99,none
TRF-09642,33,5,66,10,97,231,NS
TRF-09643,9,37,18,74,103,266,none
TRF-09644,0,19,0,38,173,3,none
TRF-09645,0,33,0,66,117,141,none
TRF-09646,5,25,10,50,146,250,none
TRF-09647,37,11,74,22,244,101,none
TRF-09648,26,35,52,70,49,104,none
TRF-09649,30,8,60,16,82,249,none
TRF-09650,35,6,70,12,285,38,none
TRF-09651,13,37,26,74,94,186,none
TRF-09652,34,15,68,30,17,89,none
TRF-09653,25,31,50,62,32,208,none
TRF-09654,15,15,30,30,257,159,none
TRF-09655,30,33,60,66,232,206,none
TRF-09656,32,31,64,62,158,7,none
TRF-09657,26,16,52,32,271,260,none
TRF-09658,21,1,42,2,127,300,none
TRF-09659,30,34,60,68,38,88,none
TRF-09660,15,28,30,56,113,276,none
TRF-09661,40,36,80,72,114,29,none
TRF-09662,9,11,18,22,229,264,none
TRF-09663,27,36,54,72,178,127,none
TRF-09664,15,26,30,52,264,76,none
TRF-09665,11,2,22,4,224,85,none
TRF-09666,32,26,64,52,50,43,none
TRF-09667,10,14,20,28,26,199,none
TRF-09668,1,4,2,8,294,143,none
TRF-09669,2,5,4,10,141,39,none
TRF-09670,35,0,70,0,130,150,none
TRF-09671,10,2,20,4,287,103,none
TRF-09672,8,18,16,36,280,228,none
TRF-09673,21,25,42,50,95,109,none
TRF-09674,34,35,68,70,217,35,none
TRF-09675,14,8,28,16,231,235,EW
TRF-09676,1,26,2,52,96,169,none
TRF-09677,15,26,30,52,285,291,none
TRF-09678,3,27,6,54,184,242,none
TRF-09679,26,37,52,74,280,128,none
TRF-09680,26,25,52,50,124,126,none
TRF-09681,23,26,46,52,43,259,none
TRF-09682,14,21,28,42,246,231,none
TRF-09683,31,33,62,66,185,288,none
TRF-09684,39,17,78,34,173,258,none
TRF-09685,4,34,8,68,262,98,none
TRF-09686,19,34,38,68,289,85,none
TRF-09687,39,24,78,48,19,144,none
TRF-09688,17,20,34,40,2,93,none
TRF-09689,24,31,48,62,31,79,none
TRF-09690,30,33,60,66,88,170,none
TRF-09691,37,35,74,70,279,36,NS
TRF-09692,6,0,12,0,119,224,none
TRF-09693,13,10,26,20,149,1,none
TRF-09694,32,1,64,2,155,109,none
TRF-09695,5,40,10,80,80,223,none
TRF-09696,35,0,70,0,262,192,none
TRF-09697,7,0,14,0,268,211,none
TRF-09698,6,39,12,78,236,1,none
TRF-09699,32,13,64,26,105,40,none
TRF-09700,39,19,78,38,16,85,none
TRF-09701,23,37,46,74,148,92,none
TRF-09702,2,4,4,8,206,191,none
TRF-09703,23,20,46,40,243,154,none
TRF-09704,13,40,26,80,76,284,none
TRF-09705,0,31,0,62,1,174,none
TRF-09706,21,20,42,40,245,107,none
TRF-09707,40,18,80,36,59,26,none
TRF-09708,0,1,0,2,220,194,none
TRF-09709,26,4,52,8,175,99,EW
TRF-09710,28,24,56,48,207,10,none
TRF-09711,10,18,20,36,149,191,none
TRF-09712,29,37,58,74,46,261,none
TRF-09713,13,14,26,28,198,231,none
TRF-09714,21,23,42,46,134,201,none
TRF-09715,24,35,48,70,97,137,none
TRF-09716,11,26,22,52,10,190,none
TRF-09717,33,34,66,68,80,158,none
TRF-09718,37,27,74,54,204,193,none
TRF-09719,34,7,68,14,263,238,none
TRF-09720,33,35,66,70,18,147,none
TRF-09721,40,1,80,2,98,214,EW
TRF-09722,19,33,38,66,227,133,none
TRF-09723,8,24,16,48,61,288,none
TRF-09724,28,39,56,78,28,84,none
TRF-09725,38,13,76,26,11,149,none
TRF-09726,4,10,8,20,43,101,none
TRF-09727,20,21,40,42,225,15,NS
TRF-09728,30,11,60,22,175,205,none
TRF-09729,35,31,70,62,67,127,none
TRF-09730,13,26,26,52,178,228,none
TRF-09731,12,28,24,56,37,189,none
TRF-09732,3,18,6,36,50,120,none
TRF-09733,29,30,58,60,194,249,none
TRF-09734,37,12,74,24,65,67,none
TRF-09735,38,24,76,48,245,111,none
TRF-09736,37,26,74,52,241,160,none
TRF-09737,28,37,56,74,60,67,none
TRF-09738,38,19,76,38,171,135,none
TRF-09739,10,34,20,68,142,152,none
TRF-09740,33,8,66,16,193,228,none
TRF-09741,17,7,34,14,120,198,none
TRF-09742,17,34,34,68,266,218,none
TRF-09743,38,37,76,74,200,4,none
TRF-09744,30,33,60,66,217,118,none
TRF-09745,5,19,10,38,62,276,none
TRF-09746,20,37,40,74,19,146,none
TRF-09747,18,18,36,36,133,238,none
TRF-09748,29,3,58,6,231,70,none
TRF-09749,17,21,34,42,77,245,none
TRF-09750,4,3,8,6,171,129,none
TRF-09751,10,35,20,70,243,141,NS
TRF-09752,29,20,58,40,46,125,none
TRF-09753,16,24,32,48,3,122,none
TRF-09754,10,35,20,70,15,116,none
TRF-09755,33,38,66,76,58,9,none
TRF-09756,23,34,46,68,253,245,none
TRF-09757,30,22,60,44,15,54,none
TRF-09758,39,13,78,26,88,165,none
TRF-09759,28,39,56,78,244,155,none
TRF-09760,25,15,50,30,47,245,none
TRF-09761,4,33,8,66,206,92,none
TRF-09762,28,33,56,66,210,35,none
TRF-09763,14,14,28,28,287,200,none
TRF-09764,34,7,68,14,123,5,NS
TRF-09765,9,26,18,52,66,155,none
TRF-09766,39,33,78,66,215,155,none
TRF-09767,16,25,32,50,203,187,none
TRF-09768,17,36,34,72,249,231,none
TRF-09769,20,14,40,28,201,152,none
TRF-09770,15,16,30,32,288,172,none
TRF-09771,8,6,16,12,238,194,none
TRF-09772,34,2,68,4,39,90,none
TRF-09773,39,15,78,30,130,259,none
TRF-09774,0,1,0,2,83,9,none
TRF-09775,24,20,48,40,13,147,none
TRF-09776,25,33,50,66,218,214,none
TRF-09777,2,5,4,10,86,111,none
TRF-09778,20,8,40,16,153,7,NS
TRF-09779,7,20,14,40,233,167,none
TRF-09780,17,9,34,18,236,216,none
TRF-09781,5,11,10,22,245,229,none
TRF-09782,36,12,72,24,123,115,none
TRF-09783,21,27,42,54,159,79,none
TRF-09784,35,17,70,34,131,164,none
TRF-09785,24,5,48,10,212,89,none
TRF-09786,23,3,46,6,212,144,none
TRF-09787,13,4,26,8,273,157,none
TRF-09788,31,15,62,30,92,208,none
TRF-09789,8,13,16,26,130,219,none
TRF-09790,23,18,46,36,219,32,none
TRF-09791,3,14,6,28,277,143,none
TRF-09792,26,29,52,58,88,223,none
TRF-09793,3,4,6,8,262,88,none
TRF-09794,32,38,64,76,58,153,none
TRF-09795,21,13,42,26,173,134,none
TRF-09796,21,40,42,80,220,64,none
TRF-09797,34,27,68,54,1,254,none
TRF-09798,32,5,64,10,127,259,none
TRF-09799,29,21,58,42,37,125,none
TRF-09800,16,2,32,4,237,139,none
TRF-09801,32,20,64,40,9,191,none
TRF-09802,34,8,68,16,133,26,none
TRF-09803,20,17,40,34,213,179,none
TRF-09804,3,25,6,50,11,220,none
TRF-09805,39,22,78,44,232,111,none
TRF-09806,9,21,18,42,122,0,none
TRF-09807,20,34,40,68,139,193,none
TRF-09808,38,16,76,32,138,65,none
TRF-09809,20,16,40,32,8,31,none
TRF-09810,10,13,20,26,55,294,none
TRF-09811,3,30,6,60,286,254,none
TRF-09812,21,12,42,24,297,13,none
TRF-09813,15,17,30,34,107,95,none
TRF-09814,10,24,20,48,72,12,none
TRF-09815,23,23,46,46,177,195,none
TRF-09816,32,19,64,38,254,190,none
TRF-09817,22,28,44,56,279,112,none
TRF-09818,14,38,28,76,124,297,none
TRF-09819,13,4,26,8,15,296,none
TRF-09820,5,34,10,68,258,260,none
TRF-09821,28,35,56,70,225,271,NS
TRF-09822,33,0,66,0,289,174,none
TRF-09823,32,15,64,30,228,265,none
TRF-09824,4,35,8,70,287,221,none
TRF-09825,40,37,80,74,267,149,none
TRF-09826,40,1,80,2,230,149,none
TRF-09827,26,10,52,20,163,193,none
TRF-09828,0,13,0,26,80,229,none
TRF-09829,34,40,68,80,259,228,none
TRF-09830,28,21,56,42,27,296,none
TRF-09831,2,8,4,16,17,248,none
TRF-09832,8,2,16,4,129,204,none
TRF-09833,37,3,74,6,236,147,none
TRF-09834,1,40,2,80,204,132,NS
TRF-09835,16,30,32,60,253,97,none
TRF-09836,2,9,4,18,152,130,none
TRF-09837,17,0,34,0,244,120,none
TRF-09838,36,30,72,60,41,277,none
TRF-09839,0,7,0,14,34,92,none
TRF-09840,12,25,24,50,250,92,none
TRF-09841,4,25,8,50,129,64,none
TRF-09842,5,40,10,80,200,212,none
TRF-09843,17,30,34,60,33,14,none
TRF-09844,36,14,72,28,177,93,none
TRF-09845,26,23,52,46,69,12,none
TRF-09846,6,12,12,24,5,2,none
TRF-09847,24,5,48,10,268,113,none
TRF-09848,21,10,42,20,291,23,none
TRF-09849,31,18,62,36,35,196,none
TRF-09850,17,13,34,26,19,281,none
TRF-09851,18,9,36,18,284,120,none
TRF-09852,31,8,62,16,108,66,none
TRF-09853,19,24,38,48,129,143,none
TRF-09854,2,24,4,48,24,201,none
TRF-09855,29,15,58,30,251,232,none
TRF-09856,39,10,78,20,37,130,none
TRF-09857,7,2,14,4,30,235,none
TRF-09858,38,1,76,2,257,131,none
TRF-09859,34,2,68,4,53,48,none
TRF-09860,22,25,44,50,138,238,none
TRF-09861,27,21,54,42,276,189,none
TRF-09862,23,28,46,56,10,115,none
TRF-09863,14,25,28,50,236,163,none
TRF-09864,17,31,34,62,42,10,none
TRF-09865,39,39,78,78,298,111,none
TRF-09866,30,33,60,66,144,276,none
TRF-09867,25,20,50,40,83,111,none
TRF-09868,34,0,68,0,147,161,none
TRF-09869,12,16,24,32,108,12,none
TRF-09870,34,11,68,22,13,237,none
TRF-09871,0,1,0,2,78,201,EW
TRF-09872,29,22,58,44,172,134,none
TRF-09873,12,39,24,78,222,148,none
TRF-09874,5,27,10,54,107,270,none
TRF-09875,5,6,10,12,241,72,none
TRF-09876,40,12,80,24,26,98,none
TRF-09877,22,32,44,64,83,45,none
TRF-09878,11,24,22,48,115,127,none
TRF-09879,34,3,68,6,132,283,NS
TRF-09880,40,40,80,80,6,274,none
TRF-09881,32,27,64,54,40,54,none
TRF-09882,23,32,46,64,10,154,none
TRF-09883,14,3,28,6,203,163,none
TRF-09884,29,30,58,60,64,47,none
TRF-09885,28,6,56,12,207,264,none
TRF-09886,36,33,72,66,48,232,EW
TRF-09887,27,14,54,28,188,65,none
TRF-09888,9,26,18,52,247,103,none
TRF-09889,28,7,56,14,37,6,none
TRF-09890,0,25,0,50,273,210,none
TRF-09891,27,17,54,34,214,157,none
TRF-09892,30,15,60,30,179,159,none
TRF-09893,36,21,72,42,98,238,none
TRF-09894,11,21,22,42,88,162,none
TRF-09895,24,34,48,68,298,291,none
TRF-09896,31,30,62,60,113,293,none
TRF-09897,24,40,48,80,197,17,none
TRF-09898,10,15,20,30,245,15,none
TRF-09899,1,39,2,78,180,31,none
TRF-09900,4,22,8,44,49,194,none
TRF-09901,40,14,80,28,72,114,none
TRF-09902,19,31,38,62,251,77,none
TRF-09903,37,26,74,52,38,46,none
TRF-09904,38,22,76,44,117,117,none
TRF-09905,32,18,64,36,46,201,none
TRF-09906,37,1,74,2,222,94,none
TRF-09907,32,5,64,10,164,209,none
TRF-09908,12,1,24,2,294,273,none
TRF-09909,5,40,10,80,267,110,none
TRF-09910,12,17,24,34,290,104,none
TRF-09911,20,27,40,54,270,31,none
TRF-09912,33,31,66,62,226,127,none
TRF-09913,9,18,18,36,133,48,none
TRF-09914,29,24,58,48,73,48,none
TRF-09915,31,18,62,36,123,10,none
TRF-09916,18,31,36,62,154,66,none
TRF-09917,12,8,24,16,200,270,none
TRF-09918,19,33,38,66,247,12,none
TRF-09919,40,11,80,22,298,171,none
TRF-09920,10,35,20,70,20,284,none
TRF-09921,16,33,32,66,79,193,none
TRF-09922,30,13,60,26,114,52,none
TRF-09923,11,21,22,42,266,49,none
TRF-09924,35,29,70,58,201,206,none
TRF-09925,0,16,0,32,53,226,EW
TRF-09926,16,16,32,32,239,217,none
TRF-09927,11,8,22,16,155,205,none
TRF-09928,25,33,50,66,169,58,none
TRF-09929,11,4,22,8,244,189,none
TRF-09930,6,15,12,30,190,73,none
TRF-09931,19,20,38,40,133,232,none
TRF-09932,40,20,80,40,3,11,none
TRF-09933,28,16,56,32,170,269,EW
TRF-09934,31,26,62,52,214,159,none
TRF-09935,33,19,66,38,58,115,none
TRF-09936,15,7,30,14,91,233,none
TRF-09937,31,34,62,68,120,100,none
TRF-09938,18,34,36,68,90,65,NS
TRF-09939,23,8,46,16,146,277,none
TRF-09940,24,0,48,0,96,186,none
TRF-09941,19,6,38,12,249,217,none
TRF-09942,22,19,44,38,208,54,none
TRF-09943,6,6,12,12,296,55,none
TRF-09944,6,18,12,36,236,113,none
TRF-09945,5,40,10,80,86,295,none
TRF-09946,15,20,30,40,266,128,none
TRF-09947,0,6,0,12,68,234,none
TRF-09948,8,28,16,56,250,53,NS
TRF-09949,24,32,48,64,173,99,none
TRF-09950,38,0,76,0,49,230,none
TRF-09951,31,36,62,72,129,7,NS
TRF-09952,0,12,0,24,14,275,none
TRF-09953,10,10,20,20,289,22,none
TRF-09954,16,6,32,12,199,166,none
TRF-09955,18,2,36,4,79,289,none
TRF-09956,26,16,52,32,164,64,none
TRF-09957,40,20,80,40,284,231,EW
TRF-09958,33,0,66,0,86,121,none
TRF-09959,24,20,48,40,214,91,EW
TRF-09960,2,0,4,0,283,4,none
TRF-09961,34,1,68,2,61,269,none
TRF-09962,32,0,64,0,3,126,none
TRF-09963,21,12,42,24,233,275,none
TRF-09964,25,33,50,66,245,82,none
TRF-09965,40,9,80,18,26,97,none
TRF-09966,4,3,8,6,277,32,none
TRF-09967,27,36,54,72,87,85,none
TRF-09968,37,29,74,58,193,200,none
TRF-09969,23,17,46,34,35,178,none
TRF-09970,4,37,8,74,287,30,none
TRF-09971,8,29,16,58,68,85,none
TRF-09972,38,19,76,38,79,286,none
TRF-09973,21,34,42,68,121,156,none
TRF-09974,24,12,48,24,286,298,none
TRF-09975,40,34,80,68,249,137,none
TRF-09976,22,38,44,76,45,27,none
TRF-09977,14,15,28,30,184,185,none
TRF-09978,32,22,64,44,233,76,none
TRF-09979,14,16,28,32,204,110,none
TRF-09980,38,6,76,12,222,41,none
TRF-09981,1,22,2,44,164,284,none
TRF-09982,13,1,26,2,76,300,none
TRF-09983,17,37,34,74,29,152,none
TRF-09984,29,36,58,72,167,80,none
TRF-09985,11,29,22,58,260,49,none
TRF-09986,16,34,32,68,41,36,none
TRF-09987,39,7,78,14,242,82,none
TRF-09988,21,33,42,66,154,274,none
TRF-09989,17,37,34,74,131,21,none
TRF-09990,36,11,72,22,215,94,none
TRF-09991,33,25,66,50,177,276,none
TRF-09992,31,11,62,22,10,28,none
TRF-09993,1,22,2,44,233,10,none
TRF-09994,31,18,62,36,107,164,none
TRF-09995,9,39,18,78,65,169,none
TRF-09996,23,40,46,80,215,256,none
TRF-09997,35,17,70,34,217,6,none
TRF-09998,21,35,42,70,56,65,none
TRF-09999,24,9,48,18,139,95,none
TRF-10000,18,30,36,60,19,2,none
